DateTime,Load_kW,TimePeriodFlag
1/1/2024 0:00," 1,020.00 ",O
1/1/2024 1:00," 1,078.40 ",O
1/1/2024 2:00, 906.40 ,O
1/1/2024 3:00, 860.80 ,O
1/1/2024 4:00, 996.80 ,N
1/1/2024 5:00, 983.20 ,N
1/1/2024 6:00, 586.40 ,N
1/1/2024 7:00, 104.27 ,N
1/1/2024 8:00, 89.17 ,N
1/1/2024 9:00, 105.23 ,N
1/1/2024 10:00, 89.63 ,P
1/1/2024 11:00, 119.64 ,P
1/1/2024 12:00, 82.89 ,N
1/1/2024 13:00, 87.74 ,N
1/1/2024 14:00, 106.19 ,N
1/1/2024 15:00, 98.85 ,N
1/1/2024 16:00, 88.26 ,N
1/1/2024 17:00, 94.79 ,P
1/1/2024 18:00, 90.40 ,P
1/1/2024 19:00, 96.00 ,P
1/1/2024 20:00, 87.20 ,N
1/1/2024 21:00, 92.00 ,N
1/1/2024 22:00, 88.00 ,O
1/1/2024 23:00, 91.20 ,O
1/2/2024 0:00, 86.40 ,O
1/2/2024 1:00, 93.60 ,O
1/2/2024 2:00, 86.40 ,O
1/2/2024 3:00, 89.60 ,O
1/2/2024 4:00, 83.20 ,N
1/2/2024 5:00, 92.00 ,N
1/2/2024 6:00, 76.80 ,N
1/2/2024 7:00, 84.46 ,N
1/2/2024 8:00, 178.70 ,N
1/2/2024 9:00, 122.02 ,N
1/2/2024 10:00, 151.21 ,P
1/2/2024 11:00, 234.81 ,P
1/2/2024 12:00, 410.83 ,N
1/2/2024 13:00, 797.59 ,N
1/2/2024 14:00," 1,144.17 ",N
1/2/2024 15:00," 1,195.97 ",N
1/2/2024 16:00," 1,539.81 ",N
1/2/2024 17:00," 1,385.46 ",P
1/2/2024 18:00," 1,622.40 ",P
1/2/2024 19:00, 953.60 ,P
1/2/2024 20:00," 1,364.00 ",N
1/2/2024 21:00," 1,566.40 ",N
1/2/2024 22:00," 1,546.40 ",O
1/2/2024 23:00," 1,576.00 ",O
1/3/2024 0:00," 1,492.00 ",O
1/3/2024 1:00," 1,759.20 ",O
1/3/2024 2:00," 1,702.40 ",O
1/3/2024 3:00," 1,202.40 ",O
1/3/2024 4:00," 1,508.80 ",N
1/3/2024 5:00," 1,304.00 ",N
1/3/2024 6:00," 1,408.00 ",N
1/3/2024 7:00," 1,348.87 ",N
1/3/2024 8:00," 1,465.45 ",N
1/3/2024 9:00," 1,762.86 ",N
1/3/2024 10:00," 1,691.06 ",P
1/3/2024 11:00," 1,680.27 ",P
1/3/2024 12:00," 1,623.59 ",N
1/3/2024 13:00," 1,593.08 ",N
1/3/2024 14:00," 1,600.54 ",N
1/3/2024 15:00," 2,071.83 ",N
1/3/2024 16:00," 1,766.78 ",N
1/3/2024 17:00," 1,972.14 ",P
1/3/2024 18:00," 1,702.40 ",P
1/3/2024 19:00," 1,880.80 ",P
1/3/2024 20:00," 1,820.00 ",N
1/3/2024 21:00," 1,544.00 ",N
1/3/2024 22:00," 1,548.00 ",O
1/3/2024 23:00," 1,748.00 ",O
1/4/2024 0:00," 1,668.80 ",O
1/4/2024 1:00," 1,640.00 ",O
1/4/2024 2:00," 1,404.80 ",O
1/4/2024 3:00," 1,329.60 ",O
1/4/2024 4:00," 1,424.00 ",N
1/4/2024 5:00," 1,144.80 ",N
1/4/2024 6:00," 1,503.20 ",N
1/4/2024 7:00," 1,213.66 ",N
1/4/2024 8:00," 1,603.94 ",N
1/4/2024 9:00," 1,563.40 ",N
1/4/2024 10:00," 1,507.16 ",P
1/4/2024 11:00," 1,580.70 ",P
1/4/2024 12:00," 1,729.47 ",N
1/4/2024 13:00," 1,487.80 ",N
1/4/2024 14:00," 1,353.09 ",N
1/4/2024 15:00," 1,713.85 ",N
1/4/2024 16:00," 1,749.96 ",N
1/4/2024 17:00," 1,614.84 ",P
1/4/2024 18:00," 1,603.20 ",P
1/4/2024 19:00," 1,192.00 ",P
1/4/2024 20:00," 1,322.40 ",N
1/4/2024 21:00," 1,403.20 ",N
1/4/2024 22:00," 1,576.80 ",O
1/4/2024 23:00," 1,240.80 ",O
1/5/2024 0:00," 1,476.00 ",O
1/5/2024 1:00," 1,014.40 ",O
1/5/2024 2:00," 1,200.80 ",O
1/5/2024 3:00," 1,056.00 ",O
1/5/2024 4:00," 1,512.80 ",N
1/5/2024 5:00," 1,194.40 ",N
1/5/2024 6:00," 1,352.80 ",N
1/5/2024 7:00," 1,276.50 ",N
1/5/2024 8:00," 1,178.11 ",N
1/5/2024 9:00," 1,381.45 ",N
1/5/2024 10:00," 1,214.49 ",P
1/5/2024 11:00," 1,201.67 ",P
1/5/2024 12:00," 1,248.42 ",N
1/5/2024 13:00," 1,246.65 ",N
1/5/2024 14:00, 987.59 ,N
1/5/2024 15:00, 489.89 ,N
1/5/2024 16:00, 193.99 ,N
1/5/2024 17:00, 170.64 ,P
1/5/2024 18:00, 118.40 ,P
1/5/2024 19:00, 127.20 ,P
1/5/2024 20:00, 100.80 ,N
1/5/2024 21:00, 94.40 ,N
1/5/2024 22:00, 94.40 ,O
1/5/2024 23:00, 99.20 ,O
1/6/2024 0:00, 92.80 ,O
1/6/2024 1:00, 91.20 ,O
1/6/2024 2:00, 85.60 ,O
1/6/2024 3:00, 93.60 ,O
1/6/2024 4:00, 89.60 ,N
1/6/2024 5:00, 93.60 ,N
1/6/2024 6:00, 81.60 ,N
1/6/2024 7:00, 95.06 ,N
1/6/2024 8:00, 615.28 ,N
1/6/2024 9:00," 1,487.86 ",N
1/6/2024 10:00," 1,570.75 ",P
1/6/2024 11:00," 1,374.54 ",P
1/6/2024 12:00," 1,744.34 ",N
1/6/2024 13:00," 1,288.10 ",N
1/6/2024 14:00," 1,540.82 ",N
1/6/2024 15:00," 1,379.00 ",N
1/6/2024 16:00," 1,206.85 ",N
1/6/2024 17:00," 1,353.64 ",P
1/6/2024 18:00," 1,672.01 ",P
1/6/2024 19:00," 1,202.40 ",P
1/6/2024 20:00," 1,490.40 ",N
1/6/2024 21:00, 825.60 ,N
1/6/2024 22:00," 1,327.20 ",O
1/6/2024 23:00," 1,368.80 ",O
1/7/2024 0:00," 1,056.00 ",O
1/7/2024 1:00," 1,168.80 ",O
1/7/2024 2:00," 1,128.00 ",O
1/7/2024 3:00, 982.40 ,O
1/7/2024 4:00, 904.00 ,N
1/7/2024 5:00, 892.80 ,N
1/7/2024 6:00," 1,122.40 ",N
1/7/2024 7:00, 820.69 ,N
1/7/2024 8:00," 1,276.22 ",N
1/7/2024 9:00," 1,102.82 ",N
1/7/2024 10:00," 1,394.16 ",N
1/7/2024 11:00," 1,343.06 ",N
1/7/2024 12:00," 1,117.05 ",N
1/7/2024 13:00," 1,320.72 ",N
1/7/2024 14:00, 965.84 ,N
1/7/2024 15:00," 1,201.12 ",N
1/7/2024 16:00," 1,181.24 ",N
1/7/2024 17:00," 1,081.51 ",N
1/7/2024 18:00," 1,008.00 ",N
1/7/2024 19:00," 1,229.60 ",N
1/7/2024 20:00, 845.60 ,N
1/7/2024 21:00," 1,182.40 ",N
1/7/2024 22:00," 1,105.60 ",O
1/7/2024 23:00, 876.80 ,O
1/8/2024 0:00," 1,152.80 ",O
1/8/2024 1:00," 1,130.40 ",O
1/8/2024 2:00," 1,128.80 ",O
1/8/2024 3:00," 1,064.80 ",O
1/8/2024 4:00," 1,179.20 ",N
1/8/2024 5:00, 769.60 ,N
1/8/2024 6:00," 1,032.80 ",N
1/8/2024 7:00," 1,022.57 ",N
1/8/2024 8:00," 1,349.01 ",N
1/8/2024 9:00," 1,477.91 ",N
1/8/2024 10:00," 1,484.50 ",P
1/8/2024 11:00," 1,349.63 ",P
1/8/2024 12:00," 1,462.07 ",N
1/8/2024 13:00," 1,295.15 ",N
1/8/2024 14:00," 1,332.19 ",N
1/8/2024 15:00," 1,434.59 ",N
1/8/2024 16:00," 1,105.58 ",N
1/8/2024 17:00," 1,217.80 ",P
1/8/2024 18:00," 1,003.21 ",P
1/8/2024 19:00," 1,195.20 ",P
1/8/2024 20:00," 1,054.40 ",N
1/8/2024 21:00," 1,257.60 ",N
1/8/2024 22:00," 1,286.40 ",O
1/8/2024 23:00," 1,148.00 ",O
1/9/2024 0:00," 1,193.60 ",O
1/9/2024 1:00, 937.60 ,O
1/9/2024 2:00," 1,222.40 ",O
1/9/2024 3:00," 1,073.60 ",O
1/9/2024 4:00, 942.40 ,N
1/9/2024 5:00," 1,051.20 ",N
1/9/2024 6:00, 951.20 ,N
1/9/2024 7:00," 1,114.77 ",N
1/9/2024 8:00," 1,167.85 ",N
1/9/2024 9:00," 1,664.17 ",N
1/9/2024 10:00," 1,338.63 ",P
1/9/2024 11:00," 1,317.15 ",P
1/9/2024 12:00," 1,355.42 ",N
1/9/2024 13:00," 1,227.00 ",N
1/9/2024 14:00," 1,258.14 ",N
1/9/2024 15:00," 1,216.59 ",N
1/9/2024 16:00," 1,274.12 ",N
1/9/2024 17:00," 1,113.62 ",P
1/9/2024 18:00," 1,163.20 ",P
1/9/2024 19:00," 1,064.00 ",P
1/9/2024 20:00," 1,449.60 ",N
1/9/2024 21:00," 1,246.40 ",N
1/9/2024 22:00," 1,491.20 ",O
1/9/2024 23:00," 1,336.80 ",O
1/10/2024 0:00," 1,711.20 ",O
1/10/2024 1:00," 1,122.40 ",O
1/10/2024 2:00," 1,392.00 ",O
1/10/2024 3:00," 1,262.40 ",O
1/10/2024 4:00," 1,117.60 ",N
1/10/2024 5:00," 1,514.40 ",N
1/10/2024 6:00," 1,350.40 ",N
1/10/2024 7:00," 1,353.11 ",N
1/10/2024 8:00," 1,445.43 ",N
1/10/2024 9:00," 1,336.75 ",N
1/10/2024 10:00," 1,366.85 ",P
1/10/2024 11:00," 1,423.45 ",P
1/10/2024 12:00," 1,626.91 ",N
1/10/2024 13:00," 1,552.30 ",N
1/10/2024 14:00," 1,372.94 ",N
1/10/2024 15:00," 1,588.33 ",N
1/10/2024 16:00," 1,609.75 ",N
1/10/2024 17:00," 1,634.63 ",P
1/10/2024 18:00," 1,760.00 ",P
1/10/2024 19:00," 1,500.00 ",P
1/10/2024 20:00," 1,500.00 ",N
1/10/2024 21:00," 1,466.40 ",N
1/10/2024 22:00," 1,682.40 ",O
1/10/2024 23:00," 1,397.60 ",O
1/11/2024 0:00," 1,472.80 ",O
1/11/2024 1:00," 1,350.40 ",O
1/11/2024 2:00," 1,287.20 ",O
1/11/2024 3:00," 1,179.20 ",O
1/11/2024 4:00," 1,111.20 ",N
1/11/2024 5:00," 1,189.60 ",N
1/11/2024 6:00," 1,056.00 ",N
1/11/2024 7:00," 1,007.06 ",N
1/11/2024 8:00," 1,526.41 ",N
1/11/2024 9:00," 1,751.45 ",N
1/11/2024 10:00," 1,601.40 ",P
1/11/2024 11:00," 1,468.11 ",P
1/11/2024 12:00," 1,613.97 ",N
1/11/2024 13:00," 1,643.49 ",N
1/11/2024 14:00," 1,670.93 ",N
1/11/2024 15:00," 1,625.60 ",N
1/11/2024 16:00," 1,615.95 ",N
1/11/2024 17:00," 1,849.74 ",P
1/11/2024 18:00," 1,528.01 ",P
1/11/2024 19:00," 1,338.40 ",P
1/11/2024 20:00," 1,358.40 ",N
1/11/2024 21:00," 1,418.40 ",N
1/11/2024 22:00," 1,347.20 ",O
1/11/2024 23:00," 1,475.20 ",O
1/12/2024 0:00," 1,247.20 ",O
1/12/2024 1:00," 1,436.00 ",O
1/12/2024 2:00," 1,268.80 ",O
1/12/2024 3:00," 1,268.80 ",O
1/12/2024 4:00," 1,345.60 ",N
1/12/2024 5:00," 1,118.40 ",N
1/12/2024 6:00," 1,312.80 ",N
1/12/2024 7:00," 1,080.05 ",N
1/12/2024 8:00," 1,017.97 ",N
1/12/2024 9:00," 1,165.13 ",N
1/12/2024 10:00," 1,340.91 ",P
1/12/2024 11:00," 1,421.72 ",P
1/12/2024 12:00," 1,076.72 ",N
1/12/2024 13:00," 1,233.43 ",N
1/12/2024 14:00, 966.19 ,N
1/12/2024 15:00," 1,205.40 ",N
1/12/2024 16:00," 1,237.53 ",N
1/12/2024 17:00, 859.62 ,P
1/12/2024 18:00," 1,175.20 ",P
1/12/2024 19:00," 1,189.60 ",P
1/12/2024 20:00," 1,346.40 ",N
1/12/2024 21:00," 1,161.60 ",N
1/12/2024 22:00," 1,086.40 ",O
1/12/2024 23:00, 136.80 ,O
1/13/2024 0:00, 106.40 ,O
1/13/2024 1:00, 88.00 ,O
1/13/2024 2:00, 92.00 ,O
1/13/2024 3:00, 88.00 ,O
1/13/2024 4:00, 92.00 ,N
1/13/2024 5:00, 84.80 ,N
1/13/2024 6:00, 82.40 ,N
1/13/2024 7:00, 81.36 ,N
1/13/2024 8:00, 804.96 ,N
1/13/2024 9:00, 971.20 ,N
1/13/2024 10:00," 1,378.58 ",P
1/13/2024 11:00," 1,301.87 ",P
1/13/2024 12:00," 1,411.20 ",N
1/13/2024 13:00," 1,430.45 ",N
1/13/2024 14:00," 1,147.68 ",N
1/13/2024 15:00," 1,193.17 ",N
1/13/2024 16:00," 1,254.20 ",N
1/13/2024 17:00," 1,409.78 ",P
1/13/2024 18:00," 1,164.80 ",P
1/13/2024 19:00," 1,167.20 ",P
1/13/2024 20:00," 1,375.20 ",N
1/13/2024 21:00," 1,362.40 ",N
1/13/2024 22:00," 1,214.40 ",O
1/13/2024 23:00, 949.60 ,O
1/14/2024 0:00," 1,832.80 ",O
1/14/2024 1:00," 1,784.80 ",O
1/14/2024 2:00," 1,888.00 ",O
1/14/2024 3:00," 2,028.80 ",O
1/14/2024 4:00," 2,156.80 ",N
1/14/2024 5:00," 2,129.60 ",N
1/14/2024 6:00," 1,976.80 ",N
1/14/2024 7:00," 1,127.55 ",N
1/14/2024 8:00," 1,638.40 ",N
1/14/2024 9:00," 1,940.86 ",N
1/14/2024 10:00," 2,188.55 ",N
1/14/2024 11:00," 2,025.65 ",N
1/14/2024 12:00," 1,943.68 ",N
1/14/2024 13:00," 2,335.27 ",N
1/14/2024 14:00," 2,168.75 ",N
1/14/2024 15:00," 1,973.61 ",N
1/14/2024 16:00," 2,279.80 ",N
1/14/2024 17:00," 1,609.17 ",N
1/14/2024 18:00," 2,156.81 ",N
1/14/2024 19:00," 2,172.80 ",N
1/14/2024 20:00," 2,000.00 ",N
1/14/2024 21:00," 1,667.20 ",N
1/14/2024 22:00," 2,352.00 ",O
1/14/2024 23:00," 2,075.20 ",O
1/15/2024 0:00," 1,518.40 ",O
1/15/2024 1:00," 1,494.40 ",O
1/15/2024 2:00," 1,260.00 ",O
1/15/2024 3:00," 1,234.40 ",O
1/15/2024 4:00," 1,272.00 ",N
1/15/2024 5:00," 1,414.40 ",N
1/15/2024 6:00," 1,373.60 ",N
1/15/2024 7:00, 996.61 ,N
1/15/2024 8:00," 1,176.84 ",N
1/15/2024 9:00," 1,297.88 ",N
1/15/2024 10:00," 1,357.84 ",P
1/15/2024 11:00," 1,435.05 ",P
1/15/2024 12:00," 1,435.03 ",N
1/15/2024 13:00," 1,087.88 ",N
1/15/2024 14:00," 1,211.39 ",N
1/15/2024 15:00," 1,440.60 ",N
1/15/2024 16:00," 1,275.89 ",N
1/15/2024 17:00," 1,244.19 ",P
1/15/2024 18:00, 798.40 ,P
1/15/2024 19:00," 1,210.40 ",P
1/15/2024 20:00," 1,458.40 ",N
1/15/2024 21:00," 1,131.20 ",N
1/15/2024 22:00," 1,050.40 ",O
1/15/2024 23:00, 949.60 ,O
1/16/2024 0:00," 1,194.40 ",O
1/16/2024 1:00," 1,084.80 ",O
1/16/2024 2:00," 1,221.60 ",O
1/16/2024 3:00," 1,077.60 ",O
1/16/2024 4:00," 1,200.80 ",N
1/16/2024 5:00," 1,140.00 ",N
1/16/2024 6:00," 1,037.60 ",N
1/16/2024 7:00, 866.89 ,N
1/16/2024 8:00," 1,066.83 ",N
1/16/2024 9:00," 1,366.06 ",N
1/16/2024 10:00," 1,574.61 ",P
1/16/2024 11:00," 1,515.75 ",P
1/16/2024 12:00," 1,570.04 ",N
1/16/2024 13:00," 1,584.01 ",N
1/16/2024 14:00," 1,443.61 ",N
1/16/2024 15:00," 1,857.16 ",N
1/16/2024 16:00," 2,051.35 ",N
1/16/2024 17:00," 1,864.67 ",P
1/16/2024 18:00," 1,687.20 ",P
1/16/2024 19:00," 1,437.60 ",P
1/16/2024 20:00," 1,798.40 ",N
1/16/2024 21:00," 1,439.20 ",N
1/16/2024 22:00," 1,318.40 ",O
1/16/2024 23:00," 1,333.60 ",O
1/17/2024 0:00," 1,427.20 ",O
1/17/2024 1:00," 1,464.80 ",O
1/17/2024 2:00," 1,109.60 ",O
1/17/2024 3:00," 1,159.20 ",O
1/17/2024 4:00," 1,433.60 ",N
1/17/2024 5:00," 1,189.60 ",N
1/17/2024 6:00," 1,440.00 ",N
1/17/2024 7:00," 1,042.49 ",N
1/17/2024 8:00," 1,260.41 ",N
1/17/2024 9:00," 1,528.29 ",N
1/17/2024 10:00," 1,634.05 ",P
1/17/2024 11:00," 1,747.76 ",P
1/17/2024 12:00," 1,461.83 ",N
1/17/2024 13:00," 1,421.19 ",N
1/17/2024 14:00," 1,580.37 ",N
1/17/2024 15:00," 1,462.36 ",N
1/17/2024 16:00," 1,717.24 ",N
1/17/2024 17:00," 1,611.56 ",P
1/17/2024 18:00," 1,616.36 ",P
1/17/2024 19:00," 1,480.80 ",P
1/17/2024 20:00," 1,845.60 ",N
1/17/2024 21:00," 1,497.60 ",N
1/17/2024 22:00," 1,532.00 ",O
1/17/2024 23:00," 1,503.20 ",O
1/18/2024 0:00," 1,740.80 ",O
1/18/2024 1:00," 1,453.60 ",O
1/18/2024 2:00," 1,256.00 ",O
1/18/2024 3:00," 1,274.40 ",O
1/18/2024 4:00," 1,436.80 ",N
1/18/2024 5:00," 1,512.80 ",N
1/18/2024 6:00," 1,361.60 ",N
1/18/2024 7:00," 1,307.48 ",N
1/18/2024 8:00," 1,117.40 ",N
1/18/2024 9:00," 1,558.33 ",N
1/18/2024 10:00," 1,635.58 ",P
1/18/2024 11:00," 1,614.24 ",P
1/18/2024 12:00," 1,599.88 ",N
1/18/2024 13:00," 1,534.32 ",N
1/18/2024 14:00," 1,869.30 ",N
1/18/2024 15:00," 1,731.41 ",N
1/18/2024 16:00," 1,852.09 ",N
1/18/2024 17:00," 1,824.78 ",P
1/18/2024 18:00," 1,772.85 ",P
1/18/2024 19:00," 1,725.60 ",P
1/18/2024 20:00," 1,548.80 ",N
1/18/2024 21:00," 1,660.00 ",N
1/18/2024 22:00," 1,914.40 ",O
1/18/2024 23:00," 1,842.40 ",O
1/19/2024 0:00," 1,708.00 ",O
1/19/2024 1:00," 1,356.80 ",O
1/19/2024 2:00," 1,073.60 ",O
1/19/2024 3:00," 1,288.80 ",O
1/19/2024 4:00," 1,396.80 ",N
1/19/2024 5:00," 1,372.00 ",N
1/19/2024 6:00," 1,415.20 ",N
1/19/2024 7:00," 1,131.08 ",N
1/19/2024 8:00," 1,241.66 ",N
1/19/2024 9:00, 856.56 ,N
1/19/2024 10:00," 1,284.10 ",P
1/19/2024 11:00," 1,493.40 ",P
1/19/2024 12:00," 1,383.03 ",N
1/19/2024 13:00," 1,395.11 ",N
1/19/2024 14:00," 1,147.02 ",N
1/19/2024 15:00," 1,254.99 ",N
1/19/2024 16:00," 1,593.63 ",N
1/19/2024 17:00," 1,540.05 ",P
1/19/2024 18:00," 1,594.41 ",P
1/19/2024 19:00," 1,601.60 ",P
1/19/2024 20:00," 1,628.80 ",N
1/19/2024 21:00," 1,475.20 ",N
1/19/2024 22:00," 1,756.00 ",O
1/19/2024 23:00," 1,347.20 ",O
1/20/2024 0:00," 1,464.00 ",O
1/20/2024 1:00," 1,484.00 ",O
1/20/2024 2:00," 1,376.80 ",O
1/20/2024 3:00," 1,298.40 ",O
1/20/2024 4:00," 1,472.00 ",N
1/20/2024 5:00," 1,540.80 ",N
1/20/2024 6:00," 1,121.60 ",N
1/20/2024 7:00," 1,325.72 ",N
1/20/2024 8:00," 1,431.81 ",N
1/20/2024 9:00," 1,750.51 ",N
1/20/2024 10:00," 1,780.38 ",P
1/20/2024 11:00," 1,557.13 ",P
1/20/2024 12:00," 1,473.89 ",N
1/20/2024 13:00," 1,373.54 ",N
1/20/2024 14:00," 1,430.95 ",N
1/20/2024 15:00," 1,796.55 ",N
1/20/2024 16:00," 1,678.35 ",N
1/20/2024 17:00," 1,629.66 ",P
1/20/2024 18:00," 1,404.80 ",P
1/20/2024 19:00," 1,388.80 ",P
1/20/2024 20:00," 1,344.80 ",N
1/20/2024 21:00," 1,680.80 ",N
1/20/2024 22:00," 1,447.20 ",O
1/20/2024 23:00," 1,506.40 ",O
1/21/2024 0:00," 1,360.80 ",O
1/21/2024 1:00," 1,408.00 ",O
1/21/2024 2:00," 1,103.20 ",O
1/21/2024 3:00," 1,368.00 ",O
1/21/2024 4:00," 1,242.40 ",N
1/21/2024 5:00," 1,268.80 ",N
1/21/2024 6:00," 1,385.60 ",N
1/21/2024 7:00," 1,391.68 ",N
1/21/2024 8:00," 1,424.12 ",N
1/21/2024 9:00," 1,612.77 ",N
1/21/2024 10:00," 1,401.02 ",N
1/21/2024 11:00," 1,755.97 ",N
1/21/2024 12:00," 1,074.33 ",N
1/21/2024 13:00," 1,159.81 ",N
1/21/2024 14:00," 1,567.97 ",N
1/21/2024 15:00," 1,342.54 ",N
1/21/2024 16:00," 1,562.16 ",N
1/21/2024 17:00," 1,560.41 ",N
1/21/2024 18:00, 918.41 ,N
1/21/2024 19:00," 1,270.40 ",N
1/21/2024 20:00," 1,204.00 ",N
1/21/2024 21:00," 1,369.60 ",N
1/21/2024 22:00," 1,345.60 ",O
1/21/2024 23:00," 1,280.00 ",O
1/22/2024 0:00," 2,330.40 ",O
1/22/2024 1:00," 2,057.60 ",O
1/22/2024 2:00," 2,428.00 ",O
1/22/2024 3:00," 2,208.80 ",O
1/22/2024 4:00," 2,004.00 ",N
1/22/2024 5:00," 2,379.20 ",N
1/22/2024 6:00," 2,040.80 ",N
1/22/2024 7:00," 1,723.79 ",N
1/22/2024 8:00," 1,825.30 ",N
1/22/2024 9:00," 2,095.81 ",N
1/22/2024 10:00," 2,297.30 ",P
1/22/2024 11:00," 2,286.45 ",P
1/22/2024 12:00," 2,261.30 ",N
1/22/2024 13:00," 2,390.38 ",N
1/22/2024 14:00," 2,181.43 ",N
1/22/2024 15:00," 1,853.05 ",N
1/22/2024 16:00," 2,387.84 ",N
1/22/2024 17:00," 2,256.26 ",P
1/22/2024 18:00," 2,414.40 ",P
1/22/2024 19:00," 1,896.80 ",P
1/22/2024 20:00," 2,389.60 ",N
1/22/2024 21:00," 2,215.20 ",N
1/22/2024 22:00," 2,295.20 ",O
1/22/2024 23:00," 1,956.00 ",O
1/23/2024 0:00," 1,812.00 ",O
1/23/2024 1:00," 1,850.40 ",O
1/23/2024 2:00," 1,248.80 ",O
1/23/2024 3:00," 1,303.20 ",O
1/23/2024 4:00," 1,569.60 ",N
1/23/2024 5:00," 1,165.60 ",N
1/23/2024 6:00," 1,127.20 ",N
1/23/2024 7:00, 845.37 ,N
1/23/2024 8:00," 1,178.36 ",N
1/23/2024 9:00," 1,572.13 ",N
1/23/2024 10:00," 1,408.44 ",P
1/23/2024 11:00," 1,438.90 ",P
1/23/2024 12:00," 1,516.32 ",N
1/23/2024 13:00," 1,377.59 ",N
1/23/2024 14:00," 1,550.94 ",N
1/23/2024 15:00," 1,543.53 ",N
1/23/2024 16:00," 1,201.14 ",N
1/23/2024 17:00," 1,293.10 ",P
1/23/2024 18:00," 1,413.61 ",P
1/23/2024 19:00," 1,265.60 ",P
1/23/2024 20:00," 1,180.80 ",N
1/23/2024 21:00," 1,695.20 ",N
1/23/2024 22:00," 1,346.40 ",O
1/23/2024 23:00," 1,211.20 ",O
1/24/2024 0:00," 1,408.00 ",O
1/24/2024 1:00," 1,139.20 ",O
1/24/2024 2:00," 1,446.40 ",O
1/24/2024 3:00," 1,142.40 ",O
1/24/2024 4:00, 880.00 ,N
1/24/2024 5:00," 1,145.60 ",N
1/24/2024 6:00, 943.20 ,N
1/24/2024 7:00," 1,274.44 ",N
1/24/2024 8:00," 1,429.44 ",N
1/24/2024 9:00," 1,547.52 ",N
1/24/2024 10:00," 1,405.73 ",P
1/24/2024 11:00," 1,431.85 ",P
1/24/2024 12:00," 1,367.56 ",N
1/24/2024 13:00," 1,673.79 ",N
1/24/2024 14:00," 1,642.84 ",N
1/24/2024 15:00," 1,902.46 ",N
1/24/2024 16:00," 1,899.27 ",N
1/24/2024 17:00," 1,621.58 ",P
1/24/2024 18:00," 1,806.40 ",P
1/24/2024 19:00," 1,360.80 ",P
1/24/2024 20:00," 1,477.60 ",N
1/24/2024 21:00," 1,830.40 ",N
1/24/2024 22:00," 1,500.80 ",O
1/24/2024 23:00," 1,522.40 ",O
1/25/2024 0:00," 1,083.20 ",O
1/25/2024 1:00," 1,204.00 ",O
1/25/2024 2:00," 1,488.80 ",O
1/25/2024 3:00," 1,076.00 ",O
1/25/2024 4:00," 1,073.60 ",N
1/25/2024 5:00, 912.00 ,N
1/25/2024 6:00, 964.80 ,N
1/25/2024 7:00," 1,236.89 ",N
1/25/2024 8:00, 902.10 ,N
1/25/2024 9:00," 1,643.98 ",N
1/25/2024 10:00," 1,404.93 ",P
1/25/2024 11:00," 1,257.98 ",P
1/25/2024 12:00," 1,143.99 ",N
1/25/2024 13:00," 1,063.92 ",N
1/25/2024 14:00," 1,565.03 ",N
1/25/2024 15:00," 1,529.52 ",N
1/25/2024 16:00," 1,548.77 ",N
1/25/2024 17:00, 954.79 ,P
1/25/2024 18:00, 979.93 ,P
1/25/2024 19:00," 1,248.80 ",P
1/25/2024 20:00," 1,226.40 ",N
1/25/2024 21:00," 1,332.00 ",N
1/25/2024 22:00," 1,236.80 ",O
1/25/2024 23:00," 1,285.60 ",O
1/26/2024 0:00," 1,532.80 ",O
1/26/2024 1:00," 1,344.80 ",O
1/26/2024 2:00," 1,204.80 ",O
1/26/2024 3:00," 1,120.80 ",O
1/26/2024 4:00," 1,085.60 ",N
1/26/2024 5:00," 1,070.40 ",N
1/26/2024 6:00," 1,341.60 ",N
1/26/2024 7:00, 915.26 ,N
1/26/2024 8:00," 1,043.56 ",N
1/26/2024 9:00," 1,135.80 ",N
1/26/2024 10:00," 1,052.30 ",P
1/26/2024 11:00," 1,010.91 ",P
1/26/2024 12:00, 907.92 ,N
1/26/2024 13:00," 1,041.69 ",N
1/26/2024 14:00," 1,029.98 ",N
1/26/2024 15:00," 1,033.49 ",N
1/26/2024 16:00," 1,376.38 ",N
1/26/2024 17:00," 1,168.45 ",P
1/26/2024 18:00," 1,198.40 ",P
1/26/2024 19:00," 1,109.60 ",P
1/26/2024 20:00," 1,098.40 ",N
1/26/2024 21:00," 1,179.20 ",N
1/26/2024 22:00," 1,169.60 ",O
1/26/2024 23:00, 497.60 ,O
1/27/2024 0:00, 369.60 ,O
1/27/2024 1:00, 342.40 ,O
1/27/2024 2:00, 378.40 ,O
1/27/2024 3:00, 387.20 ,O
1/27/2024 4:00, 368.80 ,N
1/27/2024 5:00, 325.60 ,N
1/27/2024 6:00, 335.20 ,N
1/27/2024 7:00, 281.28 ,N
1/27/2024 8:00, 812.40 ,N
1/27/2024 9:00," 1,193.03 ",N
1/27/2024 10:00, 997.39 ,P
1/27/2024 11:00," 1,238.61 ",P
1/27/2024 12:00," 1,158.51 ",N
1/27/2024 13:00," 1,234.86 ",N
1/27/2024 14:00," 1,047.10 ",N
1/27/2024 15:00," 1,281.66 ",N
1/27/2024 16:00," 1,055.17 ",N
1/27/2024 17:00," 1,044.09 ",P
1/27/2024 18:00," 1,088.32 ",P
1/27/2024 19:00, 898.40 ,P
1/27/2024 20:00, 270.40 ,N
1/27/2024 21:00, 91.20 ,N
1/27/2024 22:00, 94.40 ,O
1/27/2024 23:00, 91.20 ,O
1/28/2024 0:00, 96.00 ,O
1/28/2024 1:00, 88.00 ,O
1/28/2024 2:00, 94.40 ,O
1/28/2024 3:00, 85.60 ,O
1/28/2024 4:00, 95.20 ,N
1/28/2024 5:00, 88.00 ,N
1/28/2024 6:00, 93.60 ,N
1/28/2024 7:00, 77.08 ,N
1/28/2024 8:00, 83.40 ,N
1/28/2024 9:00, 78.90 ,N
1/28/2024 10:00, 86.02 ,N
1/28/2024 11:00, 80.48 ,N
1/28/2024 12:00, 88.61 ,N
1/28/2024 13:00, 80.76 ,N
1/28/2024 14:00, 95.36 ,N
1/28/2024 15:00, 84.56 ,N
1/28/2024 16:00, 90.09 ,N
1/28/2024 17:00, 80.77 ,N
1/28/2024 18:00, 96.81 ,N
1/28/2024 19:00, 86.40 ,N
1/28/2024 20:00, 93.60 ,N
1/28/2024 21:00, 87.20 ,N
1/28/2024 22:00, 92.80 ,O
1/28/2024 23:00, 87.20 ,O
1/29/2024 0:00, 93.60 ,O
1/29/2024 1:00, 88.00 ,O
1/29/2024 2:00, 92.80 ,O
1/29/2024 3:00, 87.20 ,O
1/29/2024 4:00, 93.60 ,N
1/29/2024 5:00, 83.20 ,N
1/29/2024 6:00, 84.80 ,N
1/29/2024 7:00, 79.80 ,N
1/29/2024 8:00, 84.04 ,N
1/29/2024 9:00, 80.51 ,N
1/29/2024 10:00, 81.18 ,P
1/29/2024 11:00, 80.08 ,P
1/29/2024 12:00, 81.52 ,N
1/29/2024 13:00, 74.65 ,N
1/29/2024 14:00, 88.31 ,N
1/29/2024 15:00, 79.07 ,N
1/29/2024 16:00, 84.32 ,N
1/29/2024 17:00, 79.24 ,P
1/29/2024 18:00, 95.22 ,P
1/29/2024 19:00, 89.60 ,P
1/29/2024 20:00, 93.60 ,N
1/29/2024 21:00, 87.20 ,N
1/29/2024 22:00, 96.80 ,O
1/29/2024 23:00, 87.20 ,O
1/30/2024 0:00, 93.60 ,O
1/30/2024 1:00, 88.80 ,O
1/30/2024 2:00, 87.20 ,O
1/30/2024 3:00, 87.20 ,O
1/30/2024 4:00, 93.60 ,N
1/30/2024 5:00, 84.00 ,N
1/30/2024 6:00, 87.20 ,N
1/30/2024 7:00, 76.02 ,N
1/30/2024 8:00, 84.51 ,N
1/30/2024 9:00, 72.77 ,N
1/30/2024 10:00, 81.10 ,P
1/30/2024 11:00, 75.16 ,P
1/30/2024 12:00, 86.62 ,N
1/30/2024 13:00, 78.42 ,N
1/30/2024 14:00, 78.85 ,N
1/30/2024 15:00, 79.65 ,N
1/30/2024 16:00, 88.65 ,N
1/30/2024 17:00, 82.67 ,P
1/30/2024 18:00, 97.64 ,P
1/30/2024 19:00, 88.80 ,P
1/30/2024 20:00, 94.40 ,N
1/30/2024 21:00, 87.20 ,N
1/30/2024 22:00, 91.20 ,O
1/30/2024 23:00, 84.80 ,O
1/31/2024 0:00, 93.60 ,O
1/31/2024 1:00, 81.60 ,O
1/31/2024 2:00, 92.80 ,O
1/31/2024 3:00, 80.00 ,O
1/31/2024 4:00, 90.40 ,N
1/31/2024 5:00, 80.00 ,N
1/31/2024 6:00, 86.40 ,N
1/31/2024 7:00, 75.45 ,N
1/31/2024 8:00, 85.47 ,N
1/31/2024 9:00, 74.45 ,N
1/31/2024 10:00, 80.58 ,P
1/31/2024 11:00, 73.28 ,P
1/31/2024 12:00, 82.65 ,N
1/31/2024 13:00, 74.96 ,N
1/31/2024 14:00, 86.79 ,N
1/31/2024 15:00, 81.25 ,N
1/31/2024 16:00, 87.09 ,N
1/31/2024 17:00, 79.66 ,P
1/31/2024 18:00, 96.82 ,P
1/31/2024 19:00, 88.00 ,P
1/31/2024 20:00, 91.20 ,N
1/31/2024 21:00, 86.40 ,N
1/31/2024 22:00, 92.80 ,O
1/31/2024 23:00, 88.00 ,O
2/1/2024 0:00, 94.40 ,O
2/1/2024 1:00, 87.20 ,O
2/1/2024 2:00, 93.60 ,O
2/1/2024 3:00, 80.00 ,O
2/1/2024 4:00, 88.80 ,N
2/1/2024 5:00, 86.40 ,N
2/1/2024 6:00, 88.80 ,N
2/1/2024 7:00, 79.28 ,N
2/1/2024 8:00, 84.74 ,N
2/1/2024 9:00, 75.61 ,N
2/1/2024 10:00, 86.66 ,P
2/1/2024 11:00, 74.90 ,P
2/1/2024 12:00, 87.64 ,N
2/1/2024 13:00, 82.64 ,N
2/1/2024 14:00, 89.33 ,N
2/1/2024 15:00, 81.44 ,N
2/1/2024 16:00, 83.25 ,N
2/1/2024 17:00, 82.93 ,P
2/1/2024 18:00, 96.01 ,P
2/1/2024 19:00, 91.20 ,P
2/1/2024 20:00, 93.60 ,N
2/1/2024 21:00, 88.80 ,N
2/1/2024 22:00, 97.60 ,O
2/1/2024 23:00, 90.40 ,O
2/2/2024 0:00, 92.80 ,O
2/2/2024 1:00, 86.40 ,O
2/2/2024 2:00, 91.20 ,O
2/2/2024 3:00, 87.20 ,O
2/2/2024 4:00, 92.80 ,N
2/2/2024 5:00, 85.60 ,N
2/2/2024 6:00, 76.80 ,N
2/2/2024 7:00, 82.78 ,N
2/2/2024 8:00, 646.75 ,N
2/2/2024 9:00, 552.93 ,N
2/2/2024 10:00, 876.38 ,P
2/2/2024 11:00, 949.84 ,P
2/2/2024 12:00," 1,244.37 ",N
2/2/2024 13:00," 1,169.85 ",N
2/2/2024 14:00," 1,381.74 ",N
2/2/2024 15:00, 889.37 ,N
2/2/2024 16:00," 1,360.95 ",N
2/2/2024 17:00," 1,095.16 ",P
2/2/2024 18:00," 1,127.02 ",P
2/2/2024 19:00," 1,211.20 ",P
2/2/2024 20:00," 1,118.40 ",N
2/2/2024 21:00," 1,337.60 ",N
2/2/2024 22:00," 1,112.00 ",O
2/2/2024 23:00, 163.20 ,O
2/3/2024 0:00, 108.80 ,O
2/3/2024 1:00, 94.40 ,O
2/3/2024 2:00, 105.60 ,O
2/3/2024 3:00, 101.60 ,O
2/3/2024 4:00, 105.60 ,N
2/3/2024 5:00, 95.20 ,N
2/3/2024 6:00, 87.20 ,N
2/3/2024 7:00, 82.40 ,N
2/3/2024 8:00, 835.52 ,N
2/3/2024 9:00," 1,039.67 ",N
2/3/2024 10:00, 891.52 ,P
2/3/2024 11:00," 1,352.42 ",P
2/3/2024 12:00," 1,341.67 ",N
2/3/2024 13:00," 1,194.46 ",N
2/3/2024 14:00," 1,481.37 ",N
2/3/2024 15:00," 1,646.34 ",N
2/3/2024 16:00," 1,713.49 ",N
2/3/2024 17:00," 1,434.10 ",P
2/3/2024 18:00," 1,539.51 ",P
2/3/2024 19:00," 1,661.60 ",P
2/3/2024 20:00," 1,616.00 ",N
2/3/2024 21:00," 1,728.80 ",N
2/3/2024 22:00," 1,469.60 ",O
2/3/2024 23:00," 1,761.60 ",O
2/4/2024 0:00," 1,354.40 ",O
2/4/2024 1:00," 1,331.20 ",O
2/4/2024 2:00," 1,416.80 ",O
2/4/2024 3:00," 1,299.20 ",O
2/4/2024 4:00," 1,488.00 ",N
2/4/2024 5:00," 1,488.80 ",N
2/4/2024 6:00," 1,292.80 ",N
2/4/2024 7:00," 1,289.51 ",N
2/4/2024 8:00," 1,526.73 ",N
2/4/2024 9:00," 1,083.98 ",N
2/4/2024 10:00," 1,402.91 ",N
2/4/2024 11:00," 1,305.33 ",N
2/4/2024 12:00," 1,517.92 ",N
2/4/2024 13:00," 1,335.88 ",N
2/4/2024 14:00," 1,360.87 ",N
2/4/2024 15:00," 1,604.63 ",N
2/4/2024 16:00," 1,501.80 ",N
2/4/2024 17:00," 1,303.80 ",N
2/4/2024 18:00," 1,407.74 ",N
2/4/2024 19:00," 1,397.60 ",N
2/4/2024 20:00," 1,207.20 ",N
2/4/2024 21:00," 1,357.60 ",N
2/4/2024 22:00," 1,300.80 ",O
2/4/2024 23:00," 1,248.80 ",O
2/5/2024 0:00," 1,178.40 ",O
2/5/2024 1:00," 1,225.60 ",O
2/5/2024 2:00," 1,224.80 ",O
2/5/2024 3:00, 903.20 ,O
2/5/2024 4:00," 1,121.60 ",N
2/5/2024 5:00," 1,310.40 ",N
2/5/2024 6:00," 1,152.00 ",N
2/5/2024 7:00, 933.17 ,N
2/5/2024 8:00," 1,215.70 ",N
2/5/2024 9:00," 1,139.46 ",N
2/5/2024 10:00," 1,551.14 ",P
2/5/2024 11:00," 1,338.15 ",P
2/5/2024 12:00," 1,140.84 ",N
2/5/2024 13:00," 1,315.26 ",N
2/5/2024 14:00," 1,361.04 ",N
2/5/2024 15:00," 1,270.54 ",N
2/5/2024 16:00," 1,377.71 ",N
2/5/2024 17:00," 1,430.20 ",P
2/5/2024 18:00," 1,135.90 ",P
2/5/2024 19:00," 1,324.00 ",P
2/5/2024 20:00," 1,216.80 ",N
2/5/2024 21:00," 1,368.80 ",N
2/5/2024 22:00," 1,304.00 ",O
2/5/2024 23:00, 504.00 ,O
2/6/2024 0:00, 308.80 ,O
2/6/2024 1:00, 223.20 ,O
2/6/2024 2:00, 305.60 ,O
2/6/2024 3:00, 234.40 ,O
2/6/2024 4:00, 284.80 ,N
2/6/2024 5:00, 280.80 ,N
2/6/2024 6:00, 279.20 ,N
2/6/2024 7:00, 207.88 ,N
2/6/2024 8:00," 1,383.41 ",N
2/6/2024 9:00," 1,305.53 ",N
2/6/2024 10:00," 1,615.04 ",P
2/6/2024 11:00," 1,779.00 ",P
2/6/2024 12:00," 1,624.26 ",N
2/6/2024 13:00," 1,539.01 ",N
2/6/2024 14:00," 1,787.69 ",N
2/6/2024 15:00," 1,354.30 ",N
2/6/2024 16:00," 1,620.24 ",N
2/6/2024 17:00," 1,300.99 ",P
2/6/2024 18:00," 1,394.07 ",P
2/6/2024 19:00," 1,272.00 ",P
2/6/2024 20:00," 1,471.20 ",N
2/6/2024 21:00," 1,444.00 ",N
2/6/2024 22:00," 1,357.60 ",O
2/6/2024 23:00, 576.80 ,O
2/7/2024 0:00, 498.40 ,O
2/7/2024 1:00, 498.40 ,O
2/7/2024 2:00, 504.00 ,O
2/7/2024 3:00, 421.60 ,O
2/7/2024 4:00, 485.60 ,N
2/7/2024 5:00, 467.20 ,N
2/7/2024 6:00, 472.00 ,N
2/7/2024 7:00, 385.52 ,N
2/7/2024 8:00," 1,044.81 ",N
2/7/2024 9:00," 1,692.65 ",N
2/7/2024 10:00," 1,873.14 ",P
2/7/2024 11:00," 1,814.75 ",P
2/7/2024 12:00," 1,605.76 ",N
2/7/2024 13:00," 1,656.93 ",N
2/7/2024 14:00," 1,959.97 ",N
2/7/2024 15:00," 1,925.13 ",N
2/7/2024 16:00," 1,644.80 ",N
2/7/2024 17:00," 1,796.83 ",P
2/7/2024 18:00," 1,564.01 ",P
2/7/2024 19:00," 1,423.20 ",P
2/7/2024 20:00," 1,762.40 ",N
2/7/2024 21:00," 1,525.60 ",N
2/7/2024 22:00," 1,706.40 ",O
2/7/2024 23:00, 526.40 ,O
2/8/2024 0:00, 477.60 ,O
2/8/2024 1:00, 487.20 ,O
2/8/2024 2:00, 450.40 ,O
2/8/2024 3:00, 410.40 ,O
2/8/2024 4:00, 498.40 ,N
2/8/2024 5:00, 480.80 ,N
2/8/2024 6:00, 402.40 ,N
2/8/2024 7:00, 183.58 ,N
2/8/2024 8:00," 1,361.44 ",N
2/8/2024 9:00," 1,498.90 ",N
2/8/2024 10:00," 1,608.09 ",P
2/8/2024 11:00," 1,399.81 ",P
2/8/2024 12:00," 1,724.01 ",N
2/8/2024 13:00," 1,255.27 ",N
2/8/2024 14:00," 1,125.50 ",N
2/8/2024 15:00," 1,614.06 ",N
2/8/2024 16:00," 1,453.86 ",N
2/8/2024 17:00," 1,370.11 ",P
2/8/2024 18:00," 1,452.17 ",P
2/8/2024 19:00," 1,032.00 ",P
2/8/2024 20:00," 1,212.80 ",N
2/8/2024 21:00," 1,396.80 ",N
2/8/2024 22:00, 964.00 ,O
2/8/2024 23:00," 1,384.80 ",O
2/9/2024 0:00," 1,120.00 ",O
2/9/2024 1:00," 1,568.80 ",O
2/9/2024 2:00," 1,411.20 ",O
2/9/2024 3:00," 1,482.40 ",O
2/9/2024 4:00," 1,182.40 ",N
2/9/2024 5:00," 1,132.00 ",N
2/9/2024 6:00," 1,137.60 ",N
2/9/2024 7:00, 182.01 ,N
2/9/2024 8:00, 481.15 ,N
2/9/2024 9:00, 455.69 ,N
2/9/2024 10:00, 498.74 ,P
2/9/2024 11:00, 415.99 ,P
2/9/2024 12:00, 320.02 ,N
2/9/2024 13:00, 335.67 ,N
2/9/2024 14:00, 408.03 ,N
2/9/2024 15:00, 329.49 ,N
2/9/2024 16:00, 413.61 ,N
2/9/2024 17:00, 285.12 ,P
2/9/2024 18:00, 304.54 ,P
2/9/2024 19:00, 261.60 ,P
2/9/2024 20:00, 204.00 ,N
2/9/2024 21:00, 331.20 ,N
2/9/2024 22:00, 296.80 ,O
2/9/2024 23:00, 302.40 ,O
2/10/2024 0:00, 324.80 ,O
2/10/2024 1:00, 296.80 ,O
2/10/2024 2:00, 296.80 ,O
2/10/2024 3:00, 316.00 ,O
2/10/2024 4:00, 227.20 ,N
2/10/2024 5:00, 276.00 ,N
2/10/2024 6:00, 256.80 ,N
2/10/2024 7:00, 246.15 ,N
2/10/2024 8:00, 460.32 ,N
2/10/2024 9:00," 1,172.83 ",N
2/10/2024 10:00," 1,566.32 ",P
2/10/2024 11:00," 1,214.23 ",P
2/10/2024 12:00," 1,567.12 ",N
2/10/2024 13:00," 1,509.31 ",N
2/10/2024 14:00," 1,604.90 ",N
2/10/2024 15:00," 1,215.64 ",N
2/10/2024 16:00," 1,300.31 ",N
2/10/2024 17:00," 1,151.05 ",P
2/10/2024 18:00," 1,456.68 ",P
2/10/2024 19:00," 1,494.40 ",P
2/10/2024 20:00," 1,808.80 ",N
2/10/2024 21:00," 1,650.40 ",N
2/10/2024 22:00," 1,209.60 ",O
2/10/2024 23:00," 1,028.00 ",O
2/11/2024 0:00," 1,335.20 ",O
2/11/2024 1:00," 1,325.60 ",O
2/11/2024 2:00," 1,358.40 ",O
2/11/2024 3:00," 1,510.40 ",O
2/11/2024 4:00," 1,220.80 ",N
2/11/2024 5:00," 1,460.80 ",N
2/11/2024 6:00," 1,494.40 ",N
2/11/2024 7:00," 1,213.91 ",N
2/11/2024 8:00," 1,285.36 ",N
2/11/2024 9:00," 1,854.49 ",N
2/11/2024 10:00," 1,700.49 ",N
2/11/2024 11:00," 1,593.17 ",N
2/11/2024 12:00," 1,302.81 ",N
2/11/2024 13:00," 1,470.15 ",N
2/11/2024 14:00," 1,044.67 ",N
2/11/2024 15:00," 1,161.08 ",N
2/11/2024 16:00," 1,434.04 ",N
2/11/2024 17:00," 1,519.10 ",N
2/11/2024 18:00," 1,470.40 ",N
2/11/2024 19:00," 1,118.40 ",N
2/11/2024 20:00," 1,686.40 ",N
2/11/2024 21:00," 1,632.00 ",N
2/11/2024 22:00," 1,343.20 ",O
2/11/2024 23:00," 1,206.40 ",O
2/12/2024 0:00," 1,653.60 ",O
2/12/2024 1:00," 1,780.00 ",O
2/12/2024 2:00," 1,225.60 ",O
2/12/2024 3:00," 1,333.60 ",O
2/12/2024 4:00," 1,466.40 ",N
2/12/2024 5:00," 1,376.00 ",N
2/12/2024 6:00," 1,212.00 ",N
2/12/2024 7:00," 1,119.41 ",N
2/12/2024 8:00," 1,135.21 ",N
2/12/2024 9:00," 1,502.10 ",N
2/12/2024 10:00," 1,740.14 ",P
2/12/2024 11:00," 1,403.04 ",P
2/12/2024 12:00," 1,200.20 ",N
2/12/2024 13:00," 1,044.05 ",N
2/12/2024 14:00," 1,298.19 ",N
2/12/2024 15:00," 1,559.02 ",N
2/12/2024 16:00," 1,238.19 ",N
2/12/2024 17:00," 1,380.32 ",P
2/12/2024 18:00, 886.37 ,P
2/12/2024 19:00," 1,113.60 ",P
2/12/2024 20:00," 1,129.60 ",N
2/12/2024 21:00," 1,440.80 ",N
2/12/2024 22:00," 1,332.80 ",O
2/12/2024 23:00, 138.40 ,O
2/13/2024 0:00, 97.60 ,O
2/13/2024 1:00, 94.40 ,O
2/13/2024 2:00, 103.20 ,O
2/13/2024 3:00, 92.80 ,O
2/13/2024 4:00, 98.40 ,N
2/13/2024 5:00, 89.60 ,N
2/13/2024 6:00, 84.80 ,N
2/13/2024 7:00, 86.44 ,N
2/13/2024 8:00, 660.14 ,N
2/13/2024 9:00," 1,046.05 ",N
2/13/2024 10:00," 1,011.49 ",P
2/13/2024 11:00," 1,077.87 ",P
2/13/2024 12:00," 1,280.89 ",N
2/13/2024 13:00," 1,305.50 ",N
2/13/2024 14:00," 1,222.68 ",N
2/13/2024 15:00," 1,378.71 ",N
2/13/2024 16:00," 1,442.88 ",N
2/13/2024 17:00," 1,317.72 ",P
2/13/2024 18:00," 1,407.20 ",P
2/13/2024 19:00," 1,616.80 ",P
2/13/2024 20:00," 1,705.60 ",N
2/13/2024 21:00," 1,624.00 ",N
2/13/2024 22:00," 1,382.40 ",O
2/13/2024 23:00, 136.80 ,O
2/14/2024 0:00, 104.80 ,O
2/14/2024 1:00, 96.80 ,O
2/14/2024 2:00, 100.00 ,O
2/14/2024 3:00, 98.40 ,O
2/14/2024 4:00, 101.60 ,N
2/14/2024 5:00, 95.20 ,N
2/14/2024 6:00, 92.80 ,N
2/14/2024 7:00, 85.97 ,N
2/14/2024 8:00, 932.62 ,N
2/14/2024 9:00," 1,383.41 ",N
2/14/2024 10:00," 1,261.11 ",P
2/14/2024 11:00," 1,457.31 ",P
2/14/2024 12:00," 1,348.06 ",N
2/14/2024 13:00," 1,417.34 ",N
2/14/2024 14:00," 1,553.99 ",N
2/14/2024 15:00," 1,478.55 ",N
2/14/2024 16:00," 1,282.84 ",N
2/14/2024 17:00," 1,716.59 ",P
2/14/2024 18:00," 1,229.93 ",P
2/14/2024 19:00, 828.80 ,P
2/14/2024 20:00," 1,254.40 ",N
2/14/2024 21:00," 1,271.20 ",N
2/14/2024 22:00," 1,333.60 ",O
2/14/2024 23:00," 1,302.40 ",O
2/15/2024 0:00," 1,362.40 ",O
2/15/2024 1:00, 933.60 ,O
2/15/2024 2:00," 1,361.60 ",O
2/15/2024 3:00," 1,337.60 ",O
2/15/2024 4:00, 996.00 ,N
2/15/2024 5:00," 1,271.20 ",N
2/15/2024 6:00," 1,043.20 ",N
2/15/2024 7:00, 860.55 ,N
2/15/2024 8:00," 1,094.40 ",N
2/15/2024 9:00," 1,122.78 ",N
2/15/2024 10:00," 1,142.29 ",P
2/15/2024 11:00, 987.83 ,P
2/15/2024 12:00," 1,099.00 ",N
2/15/2024 13:00," 1,323.29 ",N
2/15/2024 14:00," 1,200.59 ",N
2/15/2024 15:00," 1,175.23 ",N
2/15/2024 16:00," 1,183.22 ",N
2/15/2024 17:00," 1,286.45 ",P
2/15/2024 18:00," 1,205.54 ",P
2/15/2024 19:00," 1,044.00 ",P
2/15/2024 20:00," 1,465.60 ",N
2/15/2024 21:00," 1,054.40 ",N
2/15/2024 22:00," 1,262.40 ",O
2/15/2024 23:00, 936.00 ,O
2/16/2024 0:00," 1,169.60 ",O
2/16/2024 1:00," 1,276.00 ",O
2/16/2024 2:00," 1,006.40 ",O
2/16/2024 3:00," 1,429.60 ",O
2/16/2024 4:00," 1,362.40 ",N
2/16/2024 5:00," 1,094.40 ",N
2/16/2024 6:00," 1,244.00 ",N
2/16/2024 7:00, 182.03 ,N
2/16/2024 8:00, 152.29 ,N
2/16/2024 9:00, 181.17 ,N
2/16/2024 10:00, 170.61 ,P
2/16/2024 11:00, 185.42 ,P
2/16/2024 12:00, 195.46 ,N
2/16/2024 13:00, 197.06 ,N
2/16/2024 14:00, 129.54 ,N
2/16/2024 15:00, 177.80 ,N
2/16/2024 16:00, 117.35 ,N
2/16/2024 17:00, 99.26 ,P
2/16/2024 18:00, 110.15 ,P
2/16/2024 19:00, 108.00 ,P
2/16/2024 20:00, 100.00 ,N
2/16/2024 21:00, 91.20 ,N
2/16/2024 22:00, 100.00 ,O
2/16/2024 23:00, 93.60 ,O
2/17/2024 0:00, 98.40 ,O
2/17/2024 1:00, 90.40 ,O
2/17/2024 2:00, 96.80 ,O
2/17/2024 3:00, 91.20 ,O
2/17/2024 4:00, 96.80 ,N
2/17/2024 5:00, 89.60 ,N
2/17/2024 6:00, 92.80 ,N
2/17/2024 7:00, 86.74 ,N
2/17/2024 8:00, 858.25 ,N
2/17/2024 9:00," 1,207.14 ",N
2/17/2024 10:00," 1,636.94 ",P
2/17/2024 11:00," 1,392.64 ",P
2/17/2024 12:00," 1,733.62 ",N
2/17/2024 13:00," 1,461.30 ",N
2/17/2024 14:00," 1,523.70 ",N
2/17/2024 15:00," 1,550.42 ",N
2/17/2024 16:00," 1,733.84 ",N
2/17/2024 17:00," 1,717.43 ",P
2/17/2024 18:00," 1,575.96 ",P
2/17/2024 19:00," 1,707.20 ",P
2/17/2024 20:00," 1,400.00 ",N
2/17/2024 21:00," 1,287.20 ",N
2/17/2024 22:00," 1,057.60 ",O
2/17/2024 23:00," 1,536.80 ",O
2/18/2024 0:00, 997.60 ,O
2/18/2024 1:00," 1,274.40 ",O
2/18/2024 2:00," 1,188.80 ",O
2/18/2024 3:00," 1,111.20 ",O
2/18/2024 4:00," 1,072.80 ",N
2/18/2024 5:00," 1,068.80 ",N
2/18/2024 6:00," 1,287.20 ",N
2/18/2024 7:00," 1,071.05 ",N
2/18/2024 8:00," 1,356.96 ",N
2/18/2024 9:00," 1,375.01 ",N
2/18/2024 10:00," 1,335.48 ",N
2/18/2024 11:00," 1,194.74 ",N
2/18/2024 12:00," 1,239.47 ",N
2/18/2024 13:00," 1,494.78 ",N
2/18/2024 14:00," 1,663.54 ",N
2/18/2024 15:00," 1,380.28 ",N
2/18/2024 16:00," 1,448.55 ",N
2/18/2024 17:00," 1,689.98 ",N
2/18/2024 18:00," 1,823.21 ",N
2/18/2024 19:00, 855.20 ,N
2/18/2024 20:00," 1,082.40 ",N
2/18/2024 21:00," 1,165.60 ",N
2/18/2024 22:00," 1,396.80 ",O
2/18/2024 23:00, 754.40 ,O
2/19/2024 0:00, 602.40 ,O
2/19/2024 1:00, 580.80 ,O
2/19/2024 2:00, 700.80 ,O
2/19/2024 3:00, 725.60 ,O
2/19/2024 4:00, 505.60 ,N
2/19/2024 5:00, 723.20 ,N
2/19/2024 6:00, 676.80 ,N
2/19/2024 7:00, 771.60 ,N
2/19/2024 8:00, 658.30 ,N
2/19/2024 9:00, 829.99 ,N
2/19/2024 10:00, 571.13 ,P
2/19/2024 11:00, 704.88 ,P
2/19/2024 12:00, 802.62 ,N
2/19/2024 13:00, 845.33 ,N
2/19/2024 14:00, 810.40 ,N
2/19/2024 15:00, 948.63 ,N
2/19/2024 16:00, 863.61 ,N
2/19/2024 17:00, 870.30 ,P
2/19/2024 18:00, 797.60 ,P
2/19/2024 19:00, 838.40 ,P
2/19/2024 20:00, 759.20 ,N
2/19/2024 21:00, 689.60 ,N
2/19/2024 22:00, 551.20 ,O
2/19/2024 23:00, 689.60 ,O
2/20/2024 0:00," 1,026.40 ",O
2/20/2024 1:00," 1,103.20 ",O
2/20/2024 2:00, 797.60 ,O
2/20/2024 3:00, 818.40 ,O
2/20/2024 4:00, 779.20 ,N
2/20/2024 5:00, 741.60 ,N
2/20/2024 6:00, 836.80 ,N
2/20/2024 7:00, 625.82 ,N
2/20/2024 8:00, 296.10 ,N
2/20/2024 9:00, 281.17 ,N
2/20/2024 10:00, 221.19 ,P
2/20/2024 11:00, 299.59 ,P
2/20/2024 12:00, 888.25 ,N
2/20/2024 13:00," 1,121.59 ",N
2/20/2024 14:00, 839.56 ,N
2/20/2024 15:00," 1,363.97 ",N
2/20/2024 16:00," 1,384.49 ",N
2/20/2024 17:00," 1,247.03 ",P
2/20/2024 18:00," 1,191.16 ",P
2/20/2024 19:00," 1,089.60 ",P
2/20/2024 20:00," 1,178.40 ",N
2/20/2024 21:00," 1,048.00 ",N
2/20/2024 22:00," 1,239.20 ",O
2/20/2024 23:00," 1,102.40 ",O
2/21/2024 0:00," 1,004.00 ",O
2/21/2024 1:00, 894.40 ,O
2/21/2024 2:00, 741.60 ,O
2/21/2024 3:00, 812.00 ,O
2/21/2024 4:00, 906.40 ,N
2/21/2024 5:00," 1,295.20 ",N
2/21/2024 6:00," 1,083.20 ",N
2/21/2024 7:00, 928.89 ,N
2/21/2024 8:00," 1,047.15 ",N
2/21/2024 9:00," 1,458.49 ",N
2/21/2024 10:00," 1,341.87 ",P
2/21/2024 11:00," 1,455.68 ",P
2/21/2024 12:00," 1,622.40 ",N
2/21/2024 13:00," 1,434.15 ",N
2/21/2024 14:00," 1,627.38 ",N
2/21/2024 15:00," 1,212.81 ",N
2/21/2024 16:00," 1,458.82 ",N
2/21/2024 17:00," 1,503.12 ",P
2/21/2024 18:00," 1,519.24 ",P
2/21/2024 19:00," 1,223.20 ",P
2/21/2024 20:00," 1,371.20 ",N
2/21/2024 21:00," 1,432.80 ",N
2/21/2024 22:00," 1,228.00 ",O
2/21/2024 23:00," 1,250.40 ",O
2/22/2024 0:00," 1,195.20 ",O
2/22/2024 1:00," 1,082.40 ",O
2/22/2024 2:00," 1,088.80 ",O
2/22/2024 3:00," 1,428.00 ",O
2/22/2024 4:00, 942.40 ,N
2/22/2024 5:00, 957.60 ,N
2/22/2024 6:00," 1,361.60 ",N
2/22/2024 7:00," 1,216.44 ",N
2/22/2024 8:00," 1,066.08 ",N
2/22/2024 9:00," 1,100.81 ",N
2/22/2024 10:00," 1,411.61 ",P
2/22/2024 11:00," 1,365.06 ",P
2/22/2024 12:00," 1,239.77 ",N
2/22/2024 13:00," 1,146.15 ",N
2/22/2024 14:00," 1,181.12 ",N
2/22/2024 15:00," 1,267.88 ",N
2/22/2024 16:00," 1,187.46 ",N
2/22/2024 17:00," 1,008.41 ",P
2/22/2024 18:00," 1,409.60 ",P
2/22/2024 19:00, 946.40 ,P
2/22/2024 20:00," 1,150.40 ",N
2/22/2024 21:00," 1,396.00 ",N
2/22/2024 22:00," 1,171.20 ",O
2/22/2024 23:00," 1,109.60 ",O
2/23/2024 0:00," 1,380.80 ",O
2/23/2024 1:00," 1,206.40 ",O
2/23/2024 2:00," 1,380.80 ",O
2/23/2024 3:00," 1,010.40 ",O
2/23/2024 4:00, 960.00 ,N
2/23/2024 5:00," 1,000.00 ",N
2/23/2024 6:00," 1,016.00 ",N
2/23/2024 7:00, 231.10 ,N
2/23/2024 8:00, 181.36 ,N
2/23/2024 9:00, 156.90 ,N
2/23/2024 10:00, 202.71 ,P
2/23/2024 11:00, 193.83 ,P
2/23/2024 12:00, 194.70 ,N
2/23/2024 13:00, 147.25 ,N
2/23/2024 14:00, 149.36 ,N
2/23/2024 15:00, 167.05 ,N
2/23/2024 16:00, 135.46 ,N
2/23/2024 17:00, 134.64 ,P
2/23/2024 18:00, 106.10 ,P
2/23/2024 19:00, -  ,P
2/23/2024 20:00, -  ,N
2/23/2024 21:00, 85.60 ,N
2/23/2024 22:00, 87.20 ,O
2/23/2024 23:00, 90.40 ,O
2/24/2024 0:00, 84.80 ,O
2/24/2024 1:00, 87.20 ,O
2/24/2024 2:00, 80.80 ,O
2/24/2024 3:00, 86.40 ,O
2/24/2024 4:00, 81.60 ,N
2/24/2024 5:00, 86.40 ,N
2/24/2024 6:00, 68.80 ,N
2/24/2024 7:00, 94.44 ,N
2/24/2024 8:00, 767.60 ,N
2/24/2024 9:00," 1,311.50 ",N
2/24/2024 10:00," 1,454.31 ",P
2/24/2024 11:00," 1,278.24 ",P
2/24/2024 12:00," 1,477.85 ",N
2/24/2024 13:00," 1,606.51 ",N
2/24/2024 14:00," 1,514.24 ",N
2/24/2024 15:00," 1,656.63 ",N
2/24/2024 16:00," 1,550.85 ",N
2/24/2024 17:00," 1,602.88 ",P
2/24/2024 18:00," 1,592.24 ",P
2/24/2024 19:00," 1,521.60 ",P
2/24/2024 20:00," 1,444.00 ",N
2/24/2024 21:00," 1,625.60 ",N
2/24/2024 22:00," 1,578.40 ",O
2/24/2024 23:00," 1,232.80 ",O
2/25/2024 0:00," 1,146.40 ",O
2/25/2024 1:00," 1,488.00 ",O
2/25/2024 2:00," 1,347.20 ",O
2/25/2024 3:00," 1,243.20 ",O
2/25/2024 4:00," 1,531.20 ",N
2/25/2024 5:00," 1,331.20 ",N
2/25/2024 6:00," 1,144.80 ",N
2/25/2024 7:00," 1,010.87 ",N
2/25/2024 8:00," 1,203.92 ",N
2/25/2024 9:00," 1,503.54 ",N
2/25/2024 10:00," 1,515.14 ",N
2/25/2024 11:00," 1,556.16 ",N
2/25/2024 12:00," 1,211.06 ",N
2/25/2024 13:00," 1,410.10 ",N
2/25/2024 14:00," 1,317.51 ",N
2/25/2024 15:00," 1,520.14 ",N
2/25/2024 16:00," 1,603.00 ",N
2/25/2024 17:00," 1,510.00 ",N
2/25/2024 18:00," 1,268.16 ",N
2/25/2024 19:00," 1,219.20 ",N
2/25/2024 20:00," 1,537.60 ",N
2/25/2024 21:00," 1,788.00 ",N
2/25/2024 22:00," 1,920.00 ",O
2/25/2024 23:00," 1,416.00 ",O
2/26/2024 0:00," 1,318.40 ",O
2/26/2024 1:00," 1,386.40 ",O
2/26/2024 2:00," 1,447.20 ",O
2/26/2024 3:00," 1,560.80 ",O
2/26/2024 4:00," 1,575.20 ",N
2/26/2024 5:00," 1,132.00 ",N
2/26/2024 6:00," 1,085.60 ",N
2/26/2024 7:00, 972.74 ,N
2/26/2024 8:00," 1,002.65 ",N
2/26/2024 9:00," 1,224.95 ",N
2/26/2024 10:00," 1,629.85 ",P
2/26/2024 11:00," 1,267.65 ",P
2/26/2024 12:00," 1,387.72 ",N
2/26/2024 13:00," 1,508.58 ",N
2/26/2024 14:00," 1,492.21 ",N
2/26/2024 15:00," 1,115.51 ",N
2/26/2024 16:00," 1,715.06 ",N
2/26/2024 17:00," 1,580.66 ",P
2/26/2024 18:00," 1,152.80 ",P
2/26/2024 19:00," 1,612.00 ",P
2/26/2024 20:00," 1,400.80 ",N
2/26/2024 21:00," 1,607.20 ",N
2/26/2024 22:00," 1,369.60 ",O
2/26/2024 23:00," 1,172.00 ",O
2/27/2024 0:00," 1,296.80 ",O
2/27/2024 1:00," 1,394.40 ",O
2/27/2024 2:00," 1,192.00 ",O
2/27/2024 3:00," 1,368.80 ",O
2/27/2024 4:00," 1,286.40 ",N
2/27/2024 5:00, 717.60 ,N
2/27/2024 6:00, 961.60 ,N
2/27/2024 7:00, 858.74 ,N
2/27/2024 8:00, 924.65 ,N
2/27/2024 9:00," 1,261.32 ",N
2/27/2024 10:00, 921.63 ,P
2/27/2024 11:00," 1,166.42 ",P
2/27/2024 12:00," 1,425.73 ",N
2/27/2024 13:00," 1,270.08 ",N
2/27/2024 14:00," 1,409.85 ",N
2/27/2024 15:00," 1,503.30 ",N
2/27/2024 16:00," 1,426.65 ",N
2/27/2024 17:00," 1,530.72 ",P
2/27/2024 18:00," 1,079.59 ",P
2/27/2024 19:00," 1,292.00 ",P
2/27/2024 20:00," 1,392.80 ",N
2/27/2024 21:00," 1,493.60 ",N
2/27/2024 22:00," 1,524.00 ",O
2/27/2024 23:00," 1,385.60 ",O
2/28/2024 0:00," 1,531.20 ",O
2/28/2024 1:00," 1,497.60 ",O
2/28/2024 2:00," 1,485.60 ",O
2/28/2024 3:00," 1,413.60 ",O
2/28/2024 4:00," 1,488.80 ",N
2/28/2024 5:00," 1,299.20 ",N
2/28/2024 6:00," 1,104.00 ",N
2/28/2024 7:00," 1,358.07 ",N
2/28/2024 8:00," 1,671.66 ",N
2/28/2024 9:00," 1,400.19 ",N
2/28/2024 10:00," 1,499.73 ",P
2/28/2024 11:00," 1,335.80 ",P
2/28/2024 12:00," 1,593.24 ",N
2/28/2024 13:00," 1,620.68 ",N
2/28/2024 14:00," 1,525.56 ",N
2/28/2024 15:00," 1,514.83 ",N
2/28/2024 16:00," 1,822.30 ",N
2/28/2024 17:00," 1,605.87 ",P
2/28/2024 18:00," 1,954.45 ",P
2/28/2024 19:00," 1,688.80 ",P
2/28/2024 20:00," 1,488.80 ",N
2/28/2024 21:00," 1,700.00 ",N
2/28/2024 22:00," 1,531.20 ",O
2/28/2024 23:00," 1,661.60 ",O
2/29/2024 0:00, 677.60 ,O
2/29/2024 1:00, 501.60 ,O
2/29/2024 2:00, 592.80 ,O
2/29/2024 3:00, 738.40 ,O
2/29/2024 4:00, 784.80 ,N
2/29/2024 5:00, 656.80 ,N
2/29/2024 6:00, 596.00 ,N
2/29/2024 7:00, 458.96 ,N
2/29/2024 8:00, 545.51 ,N
2/29/2024 9:00, 657.36 ,N
2/29/2024 10:00, 784.75 ,P
2/29/2024 11:00, 756.63 ,P
2/29/2024 12:00, 915.60 ,N
2/29/2024 13:00, 833.36 ,N
2/29/2024 14:00, 642.92 ,N
2/29/2024 15:00, 667.77 ,N
2/29/2024 16:00, 671.56 ,N
2/29/2024 17:00, 759.48 ,P
2/29/2024 18:00, 768.03 ,P
2/29/2024 19:00, 534.40 ,P
2/29/2024 20:00, 708.80 ,N
2/29/2024 21:00, 805.60 ,N
2/29/2024 22:00, 713.60 ,O
2/29/2024 23:00, 728.80 ,O
3/1/2024 0:00," 1,704.00 ",O
3/1/2024 1:00," 1,666.40 ",O
3/1/2024 2:00," 1,551.20 ",O
3/1/2024 3:00," 1,624.00 ",O
3/1/2024 4:00," 1,580.80 ",N
3/1/2024 5:00," 1,460.00 ",N
3/1/2024 6:00," 1,464.00 ",N
3/1/2024 7:00, 110.26 ,N
3/1/2024 8:00, 89.69 ,N
3/1/2024 9:00, -  ,N
3/1/2024 10:00, -  ,P
3/1/2024 11:00, -  ,P
3/1/2024 12:00, -  ,N
3/1/2024 13:00, 87.81 ,N
3/1/2024 14:00, 71.43 ,N
3/1/2024 15:00, 76.61 ,N
3/1/2024 16:00, 71.47 ,N
3/1/2024 17:00, 83.42 ,P
3/1/2024 18:00, 77.63 ,P
3/1/2024 19:00, 86.40 ,P
3/1/2024 20:00, 79.20 ,N
3/1/2024 21:00, 86.40 ,N
3/1/2024 22:00, 79.20 ,O
3/1/2024 23:00, 84.00 ,O
3/2/2024 0:00, 75.20 ,O
3/2/2024 1:00, 81.60 ,O
3/2/2024 2:00, 76.00 ,O
3/2/2024 3:00, 80.00 ,O
3/2/2024 4:00, 76.80 ,N
3/2/2024 5:00, 81.60 ,N
3/2/2024 6:00, 67.20 ,N
3/2/2024 7:00, 79.06 ,N
3/2/2024 8:00, 544.57 ,N
3/2/2024 9:00," 1,505.10 ",N
3/2/2024 10:00," 1,673.22 ",P
3/2/2024 11:00," 1,557.38 ",P
3/2/2024 12:00," 1,552.10 ",N
3/2/2024 13:00," 1,601.47 ",N
3/2/2024 14:00," 1,699.22 ",N
3/2/2024 15:00," 1,209.03 ",N
3/2/2024 16:00," 1,602.27 ",N
3/2/2024 17:00," 1,255.78 ",P
3/2/2024 18:00," 1,313.25 ",P
3/2/2024 19:00," 1,345.60 ",P
3/2/2024 20:00," 1,182.40 ",N
3/2/2024 21:00," 1,305.60 ",N
3/2/2024 22:00," 1,395.20 ",O
3/2/2024 23:00," 1,414.40 ",O
3/3/2024 0:00," 1,534.40 ",O
3/3/2024 1:00," 1,493.60 ",O
3/3/2024 2:00," 1,685.60 ",O
3/3/2024 3:00," 1,434.40 ",O
3/3/2024 4:00," 1,459.20 ",N
3/3/2024 5:00," 1,717.60 ",N
3/3/2024 6:00," 1,190.40 ",N
3/3/2024 7:00," 1,580.04 ",N
3/3/2024 8:00," 1,502.04 ",N
3/3/2024 9:00," 1,441.81 ",N
3/3/2024 10:00," 1,867.08 ",N
3/3/2024 11:00," 1,969.56 ",N
3/3/2024 12:00," 1,991.36 ",N
3/3/2024 13:00," 1,801.83 ",N
3/3/2024 14:00," 1,593.28 ",N
3/3/2024 15:00," 1,359.18 ",N
3/3/2024 16:00," 1,889.84 ",N
3/3/2024 17:00," 1,338.01 ",N
3/3/2024 18:00," 1,353.89 ",N
3/3/2024 19:00," 1,158.40 ",N
3/3/2024 20:00," 1,659.20 ",N
3/3/2024 21:00," 1,568.00 ",N
3/3/2024 22:00," 1,603.20 ",O
3/3/2024 23:00," 1,517.60 ",O
3/4/2024 0:00," 1,664.00 ",O
3/4/2024 1:00," 1,617.60 ",O
3/4/2024 2:00," 1,648.00 ",O
3/4/2024 3:00," 1,176.80 ",O
3/4/2024 4:00," 1,515.20 ",N
3/4/2024 5:00," 1,512.80 ",N
3/4/2024 6:00," 1,321.60 ",N
3/4/2024 7:00," 1,341.32 ",N
3/4/2024 8:00," 1,629.66 ",N
3/4/2024 9:00," 1,448.20 ",N
3/4/2024 10:00," 1,859.74 ",P
3/4/2024 11:00," 1,762.66 ",P
3/4/2024 12:00," 1,573.75 ",N
3/4/2024 13:00," 1,726.05 ",N
3/4/2024 14:00," 1,828.90 ",N
3/4/2024 15:00," 1,697.56 ",N
3/4/2024 16:00," 1,829.58 ",N
3/4/2024 17:00," 1,704.42 ",P
3/4/2024 18:00," 1,675.43 ",P
3/4/2024 19:00," 1,698.40 ",P
3/4/2024 20:00," 1,537.60 ",N
3/4/2024 21:00," 1,532.00 ",N
3/4/2024 22:00," 1,324.00 ",O
3/4/2024 23:00, 382.40 ,O
3/5/2024 0:00, 394.40 ,O
3/5/2024 1:00, 378.40 ,O
3/5/2024 2:00, 357.60 ,O
3/5/2024 3:00, 367.20 ,O
3/5/2024 4:00, 380.00 ,N
3/5/2024 5:00, 397.60 ,N
3/5/2024 6:00, 354.40 ,N
3/5/2024 7:00, 442.97 ,N
3/5/2024 8:00," 1,680.91 ",N
3/5/2024 9:00," 1,829.40 ",N
3/5/2024 10:00," 1,851.26 ",P
3/5/2024 11:00," 1,924.84 ",P
3/5/2024 12:00," 1,677.95 ",N
3/5/2024 13:00," 1,718.74 ",N
3/5/2024 14:00," 1,907.60 ",N
3/5/2024 15:00," 1,688.52 ",N
3/5/2024 16:00," 2,091.01 ",N
3/5/2024 17:00," 1,608.30 ",P
3/5/2024 18:00," 1,773.26 ",P
3/5/2024 19:00," 1,601.60 ",P
3/5/2024 20:00," 1,201.60 ",N
3/5/2024 21:00," 1,380.80 ",N
3/5/2024 22:00," 1,320.80 ",O
3/5/2024 23:00, 361.60 ,O
3/6/2024 0:00, 110.40 ,O
3/6/2024 1:00, 116.80 ,O
3/6/2024 2:00, 111.20 ,O
3/6/2024 3:00, 113.60 ,O
3/6/2024 4:00, 110.40 ,N
3/6/2024 5:00, 114.40 ,N
3/6/2024 6:00, 98.40 ,N
3/6/2024 7:00, 220.24 ,N
3/6/2024 8:00," 1,212.99 ",N
3/6/2024 9:00," 1,238.81 ",N
3/6/2024 10:00," 1,664.72 ",P
3/6/2024 11:00," 1,556.92 ",P
3/6/2024 12:00," 1,408.48 ",N
3/6/2024 13:00," 1,587.59 ",N
3/6/2024 14:00," 1,726.38 ",N
3/6/2024 15:00," 1,711.48 ",N
3/6/2024 16:00," 1,544.33 ",N
3/6/2024 17:00," 1,402.66 ",P
3/6/2024 18:00," 1,439.87 ",P
3/6/2024 19:00," 1,459.20 ",P
3/6/2024 20:00," 1,510.40 ",N
3/6/2024 21:00," 1,384.00 ",N
3/6/2024 22:00," 1,400.00 ",O
3/6/2024 23:00, 472.00 ,O
3/7/2024 0:00, 416.80 ,O
3/7/2024 1:00, 390.40 ,O
3/7/2024 2:00, 431.20 ,O
3/7/2024 3:00, 381.60 ,O
3/7/2024 4:00, 384.00 ,N
3/7/2024 5:00, 484.80 ,N
3/7/2024 6:00, 424.00 ,N
3/7/2024 7:00, 433.14 ,N
3/7/2024 8:00," 1,644.82 ",N
3/7/2024 9:00," 1,786.90 ",N
3/7/2024 10:00," 1,792.20 ",P
3/7/2024 11:00," 1,606.69 ",P
3/7/2024 12:00," 1,894.24 ",N
3/7/2024 13:00," 1,829.24 ",N
3/7/2024 14:00," 1,903.52 ",N
3/7/2024 15:00," 1,476.62 ",N
3/7/2024 16:00," 1,535.77 ",N
3/7/2024 17:00," 1,485.80 ",P
3/7/2024 18:00," 1,357.08 ",P
3/7/2024 19:00," 1,589.60 ",P
3/7/2024 20:00," 1,525.60 ",N
3/7/2024 21:00," 1,258.40 ",N
3/7/2024 22:00," 1,140.00 ",O
3/7/2024 23:00," 1,290.40 ",O
3/8/2024 0:00," 1,470.40 ",O
3/8/2024 1:00, 904.80 ,O
3/8/2024 2:00," 1,167.20 ",O
3/8/2024 3:00," 1,140.80 ",O
3/8/2024 4:00," 1,201.60 ",N
3/8/2024 5:00," 1,211.20 ",N
3/8/2024 6:00," 1,014.40 ",N
3/8/2024 7:00, 337.40 ,N
3/8/2024 8:00, 274.29 ,N
3/8/2024 9:00, 264.44 ,N
3/8/2024 10:00, 281.38 ,P
3/8/2024 11:00, 297.31 ,P
3/8/2024 12:00, 289.00 ,N
3/8/2024 13:00, 276.25 ,N
3/8/2024 14:00, 267.10 ,N
3/8/2024 15:00, 204.60 ,N
3/8/2024 16:00, 286.35 ,N
3/8/2024 17:00, 229.93 ,P
3/8/2024 18:00, 205.13 ,P
3/8/2024 19:00, 299.20 ,P
3/8/2024 20:00, 287.20 ,N
3/8/2024 21:00, 292.00 ,N
3/8/2024 22:00, 230.40 ,O
3/8/2024 23:00, 164.80 ,O
3/9/2024 0:00, 195.20 ,O
3/9/2024 1:00, 238.40 ,O
3/9/2024 2:00, 187.20 ,O
3/9/2024 3:00, 148.80 ,O
3/9/2024 4:00, 132.80 ,N
3/9/2024 5:00, 192.80 ,N
3/9/2024 6:00, 120.00 ,N
3/9/2024 7:00, 191.45 ,N
3/9/2024 8:00, 866.16 ,N
3/9/2024 9:00," 1,455.52 ",N
3/9/2024 10:00," 1,743.46 ",P
3/9/2024 11:00," 1,648.64 ",P
3/9/2024 12:00," 1,680.83 ",N
3/9/2024 13:00," 1,635.44 ",N
3/9/2024 14:00," 1,660.54 ",N
3/9/2024 15:00," 1,717.57 ",N
3/9/2024 16:00," 1,588.15 ",N
3/9/2024 17:00," 1,863.57 ",P
3/9/2024 18:00," 1,540.52 ",P
3/9/2024 19:00," 1,230.40 ",P
3/9/2024 20:00," 1,436.00 ",N
3/9/2024 21:00," 1,564.80 ",N
3/9/2024 22:00," 1,647.20 ",O
3/9/2024 23:00," 1,421.60 ",O
3/10/2024 0:00," 1,376.80 ",O
3/10/2024 1:00," 1,502.40 ",O
3/10/2024 2:00," 1,624.00 ",O
3/10/2024 3:00," 1,292.80 ",O
3/10/2024 4:00," 1,245.60 ",N
3/10/2024 5:00," 1,281.60 ",N
3/10/2024 6:00," 1,044.80 ",N
3/10/2024 7:00," 1,268.07 ",N
3/10/2024 8:00," 1,664.47 ",N
3/10/2024 9:00," 1,354.03 ",N
3/10/2024 10:00," 1,675.93 ",N
3/10/2024 11:00," 1,404.34 ",N
3/10/2024 12:00," 1,405.50 ",N
3/10/2024 13:00," 1,385.34 ",N
3/10/2024 14:00," 1,426.32 ",N
3/10/2024 15:00," 1,546.27 ",N
3/10/2024 16:00," 1,512.56 ",N
3/10/2024 17:00," 1,715.27 ",N
3/10/2024 18:00," 1,546.02 ",N
3/10/2024 19:00," 1,220.00 ",N
3/10/2024 20:00," 1,550.40 ",N
3/10/2024 21:00," 1,778.40 ",N
3/10/2024 22:00," 1,676.80 ",O
3/10/2024 23:00," 1,480.80 ",O
3/11/2024 0:00," 1,334.40 ",O
3/11/2024 1:00," 1,472.00 ",O
3/11/2024 2:00," 1,444.80 ",O
3/11/2024 3:00, 230.40 ,O
3/11/2024 4:00, 354.40 ,N
3/11/2024 5:00, 880.80 ,N
3/11/2024 6:00," 1,391.25 ",N
3/11/2024 7:00," 1,367.17 ",N
3/11/2024 8:00," 1,114.98 ",N
3/11/2024 9:00, 991.08 ,N
3/11/2024 10:00," 1,722.52 ",P
3/11/2024 11:00," 1,259.70 ",P
3/11/2024 12:00," 1,018.28 ",N
3/11/2024 13:00, 905.10 ,N
3/11/2024 14:00," 1,153.41 ",N
3/11/2024 15:00," 1,638.03 ",N
3/11/2024 16:00," 1,603.77 ",N
3/11/2024 17:00," 1,509.18 ",P
3/11/2024 18:00, 994.82 ,P
3/11/2024 19:00," 1,233.60 ",P
3/11/2024 20:00," 1,465.60 ",N
3/11/2024 21:00," 1,463.20 ",N
3/11/2024 22:00," 1,261.60 ",O
3/11/2024 23:00," 1,423.20 ",O
3/12/2024 0:00," 1,556.80 ",O
3/12/2024 1:00," 1,232.80 ",O
3/12/2024 2:00," 1,564.00 ",O
3/12/2024 3:00," 1,275.20 ",O
3/12/2024 4:00," 1,312.80 ",N
3/12/2024 5:00," 1,168.00 ",N
3/12/2024 6:00," 1,272.80 ",N
3/12/2024 7:00, 922.42 ,N
3/12/2024 8:00," 1,110.19 ",N
3/12/2024 9:00," 1,567.16 ",N
3/12/2024 10:00," 1,212.44 ",P
3/12/2024 11:00," 1,091.61 ",P
3/12/2024 12:00, 971.54 ,N
3/12/2024 13:00," 1,055.46 ",N
3/12/2024 14:00, 957.67 ,N
3/12/2024 15:00, 997.56 ,N
3/12/2024 16:00," 1,166.30 ",N
3/12/2024 17:00," 1,040.95 ",P
3/12/2024 18:00," 1,287.92 ",P
3/12/2024 19:00," 1,227.20 ",P
3/12/2024 20:00," 1,147.20 ",N
3/12/2024 21:00," 1,378.40 ",N
3/12/2024 22:00," 1,175.20 ",O
3/12/2024 23:00, 160.80 ,O
3/13/2024 0:00, 104.80 ,O
3/13/2024 1:00, 106.40 ,O
3/13/2024 2:00, 102.40 ,O
3/13/2024 3:00, 108.00 ,O
3/13/2024 4:00, 101.60 ,N
3/13/2024 5:00, 104.00 ,N
3/13/2024 6:00, 86.79 ,N
3/13/2024 7:00, 102.49 ,N
3/13/2024 8:00," 1,053.72 ",N
3/13/2024 9:00," 1,351.25 ",N
3/13/2024 10:00," 1,014.36 ",P
3/13/2024 11:00," 1,130.67 ",P
3/13/2024 12:00," 1,327.62 ",N
3/13/2024 13:00," 1,312.51 ",N
3/13/2024 14:00," 1,182.51 ",N
3/13/2024 15:00," 1,270.68 ",N
3/13/2024 16:00," 1,403.75 ",N
3/13/2024 17:00," 1,739.83 ",P
3/13/2024 18:00," 1,588.78 ",P
3/13/2024 19:00," 1,500.80 ",P
3/13/2024 20:00," 1,536.00 ",N
3/13/2024 21:00," 1,589.60 ",N
3/13/2024 22:00," 1,916.00 ",O
3/13/2024 23:00, 192.00 ,O
3/14/2024 0:00, 107.20 ,O
3/14/2024 1:00, 116.00 ,O
3/14/2024 2:00, 110.40 ,O
3/14/2024 3:00, 110.40 ,O
3/14/2024 4:00, 108.00 ,N
3/14/2024 5:00, 110.40 ,N
3/14/2024 6:00, 103.22 ,N
3/14/2024 7:00, 126.77 ,N
3/14/2024 8:00, 999.97 ,N
3/14/2024 9:00," 1,972.90 ",N
3/14/2024 10:00," 1,497.26 ",P
3/14/2024 11:00," 1,447.36 ",P
3/14/2024 12:00," 1,492.40 ",N
3/14/2024 13:00," 1,665.98 ",N
3/14/2024 14:00," 1,335.16 ",N
3/14/2024 15:00," 1,587.90 ",N
3/14/2024 16:00," 1,409.12 ",N
3/14/2024 17:00," 1,956.79 ",P
3/14/2024 18:00," 1,705.49 ",P
3/14/2024 19:00," 1,647.20 ",P
3/14/2024 20:00," 1,580.80 ",N
3/14/2024 21:00," 1,783.20 ",N
3/14/2024 22:00," 1,466.40 ",O
3/14/2024 23:00," 1,642.40 ",O
3/15/2024 0:00," 1,504.00 ",O
3/15/2024 1:00," 1,396.00 ",O
3/15/2024 2:00," 1,258.40 ",O
3/15/2024 3:00," 1,348.80 ",O
3/15/2024 4:00," 1,135.20 ",N
3/15/2024 5:00," 1,196.80 ",N
3/15/2024 6:00," 1,209.00 ",N
3/15/2024 7:00, 230.66 ,N
3/15/2024 8:00, 288.15 ,N
3/15/2024 9:00, 332.22 ,N
3/15/2024 10:00, 287.76 ,P
3/15/2024 11:00, 233.03 ,P
3/15/2024 12:00, 257.38 ,N
3/15/2024 13:00, 254.79 ,N
3/15/2024 14:00, 276.33 ,N
3/15/2024 15:00, 204.69 ,N
3/15/2024 16:00, 301.36 ,N
3/15/2024 17:00, 228.21 ,P
3/15/2024 18:00, 216.31 ,P
3/15/2024 19:00, 242.40 ,P
3/15/2024 20:00, 200.80 ,N
3/15/2024 21:00, 296.00 ,N
3/15/2024 22:00, 268.00 ,O
3/15/2024 23:00, 291.20 ,O
3/16/2024 0:00, 237.60 ,O
3/16/2024 1:00, 191.20 ,O
3/16/2024 2:00, 243.20 ,O
3/16/2024 3:00, 204.00 ,O
3/16/2024 4:00, 236.00 ,N
3/16/2024 5:00, 293.60 ,N
3/16/2024 6:00, 169.60 ,N
3/16/2024 7:00, 205.31 ,N
3/16/2024 8:00," 1,200.59 ",N
3/16/2024 9:00," 1,832.06 ",N
3/16/2024 10:00," 1,718.38 ",P
3/16/2024 11:00," 1,345.56 ",P
3/16/2024 12:00," 1,408.00 ",N
3/16/2024 13:00," 1,247.32 ",N
3/16/2024 14:00," 1,222.29 ",N
3/16/2024 15:00," 1,327.61 ",N
3/16/2024 16:00," 1,517.33 ",N
3/16/2024 17:00," 1,493.83 ",P
3/16/2024 18:00," 1,418.44 ",P
3/16/2024 19:00," 1,030.40 ",P
3/16/2024 20:00," 1,524.00 ",N
3/16/2024 21:00," 1,386.40 ",N
3/16/2024 22:00," 1,324.00 ",O
3/16/2024 23:00," 1,220.00 ",O
3/17/2024 0:00," 1,348.80 ",O
3/17/2024 1:00," 1,544.80 ",O
3/17/2024 2:00," 1,356.00 ",O
3/17/2024 3:00," 1,223.20 ",O
3/17/2024 4:00, 995.20 ,N
3/17/2024 5:00," 1,268.00 ",N
3/17/2024 6:00," 1,071.28 ",N
3/17/2024 7:00," 1,080.56 ",N
3/17/2024 8:00," 1,433.37 ",N
3/17/2024 9:00," 1,536.18 ",N
3/17/2024 10:00," 1,523.62 ",N
3/17/2024 11:00," 1,417.56 ",N
3/17/2024 12:00," 1,858.00 ",N
3/17/2024 13:00," 1,821.11 ",N
3/17/2024 14:00," 2,055.08 ",N
3/17/2024 15:00," 1,685.35 ",N
3/17/2024 16:00," 1,935.98 ",N
3/17/2024 17:00," 1,652.92 ",N
3/17/2024 18:00," 1,211.74 ",N
3/17/2024 19:00," 1,214.40 ",N
3/17/2024 20:00," 1,048.00 ",N
3/17/2024 21:00," 1,320.80 ",N
3/17/2024 22:00," 1,692.00 ",O
3/17/2024 23:00," 1,456.80 ",O
3/18/2024 0:00," 1,660.80 ",O
3/18/2024 1:00," 1,558.40 ",O
3/18/2024 2:00," 1,351.20 ",O
3/18/2024 3:00, 954.40 ,O
3/18/2024 4:00," 1,149.60 ",N
3/18/2024 5:00, 950.40 ,N
3/18/2024 6:00," 1,003.50 ",N
3/18/2024 7:00," 1,142.23 ",N
3/18/2024 8:00," 1,496.27 ",N
3/18/2024 9:00," 1,685.00 ",N
3/18/2024 10:00," 1,751.14 ",P
3/18/2024 11:00," 1,623.25 ",P
3/18/2024 12:00," 1,835.13 ",N
3/18/2024 13:00," 1,759.08 ",N
3/18/2024 14:00," 1,739.00 ",N
3/18/2024 15:00," 1,558.58 ",N
3/18/2024 16:00," 1,589.52 ",N
3/18/2024 17:00," 1,636.57 ",P
3/18/2024 18:00," 1,446.08 ",P
3/18/2024 19:00," 1,508.00 ",P
3/18/2024 20:00," 1,304.00 ",N
3/18/2024 21:00," 1,274.40 ",N
3/18/2024 22:00," 1,512.80 ",O
3/18/2024 23:00," 1,444.00 ",O
3/19/2024 0:00," 1,532.00 ",O
3/19/2024 1:00," 1,208.80 ",O
3/19/2024 2:00," 1,256.80 ",O
3/19/2024 3:00," 1,124.00 ",O
3/19/2024 4:00," 1,070.40 ",N
3/19/2024 5:00," 1,064.00 ",N
3/19/2024 6:00," 1,158.63 ",N
3/19/2024 7:00," 1,337.61 ",N
3/19/2024 8:00," 1,602.44 ",N
3/19/2024 9:00," 1,659.93 ",N
3/19/2024 10:00, -  ,P
3/19/2024 11:00," 1,537.53 ",P
3/19/2024 12:00," 1,283.80 ",N
3/19/2024 13:00," 1,608.33 ",N
3/19/2024 14:00," 1,597.92 ",N
3/19/2024 15:00," 1,735.17 ",N
3/19/2024 16:00," 1,535.97 ",N
3/19/2024 17:00," 1,401.40 ",P
3/19/2024 18:00," 1,316.84 ",P
3/19/2024 19:00," 1,148.00 ",P
3/19/2024 20:00," 1,382.40 ",N
3/19/2024 21:00," 1,640.80 ",N
3/19/2024 22:00," 1,377.60 ",O
3/19/2024 23:00," 1,239.20 ",O
3/20/2024 0:00, 950.40 ,O
3/20/2024 1:00," 1,244.80 ",O
3/20/2024 2:00, 963.20 ,O
3/20/2024 3:00, 860.80 ,O
3/20/2024 4:00, 976.80 ,N
3/20/2024 5:00," 1,053.60 ",N
3/20/2024 6:00, 880.94 ,N
3/20/2024 7:00, 756.27 ,N
3/20/2024 8:00," 1,395.16 ",N
3/20/2024 9:00," 1,631.19 ",N
3/20/2024 10:00," 1,633.02 ",P
3/20/2024 11:00," 1,232.00 ",P
3/20/2024 12:00," 1,467.24 ",N
3/20/2024 13:00," 1,286.25 ",N
3/20/2024 14:00," 1,439.51 ",N
3/20/2024 15:00," 1,449.08 ",N
3/20/2024 16:00," 1,125.49 ",N
3/20/2024 17:00," 1,313.41 ",P
3/20/2024 18:00," 1,105.90 ",P
3/20/2024 19:00," 1,031.20 ",P
3/20/2024 20:00," 1,051.20 ",N
3/20/2024 21:00," 1,335.20 ",N
3/20/2024 22:00," 1,077.60 ",O
3/20/2024 23:00," 1,121.60 ",O
3/21/2024 0:00," 1,212.00 ",O
3/21/2024 1:00," 1,262.40 ",O
3/21/2024 2:00," 1,207.20 ",O
3/21/2024 3:00, 970.40 ,O
3/21/2024 4:00, 967.20 ,N
3/21/2024 5:00," 1,076.80 ",N
3/21/2024 6:00, 691.33 ,N
3/21/2024 7:00, 897.95 ,N
3/21/2024 8:00, 500.20 ,N
3/21/2024 9:00, 375.34 ,N
3/21/2024 10:00, 375.59 ,P
3/21/2024 11:00, 389.91 ,P
3/21/2024 12:00, 750.08 ,N
3/21/2024 13:00," 1,316.53 ",N
3/21/2024 14:00," 1,499.78 ",N
3/21/2024 15:00," 1,507.15 ",N
3/21/2024 16:00," 1,397.37 ",N
3/21/2024 17:00, 997.74 ,P
3/21/2024 18:00, 884.93 ,P
3/21/2024 19:00, 686.40 ,P
3/21/2024 20:00," 1,051.20 ",N
3/21/2024 21:00," 1,072.80 ",N
3/21/2024 22:00," 1,167.20 ",O
3/21/2024 23:00," 1,155.20 ",O
3/22/2024 0:00, 943.20 ,O
3/22/2024 1:00," 1,432.80 ",O
3/22/2024 2:00," 1,044.00 ",O
3/22/2024 3:00," 1,157.60 ",O
3/22/2024 4:00, 960.80 ,N
3/22/2024 5:00, 852.80 ,N
3/22/2024 6:00," 1,154.81 ",N
3/22/2024 7:00, 248.72 ,N
3/22/2024 8:00, 294.91 ,N
3/22/2024 9:00, 233.76 ,N
3/22/2024 10:00, 233.44 ,P
3/22/2024 11:00, 273.49 ,P
3/22/2024 12:00, 185.87 ,N
3/22/2024 13:00, 251.67 ,N
3/22/2024 14:00, 290.15 ,N
3/22/2024 15:00, 251.85 ,N
3/22/2024 16:00, 267.28 ,N
3/22/2024 17:00, 269.16 ,P
3/22/2024 18:00, 186.39 ,P
3/22/2024 19:00, 352.00 ,P
3/22/2024 20:00, 209.60 ,N
3/22/2024 21:00, 269.60 ,N
3/22/2024 22:00, 288.80 ,O
3/22/2024 23:00, 246.40 ,O
3/23/2024 0:00, 255.20 ,O
3/23/2024 1:00, 220.00 ,O
3/23/2024 2:00, 287.20 ,O
3/23/2024 3:00, 292.80 ,O
3/23/2024 4:00, 234.40 ,N
3/23/2024 5:00, 231.20 ,N
3/23/2024 6:00, 217.41 ,N
3/23/2024 7:00, 235.21 ,N
3/23/2024 8:00, 822.23 ,N
3/23/2024 9:00," 1,224.44 ",N
3/23/2024 10:00," 1,183.91 ",P
3/23/2024 11:00," 1,080.40 ",P
3/23/2024 12:00," 1,034.16 ",N
3/23/2024 13:00," 1,287.31 ",N
3/23/2024 14:00, 930.64 ,N
3/23/2024 15:00," 1,303.58 ",N
3/23/2024 16:00," 1,377.86 ",N
3/23/2024 17:00," 1,489.13 ",P
3/23/2024 18:00," 1,582.54 ",P
3/23/2024 19:00," 1,236.80 ",P
3/23/2024 20:00," 1,488.80 ",N
3/23/2024 21:00," 1,436.80 ",N
3/23/2024 22:00," 1,529.60 ",O
3/23/2024 23:00," 1,294.40 ",O
3/24/2024 0:00," 1,304.00 ",O
3/24/2024 1:00," 1,234.40 ",O
3/24/2024 2:00," 1,701.60 ",O
3/24/2024 3:00," 1,300.00 ",O
3/24/2024 4:00," 1,364.80 ",N
3/24/2024 5:00," 1,507.20 ",N
3/24/2024 6:00," 1,696.00 ",N
3/24/2024 7:00," 1,387.64 ",N
3/24/2024 8:00," 1,583.01 ",N
3/24/2024 9:00," 2,116.26 ",N
3/24/2024 10:00," 2,008.05 ",N
3/24/2024 11:00," 1,681.41 ",N
3/24/2024 12:00," 1,625.79 ",N
3/24/2024 13:00," 1,544.62 ",N
3/24/2024 14:00," 1,606.75 ",N
3/24/2024 15:00," 1,395.18 ",N
3/24/2024 16:00," 1,443.60 ",N
3/24/2024 17:00," 1,556.40 ",N
3/24/2024 18:00," 1,556.11 ",N
3/24/2024 19:00," 1,073.60 ",N
3/24/2024 20:00," 1,459.20 ",N
3/24/2024 21:00," 1,785.60 ",N
3/24/2024 22:00," 1,840.00 ",O
3/24/2024 23:00," 1,543.20 ",O
3/25/2024 0:00," 1,344.80 ",O
3/25/2024 1:00," 1,585.60 ",O
3/25/2024 2:00," 1,395.20 ",O
3/25/2024 3:00," 1,634.40 ",O
3/25/2024 4:00," 1,428.00 ",N
3/25/2024 5:00," 1,732.80 ",N
3/25/2024 6:00," 1,353.62 ",N
3/25/2024 7:00," 1,535.86 ",N
3/25/2024 8:00," 1,275.61 ",N
3/25/2024 9:00," 1,988.33 ",N
3/25/2024 10:00," 1,904.75 ",P
3/25/2024 11:00," 1,672.28 ",P
3/25/2024 12:00," 1,859.28 ",N
3/25/2024 13:00," 1,626.32 ",N
3/25/2024 14:00," 1,494.97 ",N
3/25/2024 15:00," 1,162.25 ",N
3/25/2024 16:00," 1,264.54 ",N
3/25/2024 17:00," 1,476.87 ",P
3/25/2024 18:00," 1,536.55 ",P
3/25/2024 19:00," 1,277.60 ",P
3/25/2024 20:00," 1,460.80 ",N
3/25/2024 21:00," 1,661.60 ",N
3/25/2024 22:00," 1,407.20 ",O
3/25/2024 23:00," 1,428.00 ",O
3/26/2024 0:00," 1,554.40 ",O
3/26/2024 1:00," 1,313.60 ",O
3/26/2024 2:00," 1,546.40 ",O
3/26/2024 3:00," 1,344.80 ",O
3/26/2024 4:00," 1,362.40 ",N
3/26/2024 5:00," 1,128.80 ",N
3/26/2024 6:00," 1,486.42 ",N
3/26/2024 7:00," 1,323.31 ",N
3/26/2024 8:00," 1,226.96 ",N
3/26/2024 9:00," 1,796.02 ",N
3/26/2024 10:00," 1,668.54 ",P
3/26/2024 11:00," 1,931.97 ",P
3/26/2024 12:00," 1,668.96 ",N
3/26/2024 13:00," 1,763.69 ",N
3/26/2024 14:00," 1,580.00 ",N
3/26/2024 15:00," 1,714.12 ",N
3/26/2024 16:00," 1,622.30 ",N
3/26/2024 17:00," 1,842.21 ",P
3/26/2024 18:00," 1,704.34 ",P
3/26/2024 19:00," 1,539.20 ",P
3/26/2024 20:00," 1,760.00 ",N
3/26/2024 21:00," 1,748.00 ",N
3/26/2024 22:00," 1,951.20 ",O
3/26/2024 23:00," 1,534.40 ",O
3/27/2024 0:00," 1,479.20 ",O
3/27/2024 1:00," 1,765.60 ",O
3/27/2024 2:00," 1,462.40 ",O
3/27/2024 3:00," 1,915.20 ",O
3/27/2024 4:00," 1,624.80 ",N
3/27/2024 5:00," 1,568.00 ",N
3/27/2024 6:00," 1,421.67 ",N
3/27/2024 7:00," 1,488.27 ",N
3/27/2024 8:00," 1,486.48 ",N
3/27/2024 9:00," 1,803.34 ",N
3/27/2024 10:00," 2,033.63 ",P
3/27/2024 11:00," 1,696.78 ",P
3/27/2024 12:00," 1,592.55 ",N
3/27/2024 13:00," 1,457.42 ",N
3/27/2024 14:00," 1,641.99 ",N
3/27/2024 15:00," 1,955.91 ",N
3/27/2024 16:00," 1,702.84 ",N
3/27/2024 17:00," 1,466.81 ",P
3/27/2024 18:00," 1,663.51 ",P
3/27/2024 19:00," 1,294.40 ",P
3/27/2024 20:00," 1,368.00 ",N
3/27/2024 21:00," 1,146.40 ",N
3/27/2024 22:00," 1,459.20 ",O
3/27/2024 23:00," 1,268.80 ",O
3/28/2024 0:00, 923.20 ,O
3/28/2024 1:00," 1,351.20 ",O
3/28/2024 2:00," 1,026.40 ",O
3/28/2024 3:00," 1,252.80 ",O
3/28/2024 4:00," 1,265.60 ",N
3/28/2024 5:00, 918.40 ,N
3/28/2024 6:00," 1,050.83 ",N
3/28/2024 7:00, 806.03 ,N
3/28/2024 8:00," 1,095.82 ",N
3/28/2024 9:00," 1,270.33 ",N
3/28/2024 10:00," 1,318.43 ",P
3/28/2024 11:00," 1,137.05 ",P
3/28/2024 12:00," 1,338.91 ",N
3/28/2024 13:00," 1,124.64 ",N
3/28/2024 14:00," 1,168.05 ",N
3/28/2024 15:00," 1,479.41 ",N
3/28/2024 16:00," 1,301.43 ",N
3/28/2024 17:00," 1,478.39 ",P
3/28/2024 18:00," 1,147.38 ",P
3/28/2024 19:00," 1,016.00 ",P
3/28/2024 20:00," 1,436.00 ",N
3/28/2024 21:00," 1,550.40 ",N
3/28/2024 22:00," 1,441.60 ",O
3/28/2024 23:00," 1,428.00 ",O
3/29/2024 0:00," 1,300.00 ",O
3/29/2024 1:00," 1,284.00 ",O
3/29/2024 2:00," 1,629.60 ",O
3/29/2024 3:00," 1,440.00 ",O
3/29/2024 4:00," 1,583.20 ",N
3/29/2024 5:00," 1,600.00 ",N
3/29/2024 6:00," 1,140.38 ",N
3/29/2024 7:00, 204.83 ,N
3/29/2024 8:00, 307.07 ,N
3/29/2024 9:00, 313.22 ,N
3/29/2024 10:00, 355.55 ,P
3/29/2024 11:00, 311.52 ,P
3/29/2024 12:00, 299.72 ,N
3/29/2024 13:00, 315.35 ,N
3/29/2024 14:00, 283.38 ,N
3/29/2024 15:00, 230.68 ,N
3/29/2024 16:00, 250.68 ,N
3/29/2024 17:00, 298.52 ,P
3/29/2024 18:00, 256.17 ,P
3/29/2024 19:00, 318.40 ,P
3/29/2024 20:00, 298.40 ,N
3/29/2024 21:00, 237.60 ,N
3/29/2024 22:00, 305.60 ,O
3/29/2024 23:00, 168.00 ,O
3/30/2024 0:00, 228.80 ,O
3/30/2024 1:00, 226.40 ,O
3/30/2024 2:00, 221.60 ,O
3/30/2024 3:00, 135.20 ,O
3/30/2024 4:00, 148.80 ,N
3/30/2024 5:00, 203.20 ,N
3/30/2024 6:00, 139.95 ,N
3/30/2024 7:00, 168.35 ,N
3/30/2024 8:00, 999.19 ,N
3/30/2024 9:00," 1,188.22 ",N
3/30/2024 10:00," 1,369.76 ",P
3/30/2024 11:00," 1,382.26 ",P
3/30/2024 12:00," 1,401.95 ",N
3/30/2024 13:00," 1,395.96 ",N
3/30/2024 14:00," 1,436.28 ",N
3/30/2024 15:00," 1,584.29 ",N
3/30/2024 16:00," 1,458.46 ",N
3/30/2024 17:00," 1,392.38 ",P
3/30/2024 18:00," 1,600.34 ",P
3/30/2024 19:00," 1,251.20 ",P
3/30/2024 20:00, 921.60 ,N
3/30/2024 21:00," 1,216.00 ",N
3/30/2024 22:00," 1,305.60 ",O
3/30/2024 23:00, 875.20 ,O
3/31/2024 0:00," 1,137.60 ",O
3/31/2024 1:00, 760.00 ,O
3/31/2024 2:00," 1,196.80 ",O
3/31/2024 3:00," 1,156.00 ",O
3/31/2024 4:00," 1,220.00 ",N
3/31/2024 5:00," 1,054.40 ",N
3/31/2024 6:00," 1,293.30 ",N
3/31/2024 7:00," 1,393.79 ",N
3/31/2024 8:00," 1,579.90 ",N
3/31/2024 9:00," 1,649.70 ",N
3/31/2024 10:00," 1,676.94 ",N
3/31/2024 11:00," 1,684.75 ",N
3/31/2024 12:00," 1,931.87 ",N
3/31/2024 13:00," 1,728.95 ",N
3/31/2024 14:00," 1,653.20 ",N
3/31/2024 15:00," 1,470.11 ",N
3/31/2024 16:00," 1,634.31 ",N
3/31/2024 17:00," 1,538.11 ",N
3/31/2024 18:00," 1,470.40 ",N
3/31/2024 19:00," 1,250.40 ",N
3/31/2024 20:00," 1,324.80 ",N
3/31/2024 21:00," 1,529.60 ",N
3/31/2024 22:00," 1,635.20 ",O
3/31/2024 23:00," 1,508.00 ",O
4/1/2024 0:00, 972.00 ,O
4/1/2024 1:00," 1,086.40 ",O
4/1/2024 2:00," 1,562.40 ",O
4/1/2024 3:00," 1,220.00 ",O
4/1/2024 4:00," 1,601.60 ",N
4/1/2024 5:00," 1,461.60 ",N
4/1/2024 6:00," 1,554.49 ",N
4/1/2024 7:00," 1,258.89 ",N
4/1/2024 8:00," 1,130.66 ",N
4/1/2024 9:00," 1,493.05 ",N
4/1/2024 10:00," 1,407.71 ",P
4/1/2024 11:00," 1,593.02 ",P
4/1/2024 12:00," 1,931.91 ",N
4/1/2024 13:00," 1,327.85 ",N
4/1/2024 14:00," 1,348.66 ",N
4/1/2024 15:00," 1,472.45 ",N
4/1/2024 16:00," 1,419.53 ",N
4/1/2024 17:00, 938.57 ,P
4/1/2024 18:00," 1,347.85 ",P
4/1/2024 19:00," 1,007.20 ",P
4/1/2024 20:00," 1,144.00 ",N
4/1/2024 21:00," 1,352.00 ",N
4/1/2024 22:00," 1,520.80 ",O
4/1/2024 23:00," 1,532.80 ",O
4/2/2024 0:00," 1,087.20 ",O
4/2/2024 1:00," 1,328.80 ",O
4/2/2024 2:00," 1,067.20 ",O
4/2/2024 3:00," 1,069.60 ",O
4/2/2024 4:00, 964.80 ,N
4/2/2024 5:00," 1,233.60 ",N
4/2/2024 6:00," 1,241.19 ",N
4/2/2024 7:00," 1,139.75 ",N
4/2/2024 8:00," 1,485.34 ",N
4/2/2024 9:00," 1,788.57 ",N
4/2/2024 10:00," 1,486.33 ",P
4/2/2024 11:00," 1,635.41 ",P
4/2/2024 12:00," 1,839.26 ",N
4/2/2024 13:00," 1,431.43 ",N
4/2/2024 14:00," 1,727.17 ",N
4/2/2024 15:00," 1,726.44 ",N
4/2/2024 16:00," 1,599.50 ",N
4/2/2024 17:00," 1,633.04 ",P
4/2/2024 18:00," 1,619.48 ",P
4/2/2024 19:00," 1,533.60 ",P
4/2/2024 20:00," 1,748.80 ",N
4/2/2024 21:00," 1,145.60 ",N
4/2/2024 22:00," 1,203.20 ",O
4/2/2024 23:00, 382.40 ,O
4/3/2024 0:00, 120.00 ,O
4/3/2024 1:00, 126.40 ,O
4/3/2024 2:00, 118.40 ,O
4/3/2024 3:00, 124.80 ,O
4/3/2024 4:00, 127.20 ,N
4/3/2024 5:00, 104.80 ,N
4/3/2024 6:00, 90.46 ,N
4/3/2024 7:00, 181.64 ,N
4/3/2024 8:00," 1,303.89 ",N
4/3/2024 9:00," 1,594.00 ",N
4/3/2024 10:00," 1,722.69 ",P
4/3/2024 11:00," 1,824.60 ",P
4/3/2024 12:00," 1,538.35 ",N
4/3/2024 13:00," 1,462.82 ",N
4/3/2024 14:00," 1,763.06 ",N
4/3/2024 15:00," 1,727.08 ",N
4/3/2024 16:00," 1,726.74 ",N
4/3/2024 17:00," 1,440.06 ",P
4/3/2024 18:00," 1,485.88 ",P
4/3/2024 19:00," 1,420.00 ",P
4/3/2024 20:00," 1,555.20 ",N
4/3/2024 21:00," 1,828.80 ",N
4/3/2024 22:00," 1,337.60 ",O
4/3/2024 23:00," 1,448.80 ",O
4/4/2024 0:00," 1,088.80 ",O
4/4/2024 1:00," 1,398.40 ",O
4/4/2024 2:00," 1,239.20 ",O
4/4/2024 3:00," 1,181.60 ",O
4/4/2024 4:00," 1,463.20 ",N
4/4/2024 5:00," 1,187.20 ",N
4/4/2024 6:00," 1,184.80 ",N
4/4/2024 7:00," 1,603.46 ",N
4/4/2024 8:00," 1,609.35 ",N
4/4/2024 9:00," 1,528.21 ",N
4/4/2024 10:00," 1,584.41 ",P
4/4/2024 11:00," 1,411.61 ",P
4/4/2024 12:00," 1,807.63 ",N
4/4/2024 13:00," 1,580.83 ",N
4/4/2024 14:00," 1,109.43 ",N
4/4/2024 15:00," 1,562.90 ",N
4/4/2024 16:00," 1,288.14 ",N
4/4/2024 17:00," 1,690.75 ",P
4/4/2024 18:00," 1,651.22 ",P
4/4/2024 19:00," 1,392.80 ",P
4/4/2024 20:00," 1,446.40 ",N
4/4/2024 21:00," 1,270.40 ",N
4/4/2024 22:00," 1,509.60 ",O
4/4/2024 23:00," 1,620.00 ",O
4/5/2024 0:00," 1,519.20 ",O
4/5/2024 1:00," 1,356.80 ",O
4/5/2024 2:00," 1,847.20 ",O
4/5/2024 3:00," 1,688.00 ",O
4/5/2024 4:00," 1,469.60 ",N
4/5/2024 5:00," 1,407.20 ",N
4/5/2024 6:00," 1,298.41 ",N
4/5/2024 7:00, 341.46 ,N
4/5/2024 8:00, 276.42 ,N
4/5/2024 9:00, 284.24 ,N
4/5/2024 10:00, 269.00 ,P
4/5/2024 11:00, 333.85 ,P
4/5/2024 12:00, 211.97 ,N
4/5/2024 13:00, 211.25 ,N
4/5/2024 14:00, 343.66 ,N
4/5/2024 15:00, 393.17 ,N
4/5/2024 16:00, 317.16 ,N
4/5/2024 17:00, 348.83 ,P
4/5/2024 18:00, 281.69 ,P
4/5/2024 19:00, 266.40 ,P
4/5/2024 20:00, 309.60 ,N
4/5/2024 21:00, 292.00 ,N
4/5/2024 22:00, 243.20 ,O
4/5/2024 23:00, 139.20 ,O
4/6/2024 0:00, 142.40 ,O
4/6/2024 1:00, 124.00 ,O
4/6/2024 2:00, 118.40 ,O
4/6/2024 3:00, 115.20 ,O
4/6/2024 4:00, 101.60 ,N
4/6/2024 5:00, 99.20 ,N
4/6/2024 6:00, 81.80 ,N
4/6/2024 7:00, 89.49 ,N
4/6/2024 8:00, 89.12 ,N
4/6/2024 9:00, 88.08 ,N
4/6/2024 10:00, 84.45 ,P
4/6/2024 11:00, 92.13 ,P
4/6/2024 12:00, 88.26 ,N
4/6/2024 13:00, 92.71 ,N
4/6/2024 14:00, 86.80 ,N
4/6/2024 15:00, 98.25 ,N
4/6/2024 16:00, 88.18 ,N
4/6/2024 17:00, 94.90 ,P
4/6/2024 18:00, 102.07 ,P
4/6/2024 19:00, 104.80 ,P
4/6/2024 20:00, 103.20 ,N
4/6/2024 21:00, 111.20 ,N
4/6/2024 22:00, 101.60 ,O
4/6/2024 23:00, 107.20 ,O
4/7/2024 0:00, 96.80 ,O
4/7/2024 1:00, 103.20 ,O
4/7/2024 2:00, 100.00 ,O
4/7/2024 3:00, 101.60 ,O
4/7/2024 4:00, 96.00 ,N
4/7/2024 5:00, 101.60 ,N
4/7/2024 6:00, 90.64 ,N
4/7/2024 7:00, 142.37 ,N
4/7/2024 8:00, 876.81 ,N
4/7/2024 9:00," 1,186.13 ",N
4/7/2024 10:00," 1,409.20 ",N
4/7/2024 11:00," 1,645.07 ",N
4/7/2024 12:00," 1,551.51 ",N
4/7/2024 13:00," 1,454.84 ",N
4/7/2024 14:00," 1,456.70 ",N
4/7/2024 15:00," 1,631.39 ",N
4/7/2024 16:00," 1,631.55 ",N
4/7/2024 17:00," 1,765.93 ",N
4/7/2024 18:00," 1,730.86 ",N
4/7/2024 19:00," 1,846.40 ",N
4/7/2024 20:00," 1,725.60 ",N
4/7/2024 21:00," 1,554.40 ",N
4/7/2024 22:00," 1,998.40 ",O
4/7/2024 23:00," 1,700.80 ",O
4/8/2024 0:00," 1,940.80 ",O
4/8/2024 1:00," 1,621.60 ",O
4/8/2024 2:00," 1,272.80 ",O
4/8/2024 3:00," 1,277.60 ",O
4/8/2024 4:00," 1,742.40 ",N
4/8/2024 5:00," 1,696.00 ",N
4/8/2024 6:00," 1,093.03 ",N
4/8/2024 7:00," 1,153.37 ",N
4/8/2024 8:00," 1,724.16 ",N
4/8/2024 9:00," 2,138.26 ",N
4/8/2024 10:00," 1,900.05 ",P
4/8/2024 11:00," 2,133.19 ",P
4/8/2024 12:00," 1,700.03 ",N
4/8/2024 13:00," 1,540.68 ",N
4/8/2024 14:00," 1,354.53 ",N
4/8/2024 15:00," 1,652.81 ",N
4/8/2024 16:00," 1,811.04 ",N
4/8/2024 17:00," 1,517.04 ",P
4/8/2024 18:00," 1,866.30 ",P
4/8/2024 19:00," 1,745.60 ",P
4/8/2024 20:00," 2,057.60 ",N
4/8/2024 21:00," 1,675.20 ",N
4/8/2024 22:00," 1,663.20 ",O
4/8/2024 23:00," 1,429.60 ",O
4/9/2024 0:00," 1,479.20 ",O
4/9/2024 1:00," 1,613.60 ",O
4/9/2024 2:00," 1,020.80 ",O
4/9/2024 3:00," 1,254.40 ",O
4/9/2024 4:00," 1,267.20 ",N
4/9/2024 5:00," 1,392.00 ",N
4/9/2024 6:00," 1,293.52 ",N
4/9/2024 7:00, 650.27 ,N
4/9/2024 8:00," 1,468.70 ",N
4/9/2024 9:00," 1,476.86 ",N
4/9/2024 10:00," 1,368.50 ",P
4/9/2024 11:00," 1,103.42 ",P
4/9/2024 12:00," 1,738.66 ",N
4/9/2024 13:00," 1,353.65 ",N
4/9/2024 14:00," 1,671.77 ",N
4/9/2024 15:00," 1,643.70 ",N
4/9/2024 16:00," 1,554.15 ",N
4/9/2024 17:00," 1,624.38 ",P
4/9/2024 18:00," 1,597.41 ",P
4/9/2024 19:00," 1,305.60 ",P
4/9/2024 20:00," 1,634.40 ",N
4/9/2024 21:00," 1,851.20 ",N
4/9/2024 22:00," 1,613.60 ",O
4/9/2024 23:00," 1,363.20 ",O
4/10/2024 0:00," 1,245.60 ",O
4/10/2024 1:00," 1,235.20 ",O
4/10/2024 2:00," 1,324.00 ",O
4/10/2024 3:00," 1,393.60 ",O
4/10/2024 4:00," 1,192.00 ",N
4/10/2024 5:00," 1,108.00 ",N
4/10/2024 6:00," 1,071.46 ",N
4/10/2024 7:00, 700.38 ,N
4/10/2024 8:00," 1,179.73 ",N
4/10/2024 9:00," 1,627.86 ",N
4/10/2024 10:00," 1,504.31 ",P
4/10/2024 11:00," 1,607.66 ",P
4/10/2024 12:00," 1,708.11 ",N
4/10/2024 13:00," 1,747.62 ",N
4/10/2024 14:00," 1,656.81 ",N
4/10/2024 15:00," 1,940.67 ",N
4/10/2024 16:00," 1,471.77 ",N
4/10/2024 17:00," 1,831.38 ",P
4/10/2024 18:00," 1,741.73 ",P
4/10/2024 19:00," 1,332.80 ",P
4/10/2024 20:00," 1,913.60 ",N
4/10/2024 21:00," 1,916.00 ",N
4/10/2024 22:00," 1,797.60 ",O
4/10/2024 23:00," 1,308.00 ",O
4/11/2024 0:00," 1,379.20 ",O
4/11/2024 1:00," 1,590.40 ",O
4/11/2024 2:00," 1,549.60 ",O
4/11/2024 3:00, 934.40 ,O
4/11/2024 4:00," 1,459.20 ",N
4/11/2024 5:00," 1,591.20 ",N
4/11/2024 6:00, 966.93 ,N
4/11/2024 7:00," 1,477.58 ",N
4/11/2024 8:00," 1,354.98 ",N
4/11/2024 9:00," 1,698.04 ",N
4/11/2024 10:00," 1,687.35 ",P
4/11/2024 11:00," 1,799.84 ",P
4/11/2024 12:00," 1,492.56 ",N
4/11/2024 13:00," 1,614.83 ",N
4/11/2024 14:00," 1,802.67 ",N
4/11/2024 15:00," 1,703.16 ",N
4/11/2024 16:00," 1,953.34 ",N
4/11/2024 17:00," 1,610.26 ",P
4/11/2024 18:00," 1,843.25 ",P
4/11/2024 19:00," 1,636.00 ",P
4/11/2024 20:00," 1,706.40 ",N
4/11/2024 21:00," 2,003.20 ",N
4/11/2024 22:00," 1,822.40 ",O
4/11/2024 23:00," 1,698.40 ",O
4/12/2024 0:00," 1,377.60 ",O
4/12/2024 1:00," 1,225.60 ",O
4/12/2024 2:00," 1,188.00 ",O
4/12/2024 3:00," 1,199.20 ",O
4/12/2024 4:00," 1,212.00 ",N
4/12/2024 5:00," 1,070.40 ",N
4/12/2024 6:00, 974.02 ,N
4/12/2024 7:00, 196.41 ,N
4/12/2024 8:00, 173.54 ,N
4/12/2024 9:00, -  ,N
4/12/2024 10:00, -  ,P
4/12/2024 11:00, -  ,P
4/12/2024 12:00, -  ,N
4/12/2024 13:00, 267.98 ,N
4/12/2024 14:00, 256.13 ,N
4/12/2024 15:00, 126.65 ,N
4/12/2024 16:00, 227.81 ,N
4/12/2024 17:00, 353.75 ,P
4/12/2024 18:00, 216.66 ,P
4/12/2024 19:00, 193.60 ,P
4/12/2024 20:00, 127.20 ,N
4/12/2024 21:00, 117.60 ,N
4/12/2024 22:00, 128.80 ,O
4/12/2024 23:00, 140.80 ,O
4/13/2024 0:00, 108.80 ,O
4/13/2024 1:00, 100.00 ,O
4/13/2024 2:00, 89.60 ,O
4/13/2024 3:00, 99.20 ,O
4/13/2024 4:00, 91.20 ,N
4/13/2024 5:00, 98.40 ,N
4/13/2024 6:00, 64.27 ,N
4/13/2024 7:00,(44.72),N
4/13/2024 8:00, 503.25 ,N
4/13/2024 9:00, 593.57 ,N
4/13/2024 10:00, 451.25 ,P
4/13/2024 11:00, 445.52 ,P
4/13/2024 12:00," 1,718.71 ",N
4/13/2024 13:00," 1,825.48 ",N
4/13/2024 14:00," 1,311.20 ",N
4/13/2024 15:00," 1,571.20 ",N
4/13/2024 16:00," 1,255.20 ",N
4/13/2024 17:00," 1,663.49 ",P
4/13/2024 18:00," 1,610.94 ",P
4/13/2024 19:00," 1,180.80 ",P
4/13/2024 20:00," 1,295.20 ",N
4/13/2024 21:00," 1,408.00 ",N
4/13/2024 22:00," 1,508.00 ",O
4/13/2024 23:00," 1,367.20 ",O
4/14/2024 0:00," 1,770.40 ",O
4/14/2024 1:00," 1,622.40 ",O
4/14/2024 2:00," 1,314.40 ",O
4/14/2024 3:00," 1,200.80 ",O
4/14/2024 4:00," 1,348.00 ",N
4/14/2024 5:00," 1,156.00 ",N
4/14/2024 6:00," 1,375.18 ",N
4/14/2024 7:00," 1,228.93 ",N
4/14/2024 8:00," 1,763.44 ",N
4/14/2024 9:00," 1,786.45 ",N
4/14/2024 10:00," 1,601.33 ",N
4/14/2024 11:00," 1,886.91 ",N
4/14/2024 12:00," 1,830.37 ",N
4/14/2024 13:00," 1,393.73 ",N
4/14/2024 14:00," 1,534.20 ",N
4/14/2024 15:00," 1,641.38 ",N
4/14/2024 16:00," 1,522.67 ",N
4/14/2024 17:00," 1,554.33 ",N
4/14/2024 18:00," 1,267.67 ",N
4/14/2024 19:00," 1,214.40 ",N
4/14/2024 20:00," 1,422.40 ",N
4/14/2024 21:00," 1,226.40 ",N
4/14/2024 22:00," 1,222.40 ",O
4/14/2024 23:00," 1,440.80 ",O
4/15/2024 0:00," 1,159.20 ",O
4/15/2024 1:00," 1,145.60 ",O
4/15/2024 2:00," 1,368.80 ",O
4/15/2024 3:00, 864.80 ,O
4/15/2024 4:00, 943.20 ,N
4/15/2024 5:00," 1,092.00 ",N
4/15/2024 6:00," 1,156.52 ",N
4/15/2024 7:00, 715.85 ,N
4/15/2024 8:00," 1,374.69 ",N
4/15/2024 9:00," 1,474.58 ",N
4/15/2024 10:00," 1,171.08 ",P
4/15/2024 11:00," 1,452.68 ",P
4/15/2024 12:00," 1,536.42 ",N
4/15/2024 13:00," 1,489.36 ",N
4/15/2024 14:00," 1,094.15 ",N
4/15/2024 15:00," 1,400.20 ",N
4/15/2024 16:00," 1,681.08 ",N
4/15/2024 17:00," 1,647.59 ",P
4/15/2024 18:00," 1,122.78 ",P
4/15/2024 19:00," 1,656.00 ",P
4/15/2024 20:00," 1,400.80 ",N
4/15/2024 21:00," 1,624.80 ",N
4/15/2024 22:00," 1,046.40 ",O
4/15/2024 23:00," 1,645.60 ",O
4/16/2024 0:00," 1,430.40 ",O
4/16/2024 1:00," 1,149.60 ",O
4/16/2024 2:00," 1,410.40 ",O
4/16/2024 3:00," 1,274.40 ",O
4/16/2024 4:00," 1,276.80 ",N
4/16/2024 5:00," 1,566.40 ",N
4/16/2024 6:00," 1,491.97 ",N
4/16/2024 7:00," 1,493.01 ",N
4/16/2024 8:00," 1,539.82 ",N
4/16/2024 9:00," 1,782.50 ",N
4/16/2024 10:00," 1,835.34 ",P
4/16/2024 11:00," 1,632.70 ",P
4/16/2024 12:00," 1,766.25 ",N
4/16/2024 13:00," 1,904.87 ",N
4/16/2024 14:00," 1,996.52 ",N
4/16/2024 15:00," 1,909.87 ",N
4/16/2024 16:00," 1,550.77 ",N
4/16/2024 17:00," 1,749.96 ",P
4/16/2024 18:00," 2,041.86 ",P
4/16/2024 19:00," 1,636.00 ",P
4/16/2024 20:00," 1,492.80 ",N
4/16/2024 21:00," 1,684.00 ",N
4/16/2024 22:00," 1,725.60 ",O
4/16/2024 23:00," 1,603.20 ",O
4/17/2024 0:00, 792.00 ,O
4/17/2024 1:00, 863.20 ,O
4/17/2024 2:00, 843.20 ,O
4/17/2024 3:00, 594.40 ,O
4/17/2024 4:00, 836.00 ,N
4/17/2024 5:00, 635.20 ,N
4/17/2024 6:00, 612.70 ,N
4/17/2024 7:00, 532.41 ,N
4/17/2024 8:00, 903.74 ,N
4/17/2024 9:00, 888.08 ,N
4/17/2024 10:00," 1,104.24 ",P
4/17/2024 11:00, 873.01 ,P
4/17/2024 12:00, 777.27 ,N
4/17/2024 13:00, 991.14 ,N
4/17/2024 14:00, 976.91 ,N
4/17/2024 15:00, 874.21 ,N
4/17/2024 16:00, 861.23 ,N
4/17/2024 17:00, 364.69 ,P
4/17/2024 18:00, 407.55 ,P
4/17/2024 19:00, 380.80 ,P
4/17/2024 20:00, 503.20 ,N
4/17/2024 21:00, 686.40 ,N
4/17/2024 22:00, 699.20 ,O
4/17/2024 23:00, -  ,O
4/18/2024 0:00, -  ,O
4/18/2024 1:00, -  ,O
4/18/2024 2:00, -  ,O
4/18/2024 3:00, -  ,O
4/18/2024 4:00, -  ,N
4/18/2024 5:00, -  ,N
4/18/2024 6:00," 1,576.94 ",N
4/18/2024 7:00," 1,498.25 ",N
4/18/2024 8:00," 1,510.04 ",N
4/18/2024 9:00," 1,902.36 ",N
4/18/2024 10:00," 1,884.64 ",P
4/18/2024 11:00," 1,594.66 ",P
4/18/2024 12:00," 1,945.08 ",N
4/18/2024 13:00," 1,916.27 ",N
4/18/2024 14:00," 2,098.69 ",N
4/18/2024 15:00," 1,693.97 ",N
4/18/2024 16:00," 2,117.63 ",N
4/18/2024 17:00," 2,089.83 ",P
4/18/2024 18:00," 1,694.45 ",P
4/18/2024 19:00," 1,517.60 ",P
4/18/2024 20:00," 1,688.80 ",N
4/18/2024 21:00," 1,653.60 ",N
4/18/2024 22:00," 1,461.60 ",O
4/18/2024 23:00, -  ,O
4/19/2024 0:00, -  ,O
4/19/2024 1:00, -  ,O
4/19/2024 2:00, -  ,O
4/19/2024 3:00, -  ,O
4/19/2024 4:00, -  ,N
4/19/2024 5:00, -  ,N
4/19/2024 6:00, 601.18 ,N
4/19/2024 7:00, 322.86 ,N
4/19/2024 8:00, 345.79 ,N
4/19/2024 9:00, 329.02 ,N
4/19/2024 10:00, 281.97 ,P
4/19/2024 11:00, 315.11 ,P
4/19/2024 12:00, 313.79 ,N
4/19/2024 13:00, 298.37 ,N
4/19/2024 14:00, 287.07 ,N
4/19/2024 15:00, 258.15 ,N
4/19/2024 16:00, 315.61 ,N
4/19/2024 17:00, 311.49 ,P
4/19/2024 18:00, 272.74 ,P
4/19/2024 19:00, 274.40 ,P
4/19/2024 20:00, 260.80 ,N
4/19/2024 21:00, 225.60 ,N
4/19/2024 22:00, 268.00 ,O
4/19/2024 23:00, -  ,O
4/20/2024 0:00, -  ,O
4/20/2024 1:00, -  ,O
4/20/2024 2:00, -  ,O
4/20/2024 3:00, -  ,O
4/20/2024 4:00, -  ,N
4/20/2024 5:00, -  ,N
4/20/2024 6:00, 39.49 ,N
4/20/2024 7:00, 37.99 ,N
4/20/2024 8:00, 302.11 ,N
4/20/2024 9:00, 565.03 ,N
4/20/2024 10:00, 324.56 ,P
4/20/2024 11:00, 314.69 ,P
4/20/2024 12:00, 593.52 ,N
4/20/2024 13:00, 606.68 ,N
4/20/2024 14:00, 413.16 ,N
4/20/2024 15:00, 615.90 ,N
4/20/2024 16:00, 592.27 ,N
4/20/2024 17:00, 583.15 ,P
4/20/2024 18:00, 752.98 ,P
4/20/2024 19:00, 606.40 ,P
4/20/2024 20:00, 505.60 ,N
4/20/2024 21:00, 594.40 ,N
4/20/2024 22:00, 668.80 ,O
4/20/2024 23:00, -  ,O
4/21/2024 0:00, -  ,O
4/21/2024 1:00, -  ,O
4/21/2024 2:00, -  ,O
4/21/2024 3:00, -  ,O
4/21/2024 4:00, -  ,N
4/21/2024 5:00, -  ,N
4/21/2024 6:00," 1,652.41 ",N
4/21/2024 7:00," 1,082.94 ",N
4/21/2024 8:00," 1,038.06 ",N
4/21/2024 9:00," 1,455.50 ",N
4/21/2024 10:00," 1,822.66 ",N
4/21/2024 11:00," 1,569.70 ",N
4/21/2024 12:00," 1,627.19 ",N
4/21/2024 13:00," 1,849.06 ",N
4/21/2024 14:00," 1,544.65 ",N
4/21/2024 15:00," 1,277.50 ",N
4/21/2024 16:00," 1,415.47 ",N
4/21/2024 17:00," 1,528.82 ",N
4/21/2024 18:00," 1,597.60 ",N
4/21/2024 19:00," 1,565.60 ",N
4/21/2024 20:00," 1,574.40 ",N
4/21/2024 21:00," 2,055.20 ",N
4/21/2024 22:00," 2,027.20 ",O
4/21/2024 23:00, -  ,O
4/22/2024 0:00, -  ,O
4/22/2024 1:00, -  ,O
4/22/2024 2:00, -  ,O
4/22/2024 3:00, -  ,O
4/22/2024 4:00, -  ,N
4/22/2024 5:00, -  ,N
4/22/2024 6:00," 1,539.86 ",N
4/22/2024 7:00, 753.77 ,N
4/22/2024 8:00," 1,086.63 ",N
4/22/2024 9:00," 1,522.96 ",N
4/22/2024 10:00," 1,186.08 ",P
4/22/2024 11:00," 1,273.68 ",P
4/22/2024 12:00," 1,087.34 ",N
4/22/2024 13:00," 1,231.63 ",N
4/22/2024 14:00," 1,034.93 ",N
4/22/2024 15:00, 806.51 ,N
4/22/2024 16:00," 1,209.86 ",N
4/22/2024 17:00," 1,026.62 ",P
4/22/2024 18:00," 1,116.44 ",P
4/22/2024 19:00," 1,189.60 ",P
4/22/2024 20:00," 1,585.60 ",N
4/22/2024 21:00," 1,313.60 ",N
4/22/2024 22:00," 1,244.80 ",O
4/22/2024 23:00, -  ,O
4/23/2024 0:00, -  ,O
4/23/2024 1:00, -  ,O
4/23/2024 2:00, -  ,O
4/23/2024 3:00, -  ,O
4/23/2024 4:00, -  ,N
4/23/2024 5:00, -  ,N
4/23/2024 6:00, 726.71 ,N
4/23/2024 7:00, 674.26 ,N
4/23/2024 8:00, 632.53 ,N
4/23/2024 9:00, 561.58 ,N
4/23/2024 10:00, 451.70 ,P
4/23/2024 11:00, 423.12 ,P
4/23/2024 12:00," 1,088.68 ",N
4/23/2024 13:00," 1,337.16 ",N
4/23/2024 14:00," 1,171.09 ",N
4/23/2024 15:00," 1,325.83 ",N
4/23/2024 16:00," 1,450.92 ",N
4/23/2024 17:00," 1,693.95 ",P
4/23/2024 18:00," 1,224.80 ",P
4/23/2024 19:00," 1,521.60 ",P
4/23/2024 20:00," 1,564.00 ",N
4/23/2024 21:00," 1,750.40 ",N
4/23/2024 22:00," 1,775.20 ",O
4/23/2024 23:00, -  ,O
4/24/2024 0:00, -  ,O
4/24/2024 1:00, -  ,O
4/24/2024 2:00, -  ,O
4/24/2024 3:00, -  ,O
4/24/2024 4:00, -  ,N
4/24/2024 5:00, -  ,N
4/24/2024 6:00," 1,263.26 ",N
4/24/2024 7:00, 953.99 ,N
4/24/2024 8:00," 1,386.66 ",N
4/24/2024 9:00," 1,396.16 ",N
4/24/2024 10:00," 1,632.60 ",P
4/24/2024 11:00," 1,604.42 ",P
4/24/2024 12:00," 1,737.85 ",N
4/24/2024 13:00," 1,592.40 ",N
4/24/2024 14:00," 1,657.39 ",N
4/24/2024 15:00," 1,478.10 ",N
4/24/2024 16:00," 1,658.61 ",N
4/24/2024 17:00," 1,608.76 ",P
4/24/2024 18:00," 1,122.71 ",P
4/24/2024 19:00," 1,280.80 ",P
4/24/2024 20:00," 1,492.00 ",N
4/24/2024 21:00," 1,771.20 ",N
4/24/2024 22:00," 1,771.20 ",O
4/24/2024 23:00, -  ,O
4/25/2024 0:00, -  ,O
4/25/2024 1:00, -  ,O
4/25/2024 2:00, -  ,O
4/25/2024 3:00, -  ,O
4/25/2024 4:00, -  ,N
4/25/2024 5:00, -  ,N
4/25/2024 6:00," 1,162.56 ",N
4/25/2024 7:00, 970.89 ,N
4/25/2024 8:00," 1,196.42 ",N
4/25/2024 9:00," 1,332.16 ",N
4/25/2024 10:00," 1,301.10 ",P
4/25/2024 11:00," 1,262.03 ",P
4/25/2024 12:00," 1,431.18 ",N
4/25/2024 13:00," 1,472.89 ",N
4/25/2024 14:00," 1,483.66 ",N
4/25/2024 15:00," 1,473.08 ",N
4/25/2024 16:00," 1,294.28 ",N
4/25/2024 17:00," 1,058.51 ",P
4/25/2024 18:00," 1,464.01 ",P
4/25/2024 19:00," 1,241.60 ",P
4/25/2024 20:00," 1,408.80 ",N
4/25/2024 21:00," 1,203.20 ",N
4/25/2024 22:00," 1,300.00 ",O
4/25/2024 23:00, -  ,O
4/26/2024 0:00, -  ,O
4/26/2024 1:00, -  ,O
4/26/2024 2:00, -  ,O
4/26/2024 3:00, -  ,O
4/26/2024 4:00, -  ,N
4/26/2024 5:00, -  ,N
4/26/2024 6:00," 1,083.81 ",N
4/26/2024 7:00," 1,008.77 ",N
4/26/2024 8:00, 934.39 ,N
4/26/2024 9:00," 1,123.83 ",N
4/26/2024 10:00, 930.99 ,P
4/26/2024 11:00, 972.38 ,P
4/26/2024 12:00, 958.18 ,N
4/26/2024 13:00," 1,202.34 ",N
4/26/2024 14:00, 872.00 ,N
4/26/2024 15:00, 905.88 ,N
4/26/2024 16:00," 1,065.21 ",N
4/26/2024 17:00," 1,003.20 ",P
4/26/2024 18:00," 1,253.16 ",P
4/26/2024 19:00," 1,226.40 ",P
4/26/2024 20:00," 1,049.60 ",N
4/26/2024 21:00," 1,300.00 ",N
4/26/2024 22:00," 1,016.80 ",O
4/26/2024 23:00, -  ,O
4/27/2024 0:00, -  ,O
4/27/2024 1:00, -  ,O
4/27/2024 2:00, -  ,O
4/27/2024 3:00, -  ,O
4/27/2024 4:00, -  ,N
4/27/2024 5:00, -  ,N
4/27/2024 6:00, 976.83 ,N
4/27/2024 7:00, 949.21 ,N
4/27/2024 8:00," 1,320.77 ",N
4/27/2024 9:00," 1,344.34 ",N
4/27/2024 10:00," 1,328.35 ",P
4/27/2024 11:00," 1,413.07 ",P
4/27/2024 12:00," 1,334.17 ",N
4/27/2024 13:00," 1,503.83 ",N
4/27/2024 14:00," 1,371.78 ",N
4/27/2024 15:00," 1,502.03 ",N
4/27/2024 16:00," 1,377.42 ",N
4/27/2024 17:00," 1,514.37 ",P
4/27/2024 18:00," 1,132.46 ",P
4/27/2024 19:00," 1,019.20 ",P
4/27/2024 20:00," 1,064.80 ",N
4/27/2024 21:00," 1,386.40 ",N
4/27/2024 22:00," 1,148.00 ",O
4/27/2024 23:00, -  ,O
4/28/2024 0:00, -  ,O
4/28/2024 1:00, -  ,O
4/28/2024 2:00, -  ,O
4/28/2024 3:00, -  ,O
4/28/2024 4:00, -  ,N
4/28/2024 5:00, -  ,N
4/28/2024 6:00, 989.56 ,N
4/28/2024 7:00, 970.74 ,N
4/28/2024 8:00," 1,081.28 ",N
4/28/2024 9:00," 1,571.81 ",N
4/28/2024 10:00," 1,519.17 ",N
4/28/2024 11:00," 1,461.24 ",N
4/28/2024 12:00," 1,711.45 ",N
4/28/2024 13:00," 1,173.12 ",N
4/28/2024 14:00," 1,493.09 ",N
4/28/2024 15:00," 1,648.07 ",N
4/28/2024 16:00," 1,134.20 ",N
4/28/2024 17:00," 1,182.91 ",N
4/28/2024 18:00," 1,420.36 ",N
4/28/2024 19:00," 1,311.20 ",N
4/28/2024 20:00," 1,405.60 ",N
4/28/2024 21:00," 1,212.00 ",N
4/28/2024 22:00," 1,395.20 ",O
4/28/2024 23:00, -  ,O
4/29/2024 0:00, -  ,O
4/29/2024 1:00, -  ,O
4/29/2024 2:00, -  ,O
4/29/2024 3:00, -  ,O
4/29/2024 4:00, -  ,N
4/29/2024 5:00, -  ,N
4/29/2024 6:00," 1,384.77 ",N
4/29/2024 7:00, 330.45 ,N
4/29/2024 8:00, 66.07 ,N
4/29/2024 9:00, 69.85 ,N
4/29/2024 10:00, 66.87 ,P
4/29/2024 11:00, 69.87 ,P
4/29/2024 12:00, 62.39 ,N
4/29/2024 13:00, 65.31 ,N
4/29/2024 14:00, 60.34 ,N
4/29/2024 15:00, 69.75 ,N
4/29/2024 16:00, 62.25 ,N
4/29/2024 17:00, 69.56 ,P
4/29/2024 18:00, 70.54 ,P
4/29/2024 19:00, 76.80 ,P
4/29/2024 20:00, 72.80 ,N
4/29/2024 21:00, 78.40 ,N
4/29/2024 22:00, 72.00 ,O
4/29/2024 23:00, -  ,O
4/30/2024 0:00, -  ,O
4/30/2024 1:00, -  ,O
4/30/2024 2:00, -  ,O
4/30/2024 3:00, -  ,O
4/30/2024 4:00, -  ,N
4/30/2024 5:00, -  ,N
4/30/2024 6:00, 59.94 ,N
4/30/2024 7:00, 60.62 ,N
4/30/2024 8:00, 57.44 ,N
4/30/2024 9:00, 63.57 ,N
4/30/2024 10:00, 57.64 ,P
4/30/2024 11:00, 64.13 ,P
4/30/2024 12:00, 56.96 ,N
4/30/2024 13:00, 68.40 ,N
4/30/2024 14:00, 60.11 ,N
4/30/2024 15:00, 68.89 ,N
4/30/2024 16:00, 59.77 ,N
4/30/2024 17:00, 69.06 ,P
4/30/2024 18:00, 74.48 ,P
4/30/2024 19:00, 85.60 ,P
4/30/2024 20:00, 76.00 ,N
4/30/2024 21:00, 78.40 ,N
4/30/2024 22:00, 72.80 ,O
4/30/2024 23:00, -  ,O
5/1/2024 0:00, -  ,O
5/1/2024 1:00, -  ,O
5/1/2024 2:00, -  ,O
5/1/2024 3:00, -  ,O
5/1/2024 4:00, -  ,N
5/1/2024 5:00, -  ,N
5/1/2024 6:00, 59.14 ,N
5/1/2024 7:00, 159.51 ,N
5/1/2024 8:00," 1,257.45 ",N
5/1/2024 9:00," 1,452.64 ",N
5/1/2024 10:00," 1,793.30 ",P
5/1/2024 11:00," 1,328.98 ",P
5/1/2024 12:00," 1,338.23 ",N
5/1/2024 13:00," 1,057.16 ",N
5/1/2024 14:00," 1,281.00 ",N
5/1/2024 15:00," 1,089.99 ",N
5/1/2024 16:00," 1,851.16 ",N
5/1/2024 17:00," 1,796.01 ",P
5/1/2024 18:00," 1,783.63 ",P
5/1/2024 19:00," 1,345.60 ",P
5/1/2024 20:00," 1,422.40 ",N
5/1/2024 21:00," 1,416.80 ",N
5/1/2024 22:00," 1,570.40 ",O
5/1/2024 23:00, -  ,O
5/2/2024 0:00, -  ,O
5/2/2024 1:00, -  ,O
5/2/2024 2:00, -  ,O
5/2/2024 3:00, -  ,O
5/2/2024 4:00, -  ,N
5/2/2024 5:00, -  ,N
5/2/2024 6:00," 1,555.10 ",N
5/2/2024 7:00," 1,292.90 ",N
5/2/2024 8:00," 1,616.04 ",N
5/2/2024 9:00," 1,859.69 ",N
5/2/2024 10:00," 1,608.79 ",P
5/2/2024 11:00," 1,823.53 ",P
5/2/2024 12:00," 1,798.16 ",N
5/2/2024 13:00," 1,525.04 ",N
5/2/2024 14:00," 1,520.03 ",N
5/2/2024 15:00," 1,553.31 ",N
5/2/2024 16:00," 1,531.35 ",N
5/2/2024 17:00," 1,537.26 ",P
5/2/2024 18:00," 1,394.40 ",P
5/2/2024 19:00," 1,347.20 ",P
5/2/2024 20:00," 1,466.40 ",N
5/2/2024 21:00," 1,319.20 ",N
5/2/2024 22:00," 1,240.00 ",O
5/2/2024 23:00, -  ,O
5/3/2024 0:00, -  ,O
5/3/2024 1:00, -  ,O
5/3/2024 2:00, -  ,O
5/3/2024 3:00, -  ,O
5/3/2024 4:00, -  ,N
5/3/2024 5:00, -  ,N
5/3/2024 6:00," 1,206.21 ",N
5/3/2024 7:00," 1,033.75 ",N
5/3/2024 8:00," 1,422.49 ",N
5/3/2024 9:00," 1,530.86 ",N
5/3/2024 10:00," 1,656.66 ",P
5/3/2024 11:00," 1,345.49 ",P
5/3/2024 12:00," 1,497.66 ",N
5/3/2024 13:00," 1,691.04 ",N
5/3/2024 14:00," 1,889.88 ",N
5/3/2024 15:00," 1,787.22 ",N
5/3/2024 16:00," 1,100.39 ",N
5/3/2024 17:00," 1,874.44 ",P
5/3/2024 18:00," 1,314.64 ",P
5/3/2024 19:00," 1,416.00 ",P
5/3/2024 20:00, 988.80 ,N
5/3/2024 21:00, 963.20 ,N
5/3/2024 22:00," 1,384.00 ",O
5/3/2024 23:00, -  ,O
5/4/2024 0:00, -  ,O
5/4/2024 1:00, -  ,O
5/4/2024 2:00, -  ,O
5/4/2024 3:00, -  ,O
5/4/2024 4:00, -  ,N
5/4/2024 5:00, -  ,N
5/4/2024 6:00," 1,212.52 ",N
5/4/2024 7:00," 1,002.06 ",N
5/4/2024 8:00, 965.11 ,N
5/4/2024 9:00," 1,411.92 ",N
5/4/2024 10:00," 1,427.90 ",P
5/4/2024 11:00," 1,337.42 ",P
5/4/2024 12:00," 1,072.12 ",N
5/4/2024 13:00," 1,193.71 ",N
5/4/2024 14:00, 980.20 ,N
5/4/2024 15:00," 1,206.25 ",N
5/4/2024 16:00," 1,386.06 ",N
5/4/2024 17:00," 1,219.22 ",P
5/4/2024 18:00," 1,409.58 ",P
5/4/2024 19:00," 1,578.40 ",P
5/4/2024 20:00," 1,444.80 ",N
5/4/2024 21:00," 1,684.00 ",N
5/4/2024 22:00," 1,376.80 ",O
5/4/2024 23:00, -  ,O
5/5/2024 0:00, -  ,O
5/5/2024 1:00, -  ,O
5/5/2024 2:00, -  ,O
5/5/2024 3:00, -  ,O
5/5/2024 4:00, -  ,N
5/5/2024 5:00, -  ,N
5/5/2024 6:00, 781.83 ,N
5/5/2024 7:00, 709.61 ,N
5/5/2024 8:00," 1,534.23 ",N
5/5/2024 9:00," 1,020.52 ",N
5/5/2024 10:00," 1,287.99 ",N
5/5/2024 11:00," 1,475.71 ",N
5/5/2024 12:00," 1,238.10 ",N
5/5/2024 13:00," 1,241.66 ",N
5/5/2024 14:00," 1,191.08 ",N
5/5/2024 15:00," 1,159.84 ",N
5/5/2024 16:00," 1,030.09 ",N
5/5/2024 17:00," 1,147.53 ",N
5/5/2024 18:00," 1,455.48 ",N
5/5/2024 19:00," 1,283.20 ",N
5/5/2024 20:00," 1,238.40 ",N
5/5/2024 21:00," 1,134.40 ",N
5/5/2024 22:00," 1,165.60 ",O
5/5/2024 23:00, -  ,O
5/6/2024 0:00, -  ,O
5/6/2024 1:00, -  ,O
5/6/2024 2:00, -  ,O
5/6/2024 3:00, -  ,O
5/6/2024 4:00, -  ,N
5/6/2024 5:00, -  ,N
5/6/2024 6:00," 1,273.64 ",N
5/6/2024 7:00, 802.24 ,N
5/6/2024 8:00," 1,200.12 ",N
5/6/2024 9:00," 1,471.92 ",N
5/6/2024 10:00," 1,380.94 ",P
5/6/2024 11:00," 1,423.39 ",P
5/6/2024 12:00," 1,393.07 ",N
5/6/2024 13:00," 1,542.06 ",N
5/6/2024 14:00," 1,458.87 ",N
5/6/2024 15:00," 2,088.38 ",N
5/6/2024 16:00," 1,746.30 ",N
5/6/2024 17:00," 1,528.48 ",P
5/6/2024 18:00," 1,628.35 ",P
5/6/2024 19:00," 1,763.20 ",P
5/6/2024 20:00," 1,925.60 ",N
5/6/2024 21:00," 2,003.20 ",N
5/6/2024 22:00," 1,744.00 ",O
5/6/2024 23:00, -  ,O
5/7/2024 0:00, -  ,O
5/7/2024 1:00, -  ,O
5/7/2024 2:00, -  ,O
5/7/2024 3:00, -  ,O
5/7/2024 4:00, -  ,N
5/7/2024 5:00, -  ,N
5/7/2024 6:00," 1,371.41 ",N
5/7/2024 7:00," 1,360.45 ",N
5/7/2024 8:00," 1,498.82 ",N
5/7/2024 9:00," 2,067.10 ",N
5/7/2024 10:00," 1,901.00 ",P
5/7/2024 11:00," 2,047.68 ",P
5/7/2024 12:00," 1,737.95 ",N
5/7/2024 13:00," 1,834.93 ",N
5/7/2024 14:00," 1,799.82 ",N
5/7/2024 15:00," 1,674.82 ",N
5/7/2024 16:00," 1,838.59 ",N
5/7/2024 17:00," 1,892.74 ",P
5/7/2024 18:00," 1,857.12 ",P
5/7/2024 19:00," 1,924.00 ",P
5/7/2024 20:00," 1,824.80 ",N
5/7/2024 21:00," 2,112.80 ",N
5/7/2024 22:00," 1,693.60 ",O
5/7/2024 23:00, -  ,O
5/8/2024 0:00, -  ,O
5/8/2024 1:00, -  ,O
5/8/2024 2:00, -  ,O
5/8/2024 3:00, -  ,O
5/8/2024 4:00, -  ,N
5/8/2024 5:00, -  ,N
5/8/2024 6:00," 1,151.44 ",N
5/8/2024 7:00," 1,016.17 ",N
5/8/2024 8:00," 1,393.71 ",N
5/8/2024 9:00," 1,742.29 ",N
5/8/2024 10:00," 1,918.20 ",P
5/8/2024 11:00," 1,389.52 ",P
5/8/2024 12:00," 1,454.85 ",N
5/8/2024 13:00," 1,572.95 ",N
5/8/2024 14:00," 1,407.01 ",N
5/8/2024 15:00," 1,270.87 ",N
5/8/2024 16:00," 1,921.03 ",N
5/8/2024 17:00," 1,338.79 ",P
5/8/2024 18:00," 1,455.32 ",P
5/8/2024 19:00," 1,472.00 ",P
5/8/2024 20:00," 1,682.40 ",N
5/8/2024 21:00," 1,751.20 ",N
5/8/2024 22:00," 1,388.00 ",O
5/8/2024 23:00, -  ,O
5/9/2024 0:00, -  ,O
5/9/2024 1:00, -  ,O
5/9/2024 2:00, -  ,O
5/9/2024 3:00, -  ,O
5/9/2024 4:00, -  ,N
5/9/2024 5:00, -  ,N
5/9/2024 6:00, 596.80 ,N
5/9/2024 7:00, 559.20 ,N
5/9/2024 8:00, 533.64 ,N
5/9/2024 9:00, 918.03 ,N
5/9/2024 10:00, 967.69 ,P
5/9/2024 11:00, 627.11 ,P
5/9/2024 12:00, 812.06 ,N
5/9/2024 13:00, 905.48 ,N
5/9/2024 14:00, 596.20 ,N
5/9/2024 15:00, 817.36 ,N
5/9/2024 16:00, 855.17 ,N
5/9/2024 17:00, 864.86 ,P
5/9/2024 18:00, 824.19 ,P
5/9/2024 19:00, 626.40 ,P
5/9/2024 20:00, 780.00 ,N
5/9/2024 21:00, 831.20 ,N
5/9/2024 22:00, 764.00 ,O
5/9/2024 23:00, -  ,O
5/10/2024 0:00, -  ,O
5/10/2024 1:00, -  ,O
5/10/2024 2:00, -  ,O
5/10/2024 3:00, -  ,O
5/10/2024 4:00, -  ,N
5/10/2024 5:00, -  ,N
5/10/2024 6:00," 1,606.82 ",N
5/10/2024 7:00," 1,031.20 ",N
5/10/2024 8:00," 1,251.65 ",N
5/10/2024 9:00," 1,182.36 ",N
5/10/2024 10:00," 1,327.16 ",P
5/10/2024 11:00, 662.13 ,P
5/10/2024 12:00, 803.01 ,N
5/10/2024 13:00, 839.44 ,N
5/10/2024 14:00, 881.61 ,N
5/10/2024 15:00, 723.73 ,N
5/10/2024 16:00," 1,037.81 ",N
5/10/2024 17:00," 1,280.78 ",P
5/10/2024 18:00," 1,299.26 ",P
5/10/2024 19:00," 1,091.20 ",P
5/10/2024 20:00," 1,475.20 ",N
5/10/2024 21:00, 901.60 ,N
5/10/2024 22:00," 1,424.80 ",O
5/10/2024 23:00, -  ,O
5/11/2024 0:00, -  ,O
5/11/2024 1:00, -  ,O
5/11/2024 2:00, -  ,O
5/11/2024 3:00, -  ,O
5/11/2024 4:00, -  ,N
5/11/2024 5:00, -  ,N
5/11/2024 6:00," 1,360.96 ",N
5/11/2024 7:00," 1,089.28 ",N
5/11/2024 8:00," 1,352.30 ",N
5/11/2024 9:00," 1,592.85 ",N
5/11/2024 10:00," 1,626.61 ",P
5/11/2024 11:00," 1,541.71 ",P
5/11/2024 12:00," 1,622.30 ",N
5/11/2024 13:00," 1,448.69 ",N
5/11/2024 14:00," 1,620.39 ",N
5/11/2024 15:00," 1,509.99 ",N
5/11/2024 16:00," 1,315.27 ",N
5/11/2024 17:00," 1,693.54 ",P
5/11/2024 18:00," 1,887.87 ",P
5/11/2024 19:00," 1,574.40 ",P
5/11/2024 20:00," 1,738.40 ",N
5/11/2024 21:00," 1,488.00 ",N
5/11/2024 22:00," 1,567.20 ",O
5/11/2024 23:00, -  ,O
5/12/2024 0:00, -  ,O
5/12/2024 1:00, -  ,O
5/12/2024 2:00, -  ,O
5/12/2024 3:00, -  ,O
5/12/2024 4:00, -  ,N
5/12/2024 5:00, -  ,N
5/12/2024 6:00," 1,222.40 ",N
5/12/2024 7:00," 1,224.25 ",N
5/12/2024 8:00," 1,405.36 ",N
5/12/2024 9:00," 1,702.90 ",N
5/12/2024 10:00," 1,163.64 ",N
5/12/2024 11:00," 1,654.09 ",N
5/12/2024 12:00," 1,527.88 ",N
5/12/2024 13:00," 1,582.69 ",N
5/12/2024 14:00," 1,693.20 ",N
5/12/2024 15:00," 1,547.89 ",N
5/12/2024 16:00," 1,494.49 ",N
5/12/2024 17:00," 1,557.60 ",N
5/12/2024 18:00," 1,736.80 ",N
5/12/2024 19:00," 1,518.40 ",N
5/12/2024 20:00," 1,556.00 ",N
5/12/2024 21:00," 1,313.60 ",N
5/12/2024 22:00," 1,468.80 ",O
5/12/2024 23:00, -  ,O
5/13/2024 0:00, -  ,O
5/13/2024 1:00, -  ,O
5/13/2024 2:00, -  ,O
5/13/2024 3:00, -  ,O
5/13/2024 4:00, -  ,N
5/13/2024 5:00, -  ,N
5/13/2024 6:00," 1,067.46 ",N
5/13/2024 7:00," 1,283.56 ",N
5/13/2024 8:00," 1,599.83 ",N
5/13/2024 9:00," 1,734.37 ",N
5/13/2024 10:00," 1,623.04 ",P
5/13/2024 11:00," 1,636.44 ",P
5/13/2024 12:00," 1,725.92 ",N
5/13/2024 13:00," 2,012.08 ",N
5/13/2024 14:00," 1,948.01 ",N
5/13/2024 15:00," 1,556.63 ",N
5/13/2024 16:00," 1,721.90 ",N
5/13/2024 17:00," 1,737.85 ",P
5/13/2024 18:00," 1,569.00 ",P
5/13/2024 19:00," 1,459.20 ",P
5/13/2024 20:00," 1,577.60 ",N
5/13/2024 21:00," 1,764.80 ",N
5/13/2024 22:00," 1,724.00 ",O
5/13/2024 23:00, -  ,O
5/14/2024 0:00, -  ,O
5/14/2024 1:00, -  ,O
5/14/2024 2:00, -  ,O
5/14/2024 3:00, -  ,O
5/14/2024 4:00, -  ,N
5/14/2024 5:00, -  ,N
5/14/2024 6:00," 1,482.89 ",N
5/14/2024 7:00, 905.26 ,N
5/14/2024 8:00," 1,294.00 ",N
5/14/2024 9:00," 1,538.46 ",N
5/14/2024 10:00," 1,566.08 ",P
5/14/2024 11:00," 1,519.88 ",P
5/14/2024 12:00," 2,001.86 ",N
5/14/2024 13:00," 1,474.91 ",N
5/14/2024 14:00," 1,790.37 ",N
5/14/2024 15:00," 1,829.06 ",N
5/14/2024 16:00," 1,677.48 ",N
5/14/2024 17:00," 2,026.10 ",P
5/14/2024 18:00," 1,587.20 ",P
5/14/2024 19:00," 1,344.00 ",P
5/14/2024 20:00," 1,775.20 ",N
5/14/2024 21:00," 1,706.40 ",N
5/14/2024 22:00," 1,422.40 ",O
5/14/2024 23:00, -  ,O
5/15/2024 0:00, -  ,O
5/15/2024 1:00, -  ,O
5/15/2024 2:00, -  ,O
5/15/2024 3:00, -  ,O
5/15/2024 4:00, -  ,N
5/15/2024 5:00, -  ,N
5/15/2024 6:00," 1,055.10 ",N
5/15/2024 7:00," 1,425.04 ",N
5/15/2024 8:00," 1,508.33 ",N
5/15/2024 9:00," 1,700.25 ",N
5/15/2024 10:00," 1,839.55 ",P
5/15/2024 11:00," 1,816.85 ",P
5/15/2024 12:00," 1,707.89 ",N
5/15/2024 13:00," 1,728.17 ",N
5/15/2024 14:00," 1,703.79 ",N
5/15/2024 15:00," 1,569.14 ",N
5/15/2024 16:00," 1,690.43 ",N
5/15/2024 17:00," 1,602.30 ",P
5/15/2024 18:00," 1,476.81 ",P
5/15/2024 19:00," 1,332.80 ",P
5/15/2024 20:00," 1,378.40 ",N
5/15/2024 21:00," 1,814.40 ",N
5/15/2024 22:00," 1,490.40 ",O
5/15/2024 23:00, -  ,O
5/16/2024 0:00, -  ,O
5/16/2024 1:00, -  ,O
5/16/2024 2:00, -  ,O
5/16/2024 3:00, -  ,O
5/16/2024 4:00, -  ,N
5/16/2024 5:00, -  ,N
5/16/2024 6:00," 1,106.23 ",N
5/16/2024 7:00, 998.24 ,N
5/16/2024 8:00," 1,435.79 ",N
5/16/2024 9:00," 1,831.65 ",N
5/16/2024 10:00," 1,511.41 ",P
5/16/2024 11:00," 1,131.45 ",P
5/16/2024 12:00," 1,343.02 ",N
5/16/2024 13:00," 1,463.20 ",N
5/16/2024 14:00," 1,538.19 ",N
5/16/2024 15:00," 1,937.53 ",N
5/16/2024 16:00," 1,784.66 ",N
5/16/2024 17:00," 1,641.19 ",P
5/16/2024 18:00," 1,082.75 ",P
5/16/2024 19:00," 1,290.40 ",P
5/16/2024 20:00," 1,324.80 ",N
5/16/2024 21:00," 1,139.20 ",N
5/16/2024 22:00," 1,259.20 ",O
5/16/2024 23:00, -  ,O
5/17/2024 0:00, -  ,O
5/17/2024 1:00, -  ,O
5/17/2024 2:00, -  ,O
5/17/2024 3:00, -  ,O
5/17/2024 4:00, -  ,N
5/17/2024 5:00, -  ,N
5/17/2024 6:00," 1,182.66 ",N
5/17/2024 7:00, 936.67 ,N
5/17/2024 8:00," 1,006.93 ",N
5/17/2024 9:00, 980.99 ,N
5/17/2024 10:00," 1,100.23 ",P
5/17/2024 11:00," 1,192.41 ",P
5/17/2024 12:00," 1,178.50 ",N
5/17/2024 13:00," 1,218.47 ",N
5/17/2024 14:00," 1,017.62 ",N
5/17/2024 15:00, 339.26 ,N
5/17/2024 16:00, 224.74 ,N
5/17/2024 17:00, 209.47 ,P
5/17/2024 18:00, 115.05 ,P
5/17/2024 19:00, -  ,P
5/17/2024 20:00, -  ,N
5/17/2024 21:00, -  ,N
5/17/2024 22:00, -  ,O
5/17/2024 23:00, -  ,O
5/18/2024 0:00, -  ,O
5/18/2024 1:00, -  ,O
5/18/2024 2:00, -  ,O
5/18/2024 3:00, -  ,O
5/18/2024 4:00, -  ,N
5/18/2024 5:00, -  ,N
5/18/2024 6:00, 79.92 ,N
5/18/2024 7:00, 156.96 ,N
5/18/2024 8:00, 637.63 ,N
5/18/2024 9:00," 1,024.99 ",N
5/18/2024 10:00," 1,410.94 ",P
5/18/2024 11:00," 1,071.44 ",P
5/18/2024 12:00," 1,560.35 ",N
5/18/2024 13:00," 1,408.14 ",N
5/18/2024 14:00, 996.95 ,N
5/18/2024 15:00," 1,328.35 ",N
5/18/2024 16:00," 1,340.19 ",N
5/18/2024 17:00," 1,479.05 ",P
5/18/2024 18:00," 1,458.24 ",P
5/18/2024 19:00," 1,057.60 ",P
5/18/2024 20:00," 1,518.40 ",N
5/18/2024 21:00," 1,292.00 ",N
5/18/2024 22:00," 1,396.80 ",O
5/18/2024 23:00, -  ,O
5/19/2024 0:00, -  ,O
5/19/2024 1:00, -  ,O
5/19/2024 2:00, -  ,O
5/19/2024 3:00, -  ,O
5/19/2024 4:00, -  ,N
5/19/2024 5:00, -  ,N
5/19/2024 6:00," 1,413.98 ",N
5/19/2024 7:00," 1,218.65 ",N
5/19/2024 8:00," 1,283.48 ",N
5/19/2024 9:00," 1,235.31 ",N
5/19/2024 10:00," 1,227.42 ",N
5/19/2024 11:00," 1,268.22 ",N
5/19/2024 12:00," 1,361.86 ",N
5/19/2024 13:00," 1,362.38 ",N
5/19/2024 14:00," 1,092.70 ",N
5/19/2024 15:00," 1,161.96 ",N
5/19/2024 16:00," 1,302.91 ",N
5/19/2024 17:00," 1,031.53 ",N
5/19/2024 18:00," 1,155.34 ",N
5/19/2024 19:00, 992.80 ,N
5/19/2024 20:00," 1,484.00 ",N
5/19/2024 21:00," 1,380.00 ",N
5/19/2024 22:00, 799.20 ,O
5/19/2024 23:00, -  ,O
5/20/2024 0:00, -  ,O
5/20/2024 1:00, -  ,O
5/20/2024 2:00, -  ,O
5/20/2024 3:00, -  ,O
5/20/2024 4:00, -  ,N
5/20/2024 5:00, -  ,N
5/20/2024 6:00," 1,303.01 ",N
5/20/2024 7:00, 993.97 ,N
5/20/2024 8:00," 1,093.90 ",N
5/20/2024 9:00," 1,363.69 ",N
5/20/2024 10:00," 1,239.04 ",P
5/20/2024 11:00," 1,503.50 ",P
5/20/2024 12:00," 1,361.77 ",N
5/20/2024 13:00," 1,532.20 ",N
5/20/2024 14:00," 1,256.60 ",N
5/20/2024 15:00," 1,138.22 ",N
5/20/2024 16:00," 1,339.57 ",N
5/20/2024 17:00," 1,110.80 ",P
5/20/2024 18:00, 989.60 ,P
5/20/2024 19:00," 1,045.60 ",P
5/20/2024 20:00," 1,416.80 ",N
5/20/2024 21:00," 1,268.00 ",N
5/20/2024 22:00," 1,352.80 ",O
5/20/2024 23:00, -  ,O
5/21/2024 0:00, -  ,O
5/21/2024 1:00, -  ,O
5/21/2024 2:00, -  ,O
5/21/2024 3:00, -  ,O
5/21/2024 4:00, -  ,N
5/21/2024 5:00, -  ,N
5/21/2024 6:00," 1,304.67 ",N
5/21/2024 7:00, 935.94 ,N
5/21/2024 8:00, 898.57 ,N
5/21/2024 9:00," 1,261.71 ",N
5/21/2024 10:00," 1,281.25 ",P
5/21/2024 11:00," 1,130.34 ",P
5/21/2024 12:00," 1,247.46 ",N
5/21/2024 13:00," 1,339.39 ",N
5/21/2024 14:00," 1,391.30 ",N
5/21/2024 15:00," 1,345.16 ",N
5/21/2024 16:00," 1,198.38 ",N
5/21/2024 17:00," 1,181.65 ",P
5/21/2024 18:00," 1,283.01 ",P
5/21/2024 19:00," 1,180.80 ",P
5/21/2024 20:00," 1,619.20 ",N
5/21/2024 21:00," 1,483.20 ",N
5/21/2024 22:00," 1,326.40 ",O
5/21/2024 23:00, -  ,O
5/22/2024 0:00, -  ,O
5/22/2024 1:00, -  ,O
5/22/2024 2:00, -  ,O
5/22/2024 3:00, -  ,O
5/22/2024 4:00, -  ,N
5/22/2024 5:00, -  ,N
5/22/2024 6:00, 619.03 ,N
5/22/2024 7:00, 887.26 ,N
5/22/2024 8:00, 690.75 ,N
5/22/2024 9:00, 307.35 ,N
5/22/2024 10:00, 235.77 ,P
5/22/2024 11:00, 197.08 ,P
5/22/2024 12:00, 683.53 ,N
5/22/2024 13:00," 1,150.94 ",N
5/22/2024 14:00," 1,786.23 ",N
5/22/2024 15:00," 1,729.54 ",N
5/22/2024 16:00," 1,610.06 ",N
5/22/2024 17:00," 1,527.33 ",P
5/22/2024 18:00," 1,637.60 ",P
5/22/2024 19:00," 1,442.40 ",P
5/22/2024 20:00," 1,472.80 ",N
5/22/2024 21:00," 1,553.60 ",N
5/22/2024 22:00," 1,444.00 ",O
5/22/2024 23:00, -  ,O
5/23/2024 0:00, -  ,O
5/23/2024 1:00, -  ,O
5/23/2024 2:00, -  ,O
5/23/2024 3:00, -  ,O
5/23/2024 4:00, -  ,N
5/23/2024 5:00, -  ,N
5/23/2024 6:00," 1,362.28 ",N
5/23/2024 7:00," 1,064.34 ",N
5/23/2024 8:00," 1,658.97 ",N
5/23/2024 9:00," 1,820.42 ",N
5/23/2024 10:00," 1,766.44 ",P
5/23/2024 11:00," 1,632.86 ",P
5/23/2024 12:00," 1,633.95 ",N
5/23/2024 13:00," 1,730.90 ",N
5/23/2024 14:00," 1,836.77 ",N
5/23/2024 15:00," 1,998.02 ",N
5/23/2024 16:00," 1,627.27 ",N
5/23/2024 17:00," 1,652.69 ",P
5/23/2024 18:00," 1,494.00 ",P
5/23/2024 19:00," 1,398.40 ",P
5/23/2024 20:00," 1,210.40 ",N
5/23/2024 21:00," 1,628.00 ",N
5/23/2024 22:00," 1,786.40 ",O
5/23/2024 23:00, -  ,O
5/24/2024 0:00, -  ,O
5/24/2024 1:00, -  ,O
5/24/2024 2:00, -  ,O
5/24/2024 3:00, -  ,O
5/24/2024 4:00, -  ,N
5/24/2024 5:00, -  ,N
5/24/2024 6:00," 1,177.55 ",N
5/24/2024 7:00," 1,356.49 ",N
5/24/2024 8:00," 1,166.43 ",N
5/24/2024 9:00, 975.27 ,N
5/24/2024 10:00," 1,314.14 ",P
5/24/2024 11:00," 1,169.05 ",P
5/24/2024 12:00," 1,078.09 ",N
5/24/2024 13:00, 944.40 ,N
5/24/2024 14:00," 1,126.43 ",N
5/24/2024 15:00, 898.16 ,N
5/24/2024 16:00," 1,152.65 ",N
5/24/2024 17:00, 869.49 ,P
5/24/2024 18:00," 1,185.81 ",P
5/24/2024 19:00, 980.80 ,P
5/24/2024 20:00, 808.80 ,N
5/24/2024 21:00, 850.40 ,N
5/24/2024 22:00, 840.00 ,O
5/24/2024 23:00, -  ,O
5/25/2024 0:00, -  ,O
5/25/2024 1:00, -  ,O
5/25/2024 2:00, -  ,O
5/25/2024 3:00, -  ,O
5/25/2024 4:00, -  ,N
5/25/2024 5:00, -  ,N
5/25/2024 6:00," 1,097.92 ",N
5/25/2024 7:00, 961.00 ,N
5/25/2024 8:00, 988.45 ,N
5/25/2024 9:00," 1,114.77 ",N
5/25/2024 10:00," 1,334.24 ",P
5/25/2024 11:00," 1,375.82 ",P
5/25/2024 12:00," 1,313.73 ",N
5/25/2024 13:00," 1,220.12 ",N
5/25/2024 14:00," 1,436.12 ",N
5/25/2024 15:00," 1,317.27 ",N
5/25/2024 16:00," 1,561.22 ",N
5/25/2024 17:00," 1,522.87 ",P
5/25/2024 18:00," 1,531.01 ",P
5/25/2024 19:00, 820.80 ,P
5/25/2024 20:00," 1,276.00 ",N
5/25/2024 21:00," 1,128.00 ",N
5/25/2024 22:00, 905.60 ,O
5/25/2024 23:00, -  ,O
5/26/2024 0:00, -  ,O
5/26/2024 1:00, -  ,O
5/26/2024 2:00, -  ,O
5/26/2024 3:00, -  ,O
5/26/2024 4:00, -  ,N
5/26/2024 5:00, -  ,N
5/26/2024 6:00, 803.82 ,N
5/26/2024 7:00, 740.24 ,N
5/26/2024 8:00, 558.47 ,N
5/26/2024 9:00," 1,199.23 ",N
5/26/2024 10:00," 1,228.80 ",N
5/26/2024 11:00," 1,419.01 ",N
5/26/2024 12:00," 1,282.02 ",N
5/26/2024 13:00," 1,153.52 ",N
5/26/2024 14:00," 1,350.25 ",N
5/26/2024 15:00," 1,241.16 ",N
5/26/2024 16:00," 1,171.97 ",N
5/26/2024 17:00," 1,371.14 ",N
5/26/2024 18:00," 1,507.00 ",N
5/26/2024 19:00," 1,457.60 ",N
5/26/2024 20:00," 1,496.00 ",N
5/26/2024 21:00," 1,008.80 ",N
5/26/2024 22:00, 940.80 ,O
5/26/2024 23:00, -  ,O
5/27/2024 0:00, -  ,O
5/27/2024 1:00, -  ,O
5/27/2024 2:00, -  ,O
5/27/2024 3:00, -  ,O
5/27/2024 4:00, -  ,N
5/27/2024 5:00, -  ,N
5/27/2024 6:00," 1,415.65 ",N
5/27/2024 7:00, 996.85 ,N
5/27/2024 8:00," 1,420.08 ",N
5/27/2024 9:00," 1,718.45 ",N
5/27/2024 10:00," 1,514.74 ",P
5/27/2024 11:00," 1,481.47 ",P
5/27/2024 12:00," 1,629.56 ",N
5/27/2024 13:00," 1,581.45 ",N
5/27/2024 14:00," 1,376.54 ",N
5/27/2024 15:00," 1,606.68 ",N
5/27/2024 16:00," 1,530.06 ",N
5/27/2024 17:00," 1,776.41 ",P
5/27/2024 18:00," 1,785.43 ",P
5/27/2024 19:00," 1,460.00 ",P
5/27/2024 20:00," 1,711.20 ",N
5/27/2024 21:00," 1,587.20 ",N
5/27/2024 22:00," 1,569.60 ",O
5/27/2024 23:00, -  ,O
5/28/2024 0:00, -  ,O
5/28/2024 1:00, -  ,O
5/28/2024 2:00, -  ,O
5/28/2024 3:00, -  ,O
5/28/2024 4:00, -  ,N
5/28/2024 5:00, -  ,N
5/28/2024 6:00," 1,421.25 ",N
5/28/2024 7:00," 1,472.41 ",N
5/28/2024 8:00," 1,472.68 ",N
5/28/2024 9:00," 1,255.66 ",N
5/28/2024 10:00," 1,306.37 ",P
5/28/2024 11:00," 1,147.37 ",P
5/28/2024 12:00," 1,451.78 ",N
5/28/2024 13:00," 1,625.36 ",N
5/28/2024 14:00," 1,496.67 ",N
5/28/2024 15:00," 1,406.46 ",N
5/28/2024 16:00," 1,189.61 ",N
5/28/2024 17:00," 1,307.69 ",P
5/28/2024 18:00," 1,408.00 ",P
5/28/2024 19:00," 1,389.60 ",P
5/28/2024 20:00," 1,545.60 ",N
5/28/2024 21:00," 1,364.00 ",N
5/28/2024 22:00," 1,421.60 ",O
5/28/2024 23:00, -  ,O
5/29/2024 0:00, -  ,O
5/29/2024 1:00, -  ,O
5/29/2024 2:00, -  ,O
5/29/2024 3:00, -  ,O
5/29/2024 4:00, -  ,N
5/29/2024 5:00, -  ,N
5/29/2024 6:00," 1,709.97 ",N
5/29/2024 7:00," 1,408.44 ",N
5/29/2024 8:00," 1,450.74 ",N
5/29/2024 9:00," 1,655.17 ",N
5/29/2024 10:00," 1,645.77 ",P
5/29/2024 11:00," 1,950.33 ",P
5/29/2024 12:00," 1,604.17 ",N
5/29/2024 13:00," 1,638.54 ",N
5/29/2024 14:00," 1,750.35 ",N
5/29/2024 15:00," 1,625.12 ",N
5/29/2024 16:00," 1,456.09 ",N
5/29/2024 17:00," 1,657.05 ",P
5/29/2024 18:00," 1,497.59 ",P
5/29/2024 19:00," 1,270.40 ",P
5/29/2024 20:00," 1,587.20 ",N
5/29/2024 21:00," 1,514.40 ",N
5/29/2024 22:00," 1,600.80 ",O
5/29/2024 23:00, -  ,O
5/30/2024 0:00, -  ,O
5/30/2024 1:00, -  ,O
5/30/2024 2:00, -  ,O
5/30/2024 3:00, -  ,O
5/30/2024 4:00, -  ,N
5/30/2024 5:00, -  ,N
5/30/2024 6:00," 1,586.46 ",N
5/30/2024 7:00," 1,339.32 ",N
5/30/2024 8:00," 1,167.33 ",N
5/30/2024 9:00," 1,838.15 ",N
5/30/2024 10:00," 1,601.04 ",P
5/30/2024 11:00," 1,499.82 ",P
5/30/2024 12:00," 1,916.99 ",N
5/30/2024 13:00," 1,203.20 ",N
5/30/2024 14:00," 1,339.57 ",N
5/30/2024 15:00," 1,487.92 ",N
5/30/2024 16:00," 1,570.84 ",N
5/30/2024 17:00," 1,493.20 ",P
5/30/2024 18:00," 1,175.79 ",P
5/30/2024 19:00," 1,504.00 ",P
5/30/2024 20:00," 1,400.00 ",N
5/30/2024 21:00," 1,072.00 ",N
5/30/2024 22:00," 1,568.80 ",O
5/30/2024 23:00, -  ,O
5/31/2024 0:00," 1,048.12 ",O
5/31/2024 1:00," 1,148.15 ",O
5/31/2024 2:00," 1,165.06 ",O
5/31/2024 3:00," 1,257.00 ",O
5/31/2024 4:00," 1,164.33 ",N
5/31/2024 5:00," 1,084.89 ",N
5/31/2024 6:00," 1,136.14 ",N
5/31/2024 7:00, 857.26 ,N
5/31/2024 8:00," 1,126.98 ",N
5/31/2024 9:00," 1,088.20 ",N
5/31/2024 10:00," 1,073.65 ",P
5/31/2024 11:00," 1,056.48 ",P
5/31/2024 12:00, 976.00 ,N
5/31/2024 13:00," 1,109.75 ",N
5/31/2024 14:00," 1,130.29 ",N
5/31/2024 15:00," 1,121.27 ",N
5/31/2024 16:00, 781.80 ,N
5/31/2024 17:00, 946.95 ,P
5/31/2024 18:00," 1,087.83 ",P
5/31/2024 19:00," 1,190.07 ",P
5/31/2024 20:00, 939.26 ,N
5/31/2024 21:00," 1,095.19 ",N
5/31/2024 22:00," 1,081.21 ",O
5/31/2024 23:00, 159.61 ,O
6/1/2024 0:00, 82.38 ,O
6/1/2024 1:00, 157.40 ,O
6/1/2024 2:00, 100.77 ,O
6/1/2024 3:00, 105.18 ,O
6/1/2024 4:00, 78.70 ,N
6/1/2024 5:00, 81.64 ,N
6/1/2024 6:00, 78.84 ,N
6/1/2024 7:00, 193.01 ,N
6/1/2024 8:00, 787.88 ,N
6/1/2024 9:00," 1,235.66 ",N
6/1/2024 10:00," 1,134.18 ",P
6/1/2024 11:00, 928.54 ,P
6/1/2024 12:00," 1,150.87 ",N
6/1/2024 13:00," 1,024.29 ",N
6/1/2024 14:00," 1,039.87 ",N
6/1/2024 15:00," 1,200.77 ",N
6/1/2024 16:00," 1,211.67 ",N
6/1/2024 17:00," 1,362.69 ",P
6/1/2024 18:00," 1,236.41 ",P
6/1/2024 19:00," 1,330.56 ",P
6/1/2024 20:00," 1,363.65 ",N
6/1/2024 21:00, 988.54 ,N
6/1/2024 22:00," 1,133.44 ",O
6/1/2024 23:00," 1,025.31 ",O
6/2/2024 0:00," 1,040.03 ",O
6/2/2024 1:00," 1,289.37 ",O
6/2/2024 2:00, 807.60 ,O
6/2/2024 3:00, 906.16 ,O
6/2/2024 4:00," 1,054.74 ",N
6/2/2024 5:00," 1,198.16 ",N
6/2/2024 6:00," 1,087.07 ",N
6/2/2024 7:00," 1,228.14 ",N
6/2/2024 8:00," 1,131.40 ",N
6/2/2024 9:00," 1,253.89 ",N
6/2/2024 10:00," 1,272.51 ",N
6/2/2024 11:00," 1,338.87 ",N
6/2/2024 12:00," 1,355.33 ",N
6/2/2024 13:00," 1,295.25 ",N
6/2/2024 14:00," 1,302.07 ",N
6/2/2024 15:00," 1,469.42 ",N
6/2/2024 16:00," 1,487.39 ",N
6/2/2024 17:00," 1,238.92 ",N
6/2/2024 18:00," 1,209.19 ",N
6/2/2024 19:00," 1,137.11 ",N
6/2/2024 20:00," 1,054.74 ",N
6/2/2024 21:00," 1,102.54 ",N
6/2/2024 22:00," 1,087.83 ",O
6/2/2024 23:00," 1,305.55 ",O
6/3/2024 0:00," 1,315.11 ",O
6/3/2024 1:00," 1,071.65 ",O
6/3/2024 2:00," 1,255.53 ",O
6/3/2024 3:00, 806.13 ,O
6/3/2024 4:00, 750.23 ,N
6/3/2024 5:00, 706.10 ,N
6/3/2024 6:00," 1,144.19 ",N
6/3/2024 7:00," 1,174.62 ",N
6/3/2024 8:00," 1,421.89 ",N
6/3/2024 9:00," 1,445.49 ",N
6/3/2024 10:00," 1,314.40 ",P
6/3/2024 11:00," 1,630.58 ",P
6/3/2024 12:00," 1,339.19 ",N
6/3/2024 13:00," 1,441.97 ",N
6/3/2024 14:00," 1,484.24 ",N
6/3/2024 15:00," 1,687.80 ",N
6/3/2024 16:00," 1,368.33 ",N
6/3/2024 17:00," 1,435.44 ",P
6/3/2024 18:00," 1,408.52 ",P
6/3/2024 19:00," 1,324.67 ",P
6/3/2024 20:00," 1,376.16 ",N
6/3/2024 21:00, 889.24 ,N
6/3/2024 22:00," 1,277.60 ",O
6/3/2024 23:00, 914.25 ,O
6/4/2024 0:00," 1,040.03 ",O
6/4/2024 1:00," 1,225.38 ",O
6/4/2024 2:00," 1,041.50 ",O
6/4/2024 3:00," 1,069.45 ",O
6/4/2024 4:00," 1,206.99 ",N
6/4/2024 5:00," 1,139.32 ",N
6/4/2024 6:00, 968.37 ,N
6/4/2024 7:00," 1,216.84 ",N
6/4/2024 8:00," 1,270.56 ",N
6/4/2024 9:00," 1,288.70 ",N
6/4/2024 10:00," 1,265.58 ",P
6/4/2024 11:00," 1,527.22 ",P
6/4/2024 12:00," 1,609.89 ",N
6/4/2024 13:00," 1,684.82 ",N
6/4/2024 14:00," 1,461.49 ",N
6/4/2024 15:00," 1,490.24 ",N
6/4/2024 16:00," 1,239.27 ",N
6/4/2024 17:00," 1,422.69 ",P
6/4/2024 18:00," 1,531.35 ",P
6/4/2024 19:00," 1,093.72 ",P
6/4/2024 20:00, 818.63 ,N
6/4/2024 21:00, 913.52 ,N
6/4/2024 22:00," 1,149.62 ",O
6/4/2024 23:00," 1,036.35 ",O
6/5/2024 0:00, 967.21 ,O
6/5/2024 1:00," 1,274.66 ",O
6/5/2024 2:00, 962.06 ,O
6/5/2024 3:00," 1,158.44 ",O
6/5/2024 4:00," 1,215.08 ",N
6/5/2024 5:00, 663.44 ,N
6/5/2024 6:00, 831.19 ,N
6/5/2024 7:00, 900.20 ,N
6/5/2024 8:00," 1,016.19 ",N
6/5/2024 9:00," 1,501.88 ",N
6/5/2024 10:00," 1,433.37 ",P
6/5/2024 11:00," 1,371.73 ",P
6/5/2024 12:00," 1,529.90 ",N
6/5/2024 13:00," 1,387.76 ",N
6/5/2024 14:00," 1,085.99 ",N
6/5/2024 15:00," 1,513.49 ",N
6/5/2024 16:00," 1,215.09 ",N
6/5/2024 17:00," 1,339.01 ",P
6/5/2024 18:00," 1,233.47 ",P
6/5/2024 19:00," 1,164.33 ",P
6/5/2024 20:00," 1,034.14 ",N
6/5/2024 21:00," 1,329.82 ",N
6/5/2024 22:00," 1,057.68 ",O
6/5/2024 23:00," 1,348.94 ",O
6/6/2024 0:00, 972.36 ,O
6/6/2024 1:00," 1,018.70 ",O
6/6/2024 2:00," 1,329.82 ",O
6/6/2024 3:00," 1,226.85 ",O
6/6/2024 4:00, 759.79 ,N
6/6/2024 5:00, 961.32 ,N
6/6/2024 6:00, 883.32 ,N
6/6/2024 7:00, 819.43 ,N
6/6/2024 8:00, 938.73 ,N
6/6/2024 9:00," 1,175.01 ",N
6/6/2024 10:00," 1,296.98 ",P
6/6/2024 11:00," 1,264.46 ",P
6/6/2024 12:00," 1,379.16 ",N
6/6/2024 13:00," 1,238.62 ",N
6/6/2024 14:00," 1,071.44 ",N
6/6/2024 15:00," 1,163.57 ",N
6/6/2024 16:00, 930.61 ,N
6/6/2024 17:00, 930.08 ,P
6/6/2024 18:00, 892.92 ,P
6/6/2024 19:00," 1,206.25 ",P
6/6/2024 20:00," 1,006.93 ",N
6/6/2024 21:00, 984.86 ,N
6/6/2024 22:00," 1,077.54 ",O
6/6/2024 23:00, 956.18 ,O
6/7/2024 0:00, 959.85 ,O
6/7/2024 1:00," 1,045.17 ",O
6/7/2024 2:00, 993.69 ,O
6/7/2024 3:00, 951.03 ,O
6/7/2024 4:00, 970.15 ,N
6/7/2024 5:00, 989.27 ,N
6/7/2024 6:00, 814.77 ,N
6/7/2024 7:00, 269.81 ,N
6/7/2024 8:00, 129.99 ,N
6/7/2024 9:00, 207.74 ,N
6/7/2024 10:00, 159.97 ,P
6/7/2024 11:00, 171.85 ,P
6/7/2024 12:00, 132.49 ,N
6/7/2024 13:00, 124.58 ,N
6/7/2024 14:00, 178.89 ,N
6/7/2024 15:00, 197.94 ,N
6/7/2024 16:00, 169.28 ,N
6/7/2024 17:00, 186.67 ,P
6/7/2024 18:00, 128.72 ,P
6/7/2024 19:00, 181.67 ,P
6/7/2024 20:00, 183.14 ,N
6/7/2024 21:00, 100.03 ,N
6/7/2024 22:00, 90.47 ,O
6/7/2024 23:00, 94.15 ,O
6/8/2024 0:00, 85.32 ,O
6/8/2024 1:00, 91.20 ,O
6/8/2024 2:00, 86.79 ,O
6/8/2024 3:00, 90.47 ,O
6/8/2024 4:00, 85.32 ,N
6/8/2024 5:00, 86.06 ,N
6/8/2024 6:00, 74.00 ,N
6/8/2024 7:00, 92.84 ,N
6/8/2024 8:00, 624.50 ,N
6/8/2024 9:00," 1,169.19 ",N
6/8/2024 10:00," 1,182.74 ",P
6/8/2024 11:00," 1,218.14 ",P
6/8/2024 12:00," 1,041.86 ",N
6/8/2024 13:00," 1,119.30 ",N
6/8/2024 14:00," 1,117.00 ",N
6/8/2024 15:00," 1,182.96 ",N
6/8/2024 16:00," 1,307.38 ",N
6/8/2024 17:00," 1,228.29 ",P
6/8/2024 18:00," 1,151.82 ",P
6/8/2024 19:00," 1,090.78 ",P
6/8/2024 20:00," 1,351.89 ",N
6/8/2024 21:00," 1,092.98 ",N
6/8/2024 22:00, 716.40 ,O
6/8/2024 23:00," 1,042.23 ",O
6/9/2024 0:00, 806.87 ,O
6/9/2024 1:00, 816.43 ,O
6/9/2024 2:00, 912.04 ,O
6/9/2024 3:00, 945.14 ,O
6/9/2024 4:00, 937.79 ,N
6/9/2024 5:00, 909.10 ,N
6/9/2024 6:00, 944.34 ,N
6/9/2024 7:00, 881.45 ,N
6/9/2024 8:00, 933.85 ,N
6/9/2024 9:00, 994.10 ,N
6/9/2024 10:00," 1,339.24 ",N
6/9/2024 11:00," 1,246.37 ",N
6/9/2024 12:00," 1,003.53 ",N
6/9/2024 13:00," 1,101.49 ",N
6/9/2024 14:00," 1,463.94 ",N
6/9/2024 15:00," 1,017.27 ",N
6/9/2024 16:00," 1,145.93 ",N
6/9/2024 17:00," 1,215.91 ",N
6/9/2024 18:00," 1,031.20 ",N
6/9/2024 19:00," 1,098.87 ",N
6/9/2024 20:00," 1,268.77 ",N
6/9/2024 21:00," 1,276.13 ",N
6/9/2024 22:00," 1,315.85 ",O
6/9/2024 23:00," 1,015.02 ",O
6/10/2024 0:00," 1,181.98 ",O
6/10/2024 1:00, 934.11 ,O
6/10/2024 2:00," 1,097.40 ",O
6/10/2024 3:00," 1,369.54 ",O
6/10/2024 4:00," 1,001.04 ",N
6/10/2024 5:00," 1,035.61 ",N
6/10/2024 6:00, 734.68 ,N
6/10/2024 7:00, 858.44 ,N
6/10/2024 8:00, 945.95 ,N
6/10/2024 9:00," 1,313.99 ",N
6/10/2024 10:00," 1,203.83 ",P
6/10/2024 11:00," 1,170.60 ",P
6/10/2024 12:00," 1,180.29 ",N
6/10/2024 13:00, 935.07 ,N
6/10/2024 14:00," 1,443.33 ",N
6/10/2024 15:00," 1,115.15 ",N
6/10/2024 16:00," 1,294.34 ",N
6/10/2024 17:00," 1,231.25 ",P
6/10/2024 18:00," 1,327.61 ",P
6/10/2024 19:00," 1,377.63 ",P
6/10/2024 20:00," 1,547.53 ",N
6/10/2024 21:00," 1,445.30 ",N
6/10/2024 22:00," 1,164.33 ",O
6/10/2024 23:00," 1,151.82 ",O
6/11/2024 0:00," 1,028.26 ",O
6/11/2024 1:00," 1,179.77 ",O
6/11/2024 2:00," 1,259.21 ",O
6/11/2024 3:00," 1,282.01 ",O
6/11/2024 4:00," 1,181.98 ",N
6/11/2024 5:00, 970.89 ,N
6/11/2024 6:00, 956.47 ,N
6/11/2024 7:00, 799.54 ,N
6/11/2024 8:00," 1,009.71 ",N
6/11/2024 9:00," 1,208.66 ",N
6/11/2024 10:00," 1,010.58 ",P
6/11/2024 11:00," 1,237.72 ",P
6/11/2024 12:00," 1,291.60 ",N
6/11/2024 13:00," 1,072.20 ",N
6/11/2024 14:00," 1,315.80 ",N
6/11/2024 15:00," 1,295.15 ",N
6/11/2024 16:00," 1,370.31 ",N
6/11/2024 17:00," 1,281.58 ",P
6/11/2024 18:00," 1,545.33 ",P
6/11/2024 19:00," 1,218.02 ",P
6/11/2024 20:00," 1,410.73 ",N
6/11/2024 21:00," 1,444.56 ",N
6/11/2024 22:00," 1,081.95 ",O
6/11/2024 23:00," 1,302.61 ",O
6/12/2024 0:00," 1,140.06 ",O
6/12/2024 1:00," 1,240.09 ",O
6/12/2024 2:00," 1,393.07 ",O
6/12/2024 3:00," 1,256.27 ",O
6/12/2024 4:00," 1,270.24 ",N
6/12/2024 5:00," 1,252.59 ",N
6/12/2024 6:00, 624.68 ,N
6/12/2024 7:00," 1,045.70 ",N
6/12/2024 8:00, 811.51 ,N
6/12/2024 9:00, 397.79 ,N
6/12/2024 10:00, 357.95 ,P
6/12/2024 11:00, 364.51 ,P
6/12/2024 12:00, 782.61 ,N
6/12/2024 13:00," 1,248.81 ",N
6/12/2024 14:00," 1,519.89 ",N
6/12/2024 15:00," 1,361.42 ",N
6/12/2024 16:00," 1,399.72 ",N
6/12/2024 17:00," 1,546.80 ",P
6/12/2024 18:00," 1,616.67 ",P
6/12/2024 19:00," 1,468.83 ",P
6/12/2024 20:00," 1,634.33 ",N
6/12/2024 21:00," 1,700.52 ",N
6/12/2024 22:00," 1,246.71 ",O
6/12/2024 23:00," 1,177.57 ",O
6/13/2024 0:00," 1,148.15 ",O
6/13/2024 1:00," 1,455.59 ",O
6/13/2024 2:00," 1,526.20 ",O
6/13/2024 3:00, 902.48 ,O
6/13/2024 4:00," 1,237.14 ",N
6/13/2024 5:00," 1,238.62 ",N
6/13/2024 6:00, 993.83 ,N
6/13/2024 7:00," 1,094.53 ",N
6/13/2024 8:00, 975.57 ,N
6/13/2024 9:00," 1,525.93 ",N
6/13/2024 10:00," 1,595.19 ",P
6/13/2024 11:00," 1,689.21 ",P
6/13/2024 12:00," 1,412.94 ",N
6/13/2024 13:00," 1,322.02 ",N
6/13/2024 14:00," 1,567.55 ",N
6/13/2024 15:00," 1,329.23 ",N
6/13/2024 16:00," 1,391.35 ",N
6/13/2024 17:00," 1,660.16 ",P
6/13/2024 18:00," 1,308.49 ",P
6/13/2024 19:00," 1,471.04 ",P
6/13/2024 20:00," 1,597.55 ",N
6/13/2024 21:00," 1,294.52 ",N
6/13/2024 22:00," 1,450.45 ",O
6/13/2024 23:00," 1,306.28 ",O
6/14/2024 0:00, 956.18 ,O
6/14/2024 1:00, 976.04 ,O
6/14/2024 2:00, 779.65 ,O
6/14/2024 3:00," 1,012.81 ",O
6/14/2024 4:00, 668.59 ,N
6/14/2024 5:00, 831.14 ,N
6/14/2024 6:00, 843.92 ,N
6/14/2024 7:00, 837.48 ,N
6/14/2024 8:00, 846.00 ,N
6/14/2024 9:00, 975.84 ,N
6/14/2024 10:00, 936.95 ,P
6/14/2024 11:00, 911.19 ,P
6/14/2024 12:00," 1,051.13 ",N
6/14/2024 13:00," 1,012.93 ",N
6/14/2024 14:00," 1,027.09 ",N
6/14/2024 15:00, 478.67 ,N
6/14/2024 16:00, 176.80 ,N
6/14/2024 17:00, 236.46 ,P
6/14/2024 18:00, 138.28 ,P
6/14/2024 19:00, 145.63 ,P
6/14/2024 20:00, 115.48 ,N
6/14/2024 21:00, 110.33 ,N
6/14/2024 22:00, 105.91 ,O
6/14/2024 23:00, 106.65 ,O
6/15/2024 0:00, 98.56 ,O
6/15/2024 1:00, 108.12 ,O
6/15/2024 2:00, 89.00 ,O
6/15/2024 3:00, 94.88 ,O
6/15/2024 4:00, 89.00 ,N
6/15/2024 5:00, 93.41 ,N
6/15/2024 6:00, 80.61 ,N
6/15/2024 7:00, 145.61 ,N
6/15/2024 8:00, 662.31 ,N
6/15/2024 9:00, 881.35 ,N
6/15/2024 10:00," 1,021.18 ",P
6/15/2024 11:00," 1,073.97 ",P
6/15/2024 12:00," 1,076.92 ",N
6/15/2024 13:00," 1,076.94 ",N
6/15/2024 14:00," 1,164.39 ",N
6/15/2024 15:00," 1,132.18 ",N
6/15/2024 16:00," 1,128.93 ",N
6/15/2024 17:00," 1,028.42 ",P
6/15/2024 18:00," 1,248.91 ",P
6/15/2024 19:00, 980.45 ,P
6/15/2024 20:00, 989.27 ,N
6/15/2024 21:00, 925.28 ,N
6/15/2024 22:00, 992.22 ,O
6/15/2024 23:00," 1,404.84 ",O
6/16/2024 0:00," 1,122.40 ",O
6/16/2024 1:00, 848.79 ,O
6/16/2024 2:00," 1,120.20 ",O
6/16/2024 3:00," 1,104.02 ",O
6/16/2024 4:00, 823.78 ,N
6/16/2024 5:00," 1,180.51 ",N
6/16/2024 6:00," 1,004.44 ",N
6/16/2024 7:00," 1,200.89 ",N
6/16/2024 8:00," 1,296.09 ",N
6/16/2024 9:00, 905.57 ,N
6/16/2024 10:00," 1,261.72 ",N
6/16/2024 11:00," 1,336.47 ",N
6/16/2024 12:00," 1,087.48 ",N
6/16/2024 13:00," 1,175.37 ",N
6/16/2024 14:00," 1,147.41 ",N
6/16/2024 15:00, 998.79 ,N
6/16/2024 16:00," 1,349.12 ",N
6/16/2024 17:00," 1,296.80 ",N
6/16/2024 18:00," 1,050.32 ",N
6/16/2024 19:00, 905.43 ,N
6/16/2024 20:00," 1,113.58 ",N
6/16/2024 21:00," 1,034.88 ",N
6/16/2024 22:00," 1,276.86 ",O
6/16/2024 23:00, 906.16 ,O
6/17/2024 0:00," 1,189.34 ",O
6/17/2024 1:00," 1,040.03 ",O
6/17/2024 2:00," 1,162.86 ",O
6/17/2024 3:00, 711.98 ,O
6/17/2024 4:00," 1,019.43 ",N
6/17/2024 5:00, 675.21 ,N
6/17/2024 6:00, 747.14 ,N
6/17/2024 7:00," 1,067.65 ",N
6/17/2024 8:00," 1,143.19 ",N
6/17/2024 9:00," 1,219.84 ",N
6/17/2024 10:00," 1,490.47 ",P
6/17/2024 11:00," 1,150.45 ",P
6/17/2024 12:00," 1,240.47 ",N
6/17/2024 13:00," 1,223.97 ",N
6/17/2024 14:00," 1,179.35 ",N
6/17/2024 15:00," 1,321.34 ",N
6/17/2024 16:00," 1,489.51 ",N
6/17/2024 17:00," 1,368.67 ",P
6/17/2024 18:00," 1,199.63 ",P
6/17/2024 19:00," 1,119.46 ",P
6/17/2024 20:00," 1,075.33 ",N
6/17/2024 21:00," 1,176.83 ",N
6/17/2024 22:00," 1,138.58 ",O
6/17/2024 23:00," 1,338.65 ",O
6/18/2024 0:00," 1,243.03 ",O
6/18/2024 1:00," 1,127.55 ",O
6/18/2024 2:00," 1,088.57 ",O
6/18/2024 3:00," 1,187.86 ",O
6/18/2024 4:00," 1,379.10 ",N
6/18/2024 5:00," 1,313.64 ",N
6/18/2024 6:00," 1,192.77 ",N
6/18/2024 7:00," 1,204.44 ",N
6/18/2024 8:00, 914.01 ,N
6/18/2024 9:00," 1,054.71 ",N
6/18/2024 10:00," 1,164.47 ",P
6/18/2024 11:00," 1,401.63 ",P
6/18/2024 12:00," 1,428.73 ",N
6/18/2024 13:00," 1,276.97 ",N
6/18/2024 14:00," 1,519.51 ",N
6/18/2024 15:00," 1,443.71 ",N
6/18/2024 16:00," 1,342.01 ",N
6/18/2024 17:00," 1,332.75 ",P
6/18/2024 18:00," 1,262.15 ",P
6/18/2024 19:00," 1,451.92 ",P
6/18/2024 20:00," 1,443.09 ",N
6/18/2024 21:00," 1,423.97 ",N
6/18/2024 22:00," 1,318.05 ",O
6/18/2024 23:00," 1,204.78 ",O
6/19/2024 0:00," 1,000.31 ",O
6/19/2024 1:00," 1,279.80 ",O
6/19/2024 2:00," 1,320.99 ",O
6/19/2024 3:00," 1,414.40 ",O
6/19/2024 4:00," 1,349.68 ",N
6/19/2024 5:00," 1,217.29 ",N
6/19/2024 6:00, 842.17 ,N
6/19/2024 7:00," 1,414.80 ",N
6/19/2024 8:00," 1,229.29 ",N
6/19/2024 9:00," 1,233.06 ",N
6/19/2024 10:00," 1,290.10 ",P
6/19/2024 11:00," 1,374.52 ",P
6/19/2024 12:00," 1,301.68 ",N
6/19/2024 13:00," 1,473.83 ",N
6/19/2024 14:00," 1,200.26 ",N
6/19/2024 15:00," 1,652.62 ",N
6/19/2024 16:00," 1,554.15 ",N
6/19/2024 17:00," 1,601.13 ",P
6/19/2024 18:00," 1,579.90 ",P
6/19/2024 19:00," 1,123.87 ",P
6/19/2024 20:00," 1,184.19 ",N
6/19/2024 21:00," 1,214.34 ",N
6/19/2024 22:00," 1,265.09 ",O
6/19/2024 23:00," 1,221.70 ",O
6/20/2024 0:00," 1,285.69 ",O
6/20/2024 1:00," 1,382.78 ",O
6/20/2024 2:00," 1,180.51 ",O
6/20/2024 3:00," 1,251.12 ",O
6/20/2024 4:00," 1,314.37 ",N
6/20/2024 5:00," 1,123.87 ",N
6/20/2024 6:00," 1,094.60 ",N
6/20/2024 7:00," 1,132.84 ",N
6/20/2024 8:00," 1,145.53 ",N
6/20/2024 9:00," 1,243.37 ",N
6/20/2024 10:00, 952.82 ,P
6/20/2024 11:00," 1,336.78 ",P
6/20/2024 12:00," 1,269.48 ",N
6/20/2024 13:00," 1,515.32 ",N
6/20/2024 14:00," 1,178.02 ",N
6/20/2024 15:00," 1,291.13 ",N
6/20/2024 16:00," 1,202.78 ",N
6/20/2024 17:00," 1,153.20 ",P
6/20/2024 18:00," 1,228.32 ",P
6/20/2024 19:00, 785.54 ,P
6/20/2024 20:00," 1,207.72 ",N
6/20/2024 21:00," 1,132.70 ",N
6/20/2024 22:00," 1,078.27 ",O
6/20/2024 23:00," 1,233.47 ",O
6/21/2024 0:00," 1,003.98 ",O
6/21/2024 1:00," 1,147.41 ",O
6/21/2024 2:00," 1,050.32 ",O
6/21/2024 3:00," 1,001.04 ",O
6/21/2024 4:00, 899.54 ,N
6/21/2024 5:00, 956.91 ,N
6/21/2024 6:00, 789.21 ,N
6/21/2024 7:00," 1,053.80 ",N
6/21/2024 8:00," 1,095.83 ",N
6/21/2024 9:00," 1,072.85 ",N
6/21/2024 10:00," 1,035.49 ",P
6/21/2024 11:00," 1,331.42 ",P
6/21/2024 12:00, 846.35 ,N
6/21/2024 13:00, 917.00 ,N
6/21/2024 14:00, 791.34 ,N
6/21/2024 15:00, 216.01 ,N
6/21/2024 16:00, 168.31 ,N
6/21/2024 17:00, 126.47 ,P
6/21/2024 18:00, 136.07 ,P
6/21/2024 19:00, 92.68 ,P
6/21/2024 20:00, 88.26 ,N
6/21/2024 21:00, 94.15 ,N
6/21/2024 22:00, 83.85 ,O
6/21/2024 23:00, 91.94 ,O
6/22/2024 0:00, 82.38 ,O
6/22/2024 1:00, 88.26 ,O
6/22/2024 2:00, 82.38 ,O
6/22/2024 3:00, 82.38 ,O
6/22/2024 4:00, 83.85 ,N
6/22/2024 5:00, 84.58 ,N
6/22/2024 6:00, 66.93 ,N
6/22/2024 7:00, 82.39 ,N
6/22/2024 8:00, 584.92 ,N
6/22/2024 9:00," 1,157.20 ",N
6/22/2024 10:00," 1,150.50 ",P
6/22/2024 11:00, 990.46 ,P
6/22/2024 12:00," 1,247.03 ",N
6/22/2024 13:00," 1,015.08 ",N
6/22/2024 14:00," 1,035.24 ",N
6/22/2024 15:00, 965.47 ,N
6/22/2024 16:00, 874.72 ,N
6/22/2024 17:00," 1,045.00 ",P
6/22/2024 18:00, 962.80 ,P
6/22/2024 19:00," 1,037.82 ",P
6/22/2024 20:00, 715.66 ,N
6/22/2024 21:00," 1,001.78 ",N
6/22/2024 22:00, 876.00 ,O
6/22/2024 23:00, 918.66 ,O
6/23/2024 0:00, 882.62 ,O
6/23/2024 1:00," 1,200.37 ",O
6/23/2024 2:00," 1,074.59 ",O
6/23/2024 3:00," 1,248.91 ",O
6/23/2024 4:00," 1,179.04 ",N
6/23/2024 5:00," 1,068.71 ",N
6/23/2024 6:00, 955.44 ,N
6/23/2024 7:00, 993.92 ,N
6/23/2024 8:00, 746.54 ,N
6/23/2024 9:00," 1,054.25 ",N
6/23/2024 10:00," 1,269.13 ",N
6/23/2024 11:00," 1,079.21 ",N
6/23/2024 12:00," 1,049.58 ",N
6/23/2024 13:00," 1,119.02 ",N
6/23/2024 14:00," 1,490.96 ",N
6/23/2024 15:00, 567.80 ,N
6/23/2024 16:00," 1,329.97 ",N
6/23/2024 17:00," 1,208.31 ",N
6/23/2024 18:00," 1,031.93 ",N
6/23/2024 19:00, 898.07 ,N
6/23/2024 20:00," 1,109.16 ",N
6/23/2024 21:00," 1,198.90 ",N
6/23/2024 22:00," 1,042.97 ",O
6/23/2024 23:00, 873.06 ,O
6/24/2024 0:00," 1,123.87 ",O
6/24/2024 1:00, 782.59 ,O
6/24/2024 2:00," 1,155.50 ",O
6/24/2024 3:00," 1,004.72 ",O
6/24/2024 4:00, 945.88 ,N
6/24/2024 5:00," 1,001.04 ",N
6/24/2024 6:00," 1,244.50 ",N
6/24/2024 7:00, 641.06 ,N
6/24/2024 8:00, 822.69 ,N
6/24/2024 9:00," 1,162.79 ",N
6/24/2024 10:00," 1,141.82 ",P
6/24/2024 11:00," 1,203.11 ",P
6/24/2024 12:00, 999.04 ,N
6/24/2024 13:00," 1,206.67 ",N
6/24/2024 14:00," 1,353.20 ",N
6/24/2024 15:00," 1,525.36 ",N
6/24/2024 16:00," 1,270.73 ",N
6/24/2024 17:00," 1,248.31 ",P
6/24/2024 18:00," 1,187.86 ",P
6/24/2024 19:00," 1,119.46 ",P
6/24/2024 20:00," 1,184.19 ",N
6/24/2024 21:00," 1,246.71 ",N
6/24/2024 22:00, 890.71 ,O
6/24/2024 23:00," 1,162.12 ",O
6/25/2024 0:00," 1,210.67 ",O
6/25/2024 1:00," 1,075.33 ",O
6/25/2024 2:00," 1,067.24 ",O
6/25/2024 3:00," 1,099.60 ",O
6/25/2024 4:00, 772.30 ,N
6/25/2024 5:00," 1,059.88 ",N
6/25/2024 6:00, 649.46 ,N
6/25/2024 7:00, 882.11 ,N
6/25/2024 8:00, 827.53 ,N
6/25/2024 9:00," 1,054.02 ",N
6/25/2024 10:00," 1,307.93 ",P
6/25/2024 11:00," 1,422.74 ",P
6/25/2024 12:00," 1,374.25 ",N
6/25/2024 13:00," 1,156.33 ",N
6/25/2024 14:00," 1,129.09 ",N
6/25/2024 15:00," 1,626.56 ",N
6/25/2024 16:00," 1,795.93 ",N
6/25/2024 17:00," 1,420.21 ",P
6/25/2024 18:00," 1,461.48 ",P
6/25/2024 19:00," 1,213.61 ",P
6/25/2024 20:00," 1,603.43 ",N
6/25/2024 21:00," 1,394.55 ",N
6/25/2024 22:00," 1,470.30 ",O
6/25/2024 23:00," 1,418.08 ",O
6/26/2024 0:00," 1,318.79 ",O
6/26/2024 1:00," 1,217.29 ",O
6/26/2024 2:00," 1,218.76 ",O
6/26/2024 3:00," 1,394.55 ",O
6/26/2024 4:00," 1,187.13 ",N
6/26/2024 5:00," 1,418.08 ",N
6/26/2024 6:00, 920.14 ,N
6/26/2024 7:00, 761.66 ,N
6/26/2024 8:00, 976.56 ,N
6/26/2024 9:00," 1,245.01 ",N
6/26/2024 10:00," 1,420.10 ",P
6/26/2024 11:00," 1,490.13 ",P
6/26/2024 12:00, 860.97 ,N
6/26/2024 13:00," 1,268.39 ",N
6/26/2024 14:00," 1,179.36 ",N
6/26/2024 15:00," 1,177.80 ",N
6/26/2024 16:00, 933.87 ,N
6/26/2024 17:00," 1,077.57 ",P
6/26/2024 18:00," 1,109.90 ",P
6/26/2024 19:00," 1,127.55 ",P
6/26/2024 20:00," 1,183.45 ",N
6/26/2024 21:00," 1,332.03 ",N
6/26/2024 22:00," 1,148.15 ",O
6/26/2024 23:00," 1,170.21 ",O
6/27/2024 0:00," 1,298.19 ",O
6/27/2024 1:00," 1,256.27 ",O
6/27/2024 2:00," 1,237.14 ",O
6/27/2024 3:00," 1,329.08 ",O
6/27/2024 4:00," 1,320.26 ",N
6/27/2024 5:00," 1,256.27 ",N
6/27/2024 6:00, 957.65 ,N
6/27/2024 7:00," 1,212.81 ",N
6/27/2024 8:00, 817.35 ,N
6/27/2024 9:00," 1,350.91 ",N
6/27/2024 10:00," 1,576.55 ",P
6/27/2024 11:00," 1,514.75 ",P
6/27/2024 12:00," 1,347.59 ",N
6/27/2024 13:00," 1,384.76 ",N
6/27/2024 14:00," 1,490.55 ",N
6/27/2024 15:00," 1,528.82 ",N
6/27/2024 16:00," 1,453.02 ",N
6/27/2024 17:00," 1,062.57 ",P
6/27/2024 18:00," 1,421.02 ",P
6/27/2024 19:00," 1,195.22 ",P
6/27/2024 20:00," 1,395.28 ",N
6/27/2024 21:00," 1,417.35 ",N
6/27/2024 22:00," 1,162.86 ",O
6/27/2024 23:00," 1,393.07 ",O
6/28/2024 0:00," 1,050.32 ",O
6/28/2024 1:00," 1,021.64 ",O
6/28/2024 2:00," 1,457.07 ",O
6/28/2024 3:00," 1,272.45 ",O
6/28/2024 4:00," 1,186.39 ",N
6/28/2024 5:00," 1,309.23 ",N
6/28/2024 6:00," 1,074.59 ",N
6/28/2024 7:00, 998.14 ,N
6/28/2024 8:00, 975.28 ,N
6/28/2024 9:00," 1,046.52 ",N
6/28/2024 10:00, 950.50 ,P
6/28/2024 11:00," 1,002.54 ",P
6/28/2024 12:00," 1,043.74 ",N
6/28/2024 13:00," 1,077.40 ",N
6/28/2024 14:00," 1,015.46 ",N
6/28/2024 15:00, 206.37 ,N
6/28/2024 16:00, 168.65 ,N
6/28/2024 17:00, 147.16 ,P
6/28/2024 18:00, 189.76 ,P
6/28/2024 19:00, 137.54 ,P
6/28/2024 20:00, 106.65 ,N
6/28/2024 21:00, 100.77 ,N
6/28/2024 22:00, 91.20 ,O
6/28/2024 23:00, 100.03 ,O
6/29/2024 0:00, 92.68 ,O
6/29/2024 1:00, 100.77 ,O
6/29/2024 2:00, 91.94 ,O
6/29/2024 3:00, 95.62 ,O
6/29/2024 4:00, 86.06 ,N
6/29/2024 5:00, 93.41 ,N
6/29/2024 6:00, 86.06 ,N
6/29/2024 7:00, 91.95 ,N
6/29/2024 8:00, 200.96 ,N
6/29/2024 9:00, 878.54 ,N
6/29/2024 10:00," 1,068.50 ",P
6/29/2024 11:00," 1,462.84 ",P
6/29/2024 12:00," 1,268.60 ",N
6/29/2024 13:00," 1,480.98 ",N
6/29/2024 14:00," 1,662.32 ",N
6/29/2024 15:00," 1,889.88 ",N
6/29/2024 16:00," 1,479.27 ",N
6/29/2024 17:00," 1,404.23 ",P
6/29/2024 18:00," 1,635.80 ",P
6/29/2024 19:00," 1,688.75 ",P
6/29/2024 20:00," 1,451.92 ",N
6/29/2024 21:00," 1,428.38 ",N
6/29/2024 22:00," 1,283.48 ",O
6/29/2024 23:00," 1,275.39 ",O
6/30/2024 0:00," 1,141.01 ",O
6/30/2024 1:00," 1,317.82 ",O
6/30/2024 2:00," 1,357.19 ",O
6/30/2024 3:00," 1,237.71 ",O
6/30/2024 4:00," 1,136.18 ",N
6/30/2024 5:00," 1,195.57 ",N
6/30/2024 6:00," 1,022.90 ",N
6/30/2024 7:00," 1,129.82 ",N
6/30/2024 8:00," 1,224.92 ",N
6/30/2024 9:00," 1,366.06 ",N
6/30/2024 10:00," 1,337.92 ",N
6/30/2024 11:00," 1,315.43 ",N
6/30/2024 12:00," 1,307.28 ",N
6/30/2024 13:00," 1,149.25 ",N
6/30/2024 14:00," 1,075.51 ",N
6/30/2024 15:00," 1,067.82 ",N
6/30/2024 16:00," 1,122.64 ",N
6/30/2024 17:00," 1,180.39 ",N
6/30/2024 18:00," 1,047.77 ",N
6/30/2024 19:00, 988.37 ,N
6/30/2024 20:00," 1,236.32 ",N
6/30/2024 21:00," 1,285.36 ",N
6/30/2024 22:00," 1,237.01 ",O
6/30/2024 23:00, 955.91 ,O
7/1/2024 0:00," 1,144.46 ",O
7/1/2024 1:00," 1,100.26 ",O
7/1/2024 2:00," 1,259.81 ",O
7/1/2024 3:00," 1,195.57 ",O
7/1/2024 4:00," 1,084.37 ",N
7/1/2024 5:00," 1,230.80 ",N
7/1/2024 6:00, 855.76 ,N
7/1/2024 7:00, 848.16 ,N
7/1/2024 8:00, 955.36 ,N
7/1/2024 9:00," 1,003.55 ",N
7/1/2024 10:00, 826.66 ,P
7/1/2024 11:00," 1,123.75 ",P
7/1/2024 12:00," 1,103.37 ",N
7/1/2024 13:00," 1,414.25 ",N
7/1/2024 14:00," 1,156.96 ",N
7/1/2024 15:00," 1,089.72 ",N
7/1/2024 16:00," 1,137.53 ",N
7/1/2024 17:00, 926.84 ,P
7/1/2024 18:00, 835.73 ,P
7/1/2024 19:00," 1,471.85 ",P
7/1/2024 20:00," 1,105.09 ",N
7/1/2024 21:00, 823.30 ,N
7/1/2024 22:00, 927.59 ,O
7/1/2024 23:00, 973.86 ,O
7/2/2024 0:00," 1,145.15 ",O
7/2/2024 1:00," 1,047.77 ",O
7/2/2024 2:00, 804.65 ,O
7/2/2024 3:00," 1,138.25 ",O
7/2/2024 4:00, 993.20 ,N
7/2/2024 5:00, 968.34 ,N
7/2/2024 6:00," 1,081.61 ",N
7/2/2024 7:00," 1,051.06 ",N
7/2/2024 8:00," 1,124.18 ",N
7/2/2024 9:00," 1,099.93 ",N
7/2/2024 10:00," 1,173.32 ",P
7/2/2024 11:00," 1,174.97 ",P
7/2/2024 12:00," 1,130.47 ",N
7/2/2024 13:00," 1,162.73 ",N
7/2/2024 14:00," 1,439.18 ",N
7/2/2024 15:00," 1,406.84 ",N
7/2/2024 16:00," 1,304.51 ",N
7/2/2024 17:00," 1,480.70 ",P
7/2/2024 18:00," 1,355.12 ",P
7/2/2024 19:00, 982.84 ,P
7/2/2024 20:00," 1,227.35 ",N
7/2/2024 21:00," 1,230.11 ",N
7/2/2024 22:00," 1,073.32 ",O
7/2/2024 23:00," 1,058.82 ",O
7/3/2024 0:00, 752.15 ,O
7/3/2024 1:00," 1,158.28 ",O
7/3/2024 2:00," 1,156.90 ",O
7/3/2024 3:00," 1,170.71 ",O
7/3/2024 4:00," 1,391.73 ",N
7/3/2024 5:00," 1,459.42 ",N
7/3/2024 6:00," 1,333.71 ",N
7/3/2024 7:00," 1,049.10 ",N
7/3/2024 8:00," 1,288.24 ",N
7/3/2024 9:00," 1,625.40 ",N
7/3/2024 10:00," 1,252.53 ",P
7/3/2024 11:00," 1,499.69 ",P
7/3/2024 12:00," 1,174.60 ",N
7/3/2024 13:00," 1,162.55 ",N
7/3/2024 14:00," 1,383.60 ",N
7/3/2024 15:00," 1,184.46 ",N
7/3/2024 16:00," 1,396.24 ",N
7/3/2024 17:00," 1,222.74 ",P
7/3/2024 18:00," 1,330.26 ",P
7/3/2024 19:00," 1,078.85 ",P
7/3/2024 20:00," 1,160.35 ",N
7/3/2024 21:00," 1,320.59 ",N
7/3/2024 22:00," 1,039.48 ",O
7/3/2024 23:00," 1,082.99 ",O
7/4/2024 0:00," 1,016.00 ",O
7/4/2024 1:00," 1,259.12 ",O
7/4/2024 2:00, 955.22 ,O
7/4/2024 3:00," 1,254.97 ",O
7/4/2024 4:00," 1,275.69 ",N
7/4/2024 5:00, 932.42 ,N
7/4/2024 6:00," 1,058.13 ",N
7/4/2024 7:00, 793.13 ,N
7/4/2024 8:00," 1,186.59 ",N
7/4/2024 9:00," 1,347.14 ",N
7/4/2024 10:00," 1,551.57 ",P
7/4/2024 11:00," 1,023.20 ",P
7/4/2024 12:00," 1,250.49 ",N
7/4/2024 13:00," 1,279.25 ",N
7/4/2024 14:00, 790.38 ,N
7/4/2024 15:00," 1,057.96 ",N
7/4/2024 16:00," 1,309.84 ",N
7/4/2024 17:00," 1,349.94 ",P
7/4/2024 18:00," 1,201.79 ",P
7/4/2024 19:00," 1,417.28 ",P
7/4/2024 20:00," 1,335.09 ",N
7/4/2024 21:00," 1,290.20 ",N
7/4/2024 22:00," 1,175.54 ",O
7/4/2024 23:00," 1,105.78 ",O
7/5/2024 0:00," 1,215.60 ",O
7/5/2024 1:00, 895.13 ,O
7/5/2024 2:00, 966.27 ,O
7/5/2024 3:00," 1,008.40 ",O
7/5/2024 4:00," 1,040.17 ",N
7/5/2024 5:00, 973.17 ,N
7/5/2024 6:00," 1,027.74 ",N
7/5/2024 7:00, 181.60 ,N
7/5/2024 8:00, 87.36 ,N
7/5/2024 9:00, -  ,N
7/5/2024 10:00, -  ,P
7/5/2024 11:00, -  ,P
7/5/2024 12:00, -  ,N
7/5/2024 13:00, -  ,N
7/5/2024 14:00, -  ,N
7/5/2024 15:00, -  ,N
7/5/2024 16:00, -  ,N
7/5/2024 17:00, -  ,P
7/5/2024 18:00, -  ,P
7/5/2024 19:00, -  ,P
7/5/2024 20:00, 118.80 ,N
7/5/2024 21:00, 193.39 ,N
7/5/2024 22:00, 241.05 ,O
7/5/2024 23:00, 237.60 ,O
7/6/2024 0:00, 234.83 ,O
7/6/2024 1:00, 251.41 ,O
7/6/2024 2:00, 171.98 ,O
7/6/2024 3:00, 178.89 ,O
7/6/2024 4:00, 246.57 ,N
7/6/2024 5:00, 227.93 ,N
7/6/2024 6:00, 274.89 ,N
7/6/2024 7:00, 119.57 ,N
7/6/2024 8:00, 639.34 ,N
7/6/2024 9:00," 1,147.07 ",N
7/6/2024 10:00," 1,141.33 ",P
7/6/2024 11:00," 1,174.79 ",P
7/6/2024 12:00," 1,161.34 ",N
7/6/2024 13:00, 906.24 ,N
7/6/2024 14:00, 844.81 ,N
7/6/2024 15:00, 961.53 ,N
7/6/2024 16:00," 1,098.13 ",N
7/6/2024 17:00, 934.13 ,P
7/6/2024 18:00," 1,016.00 ",P
7/6/2024 19:00, 813.63 ,P
7/6/2024 20:00, 770.80 ,N
7/6/2024 21:00, 861.97 ,N
7/6/2024 22:00," 1,115.45 ",O
7/6/2024 23:00, 933.11 ,O
7/7/2024 0:00," 1,098.88 ",O
7/7/2024 1:00," 1,076.09 ",O
7/7/2024 2:00," 1,114.07 ",O
7/7/2024 3:00, 739.03 ,O
7/7/2024 4:00, 871.64 ,N
7/7/2024 5:00," 1,126.51 ",N
7/7/2024 6:00, 891.67 ,N
7/7/2024 7:00," 1,175.05 ",N
7/7/2024 8:00, 977.33 ,N
7/7/2024 9:00," 1,380.48 ",N
7/7/2024 10:00," 1,327.13 ",N
7/7/2024 11:00," 1,231.01 ",N
7/7/2024 12:00," 1,202.36 ",N
7/7/2024 13:00," 1,118.72 ",N
7/7/2024 14:00," 1,397.58 ",N
7/7/2024 15:00," 1,387.75 ",N
7/7/2024 16:00," 1,404.90 ",N
7/7/2024 17:00," 1,178.59 ",N
7/7/2024 18:00," 1,232.87 ",N
7/7/2024 19:00," 1,013.23 ",N
7/7/2024 20:00," 1,301.94 ",N
7/7/2024 21:00," 1,252.90 ",N
7/7/2024 22:00," 1,488.42 ",O
7/7/2024 23:00," 1,379.99 ",O
7/8/2024 0:00," 1,263.26 ",O
7/8/2024 1:00," 1,365.48 ",O
7/8/2024 2:00," 1,331.64 ",O
7/8/2024 3:00," 1,141.01 ",O
7/8/2024 4:00," 1,093.35 ",N
7/8/2024 5:00, 949.69 ,N
7/8/2024 6:00, 966.96 ,N
7/8/2024 7:00, 843.71 ,N
7/8/2024 8:00," 1,005.34 ",N
7/8/2024 9:00," 1,563.63 ",N
7/8/2024 10:00," 1,371.95 ",P
7/8/2024 11:00," 1,263.66 ",P
7/8/2024 12:00," 1,241.51 ",N
7/8/2024 13:00," 1,242.39 ",N
7/8/2024 14:00," 1,546.43 ",N
7/8/2024 15:00," 1,391.92 ",N
7/8/2024 16:00," 1,102.56 ",N
7/8/2024 17:00," 1,208.63 ",P
7/8/2024 18:00," 1,185.90 ",P
7/8/2024 19:00," 1,010.47 ",P
7/8/2024 20:00," 1,031.19 ",N
7/8/2024 21:00," 1,206.62 ",N
7/8/2024 22:00," 1,274.31 ",O
7/8/2024 23:00," 1,225.27 ",O
7/9/2024 0:00," 1,292.96 ",O
7/9/2024 1:00," 1,131.34 ",O
7/9/2024 2:00," 1,158.28 ",O
7/9/2024 3:00," 1,222.51 ",O
7/9/2024 4:00, 826.75 ,N
7/9/2024 5:00," 1,008.40 ",N
7/9/2024 6:00, 964.19 ,N
7/9/2024 7:00, 949.79 ,N
7/9/2024 8:00," 1,299.46 ",N
7/9/2024 9:00," 1,185.06 ",N
7/9/2024 10:00," 1,494.31 ",P
7/9/2024 11:00," 1,253.38 ",P
7/9/2024 12:00," 1,225.63 ",N
7/9/2024 13:00," 1,352.75 ",N
7/9/2024 14:00," 1,293.07 ",N
7/9/2024 15:00, 998.76 ,N
7/9/2024 16:00," 1,126.99 ",N
7/9/2024 17:00," 1,225.82 ",P
7/9/2024 18:00," 1,032.57 ",P
7/9/2024 19:00," 1,021.52 ",P
7/9/2024 20:00," 1,216.29 ",N
7/9/2024 21:00," 1,219.06 ",N
7/9/2024 22:00," 1,163.11 ",O
7/9/2024 23:00," 1,101.64 ",O
7/10/2024 0:00," 1,022.21 ",O
7/10/2024 1:00," 1,254.97 ",O
7/10/2024 2:00," 1,133.41 ",O
7/10/2024 3:00, 973.17 ,O
7/10/2024 4:00," 1,258.43 ",N
7/10/2024 5:00," 1,203.86 ",N
7/10/2024 6:00," 1,112.69 ",N
7/10/2024 7:00," 1,002.44 ",N
7/10/2024 8:00, 715.82 ,N
7/10/2024 9:00, 888.08 ,N
7/10/2024 10:00," 1,386.14 ",P
7/10/2024 11:00," 1,199.06 ",P
7/10/2024 12:00," 1,228.05 ",N
7/10/2024 13:00," 1,402.94 ",N
7/10/2024 14:00," 1,345.15 ",N
7/10/2024 15:00," 1,550.74 ",N
7/10/2024 16:00," 1,497.02 ",N
7/10/2024 17:00," 1,191.28 ",P
7/10/2024 18:00," 1,230.80 ",P
7/10/2024 19:00," 1,251.52 ",P
7/10/2024 20:00," 1,339.24 ",N
7/10/2024 21:00," 1,237.01 ",N
7/10/2024 22:00," 1,361.34 ",O
7/10/2024 23:00," 1,507.76 ",O
7/11/2024 0:00, 607.80 ,O
7/11/2024 1:00, 762.52 ,O
7/11/2024 2:00, 928.28 ,O
7/11/2024 3:00, 756.99 ,O
7/11/2024 4:00, 800.50 ,N
7/11/2024 5:00, 622.31 ,N
7/11/2024 6:00, 551.17 ,N
7/11/2024 7:00, 537.63 ,N
7/11/2024 8:00, 520.88 ,N
7/11/2024 9:00, 948.36 ,N
7/11/2024 10:00, 845.27 ,P
7/11/2024 11:00, 618.96 ,P
7/11/2024 12:00, 587.23 ,N
7/11/2024 13:00, 673.71 ,N
7/11/2024 14:00, 761.98 ,N
7/11/2024 15:00, 727.59 ,N
7/11/2024 16:00, 423.40 ,N
7/11/2024 17:00, 585.84 ,P
7/11/2024 18:00, 736.96 ,P
7/11/2024 19:00, 609.18 ,P
7/11/2024 20:00, 715.55 ,N
7/11/2024 21:00, 707.95 ,N
7/11/2024 22:00, 652.01 ,O
7/11/2024 23:00, 602.28 ,O
7/12/2024 0:00," 1,192.81 ",O
7/12/2024 1:00," 1,270.86 ",O
7/12/2024 2:00," 1,317.82 ",O
7/12/2024 3:00," 1,299.87 ",O
7/12/2024 4:00," 1,154.13 ",N
7/12/2024 5:00," 1,298.49 ",N
7/12/2024 6:00, 998.73 ,N
7/12/2024 7:00, 130.61 ,N
7/12/2024 8:00, 175.92 ,N
7/12/2024 9:00, 234.32 ,N
7/12/2024 10:00, 194.84 ,P
7/12/2024 11:00, 182.08 ,P
7/12/2024 12:00, 203.55 ,N
7/12/2024 13:00, 203.78 ,N
7/12/2024 14:00, 223.51 ,N
7/12/2024 15:00, 227.84 ,N
7/12/2024 16:00, 436.24 ,N
7/12/2024 17:00, 395.23 ,P
7/12/2024 18:00, 255.55 ,P
7/12/2024 19:00, 228.62 ,P
7/12/2024 20:00, 206.51 ,N
7/12/2024 21:00, 243.81 ,N
7/12/2024 22:00, 205.13 ,O
7/12/2024 23:00, 192.70 ,O
7/13/2024 0:00, 223.78 ,O
7/13/2024 1:00, 188.56 ,O
7/13/2024 2:00, 172.67 ,O
7/13/2024 3:00, 181.65 ,O
7/13/2024 4:00, 106.37 ,N
7/13/2024 5:00, 155.40 ,N
7/13/2024 6:00, 132.61 ,N
7/13/2024 7:00, 210.65 ,N
7/13/2024 8:00, 378.05 ,N
7/13/2024 9:00, 837.03 ,N
7/13/2024 10:00," 1,269.68 ",P
7/13/2024 11:00," 1,312.59 ",P
7/13/2024 12:00," 1,239.86 ",N
7/13/2024 13:00," 1,427.34 ",N
7/13/2024 14:00," 1,379.63 ",N
7/13/2024 15:00," 1,408.11 ",N
7/13/2024 16:00," 1,482.09 ",N
7/13/2024 17:00," 1,357.83 ",P
7/13/2024 18:00," 1,372.39 ",P
7/13/2024 19:00," 1,344.76 ",P
7/13/2024 20:00," 1,383.44 ",N
7/13/2024 21:00," 1,246.68 ",N
7/13/2024 22:00," 1,187.29 ",O
7/13/2024 23:00, 944.16 ,O
7/14/2024 0:00," 1,060.20 ",O
7/14/2024 1:00," 1,112.00 ",O
7/14/2024 2:00, 985.61 ,O
7/14/2024 3:00," 1,117.53 ",O
7/14/2024 4:00, 919.99 ,N
7/14/2024 5:00, 716.24 ,N
7/14/2024 6:00, 888.91 ,N
7/14/2024 7:00, 709.94 ,N
7/14/2024 8:00, 511.27 ,N
7/14/2024 9:00, 207.67 ,N
7/14/2024 10:00, 138.77 ,N
7/14/2024 11:00, 202.42 ,N
7/14/2024 12:00, 689.92 ,N
7/14/2024 13:00," 1,105.17 ",N
7/14/2024 14:00," 1,065.59 ",N
7/14/2024 15:00," 1,205.89 ",N
7/14/2024 16:00," 1,007.91 ",N
7/14/2024 17:00," 1,302.51 ",N
7/14/2024 18:00, 973.17 ,N
7/14/2024 19:00, 879.93 ,N
7/14/2024 20:00, 879.24 ,N
7/14/2024 21:00, 925.52 ,N
7/14/2024 22:00," 1,076.09 ",O
7/14/2024 23:00," 1,077.47 ",O
7/15/2024 0:00," 1,165.87 ",O
7/15/2024 1:00," 1,019.45 ",O
7/15/2024 2:00," 1,090.59 ",O
7/15/2024 3:00, 797.74 ,O
7/15/2024 4:00," 1,000.11 ",N
7/15/2024 5:00, 815.70 ,N
7/15/2024 6:00," 1,003.56 ",N
7/15/2024 7:00, 951.70 ,N
7/15/2024 8:00," 1,121.66 ",N
7/15/2024 9:00," 1,083.64 ",N
7/15/2024 10:00," 1,503.66 ",P
7/15/2024 11:00," 1,480.63 ",P
7/15/2024 12:00," 1,652.47 ",N
7/15/2024 13:00," 1,615.09 ",N
7/15/2024 14:00," 1,540.06 ",N
7/15/2024 15:00," 1,743.66 ",N
7/15/2024 16:00," 1,217.60 ",N
7/15/2024 17:00," 1,425.47 ",P
7/15/2024 18:00," 1,409.00 ",P
7/15/2024 19:00," 1,178.31 ",P
7/15/2024 20:00," 1,460.11 ",N
7/15/2024 21:00," 1,165.18 ",N
7/15/2024 22:00," 1,237.71 ",O
7/15/2024 23:00," 1,343.38 ",O
7/16/2024 0:00," 1,258.43 ",O
7/16/2024 1:00," 1,290.20 ",O
7/16/2024 2:00," 1,518.81 ",O
7/16/2024 3:00," 1,493.26 ",O
7/16/2024 4:00," 1,221.13 ",N
7/16/2024 5:00," 1,216.29 ",N
7/16/2024 6:00," 1,270.17 ",N
7/16/2024 7:00," 1,420.87 ",N
7/16/2024 8:00," 1,032.74 ",N
7/16/2024 9:00, 983.65 ,N
7/16/2024 10:00," 1,036.97 ",P
7/16/2024 11:00," 1,264.54 ",P
7/16/2024 12:00," 1,287.51 ",N
7/16/2024 13:00," 1,054.96 ",N
7/16/2024 14:00," 1,243.89 ",N
7/16/2024 15:00, 986.93 ,N
7/16/2024 16:00," 1,104.94 ",N
7/16/2024 17:00," 1,034.12 ",P
7/16/2024 18:00, 840.56 ,P
7/16/2024 19:00," 1,201.79 ",P
7/16/2024 20:00, 714.17 ,N
7/16/2024 21:00," 1,128.58 ",N
7/16/2024 22:00, 844.71 ,O
7/16/2024 23:00," 1,005.64 ",O
7/17/2024 0:00," 1,029.12 ",O
7/17/2024 1:00," 1,085.76 ",O
7/17/2024 2:00," 1,188.67 ",O
7/17/2024 3:00," 1,035.34 ",O
7/17/2024 4:00, 943.47 ,N
7/17/2024 5:00," 1,012.54 ",N
7/17/2024 6:00," 1,096.81 ",N
7/17/2024 7:00, 934.35 ,N
7/17/2024 8:00," 1,094.24 ",N
7/17/2024 9:00," 1,260.83 ",N
7/17/2024 10:00," 1,083.13 ",P
7/17/2024 11:00," 1,249.89 ",P
7/17/2024 12:00," 1,115.51 ",N
7/17/2024 13:00," 1,150.34 ",N
7/17/2024 14:00," 1,467.42 ",N
7/17/2024 15:00," 1,501.28 ",N
7/17/2024 16:00," 1,430.41 ",N
7/17/2024 17:00," 1,592.42 ",P
7/17/2024 18:00," 1,372.39 ",P
7/17/2024 19:00," 1,328.88 ",P
7/17/2024 20:00," 1,486.35 ",N
7/17/2024 21:00," 1,364.10 ",N
7/17/2024 22:00," 1,410.38 ",O
7/17/2024 23:00," 1,210.77 ",O
7/18/2024 0:00," 1,007.02 ",O
7/18/2024 1:00, 820.53 ,O
7/18/2024 2:00," 1,060.89 ",O
7/18/2024 3:00," 1,237.71 ",O
7/18/2024 4:00, 960.74 ,N
7/18/2024 5:00," 1,200.41 ",N
7/18/2024 6:00," 1,122.36 ",N
7/18/2024 7:00," 1,070.47 ",N
7/18/2024 8:00," 1,185.28 ",N
7/18/2024 9:00," 1,241.55 ",N
7/18/2024 10:00," 1,273.34 ",P
7/18/2024 11:00," 1,429.07 ",P
7/18/2024 12:00," 1,265.53 ",N
7/18/2024 13:00," 1,185.28 ",N
7/18/2024 14:00," 1,296.22 ",N
7/18/2024 15:00," 1,491.71 ",N
7/18/2024 16:00," 1,623.47 ",N
7/18/2024 17:00," 1,365.03 ",P
7/18/2024 18:00," 1,483.59 ",P
7/18/2024 19:00," 1,207.32 ",P
7/18/2024 20:00," 1,394.49 ",N
7/18/2024 21:00," 1,198.34 ",N
7/18/2024 22:00," 1,087.83 ",O
7/18/2024 23:00, 982.84 ,O
7/19/2024 0:00," 1,308.85 ",O
7/19/2024 1:00," 1,232.18 ",O
7/19/2024 2:00," 1,165.87 ",O
7/19/2024 3:00," 1,230.11 ",O
7/19/2024 4:00," 1,179.00 ",N
7/19/2024 5:00," 1,110.62 ",N
7/19/2024 6:00, 929.66 ,N
7/19/2024 7:00, 777.62 ,N
7/19/2024 8:00, 947.27 ,N
7/19/2024 9:00," 1,179.91 ",N
7/19/2024 10:00," 1,059.59 ",P
7/19/2024 11:00," 1,194.51 ",P
7/19/2024 12:00," 1,267.63 ",N
7/19/2024 13:00, 887.08 ,N
7/19/2024 14:00," 1,241.56 ",N
7/19/2024 15:00, 536.72 ,N
7/19/2024 16:00, 511.44 ,N
7/19/2024 17:00, 220.45 ,P
7/19/2024 18:00, 219.64 ,P
7/19/2024 19:00, 234.83 ,P
7/19/2024 20:00, 155.40 ,N
7/19/2024 21:00, 212.04 ,N
7/19/2024 22:00, 91.17 ,O
7/19/2024 23:00, 85.64 ,O
7/20/2024 0:00, 78.74 ,O
7/20/2024 1:00, 84.95 ,O
7/20/2024 2:00, 77.36 ,O
7/20/2024 3:00, 82.19 ,O
7/20/2024 4:00, 78.74 ,N
7/20/2024 5:00, 83.57 ,N
7/20/2024 6:00, 67.00 ,N
7/20/2024 7:00, 81.20 ,N
7/20/2024 8:00, 713.06 ,N
7/20/2024 9:00," 1,109.91 ",N
7/20/2024 10:00," 1,211.75 ",P
7/20/2024 11:00," 1,105.19 ",P
7/20/2024 12:00, 969.13 ,N
7/20/2024 13:00," 1,192.26 ",N
7/20/2024 14:00," 1,204.91 ",N
7/20/2024 15:00," 1,193.87 ",N
7/20/2024 16:00, 893.74 ,N
7/20/2024 17:00, 898.81 ,P
7/20/2024 18:00, 882.69 ,P
7/20/2024 19:00," 1,020.83 ",P
7/20/2024 20:00," 1,455.96 ",N
7/20/2024 21:00, 774.95 ,N
7/20/2024 22:00," 1,051.22 ",O
7/20/2024 23:00," 1,114.07 ",O
7/21/2024 0:00, 966.96 ,O
7/21/2024 1:00, 895.13 ,O
7/21/2024 2:00, 941.40 ,O
7/21/2024 3:00, 939.33 ,O
7/21/2024 4:00," 1,111.31 ",N
7/21/2024 5:00," 1,126.51 ",N
7/21/2024 6:00," 1,100.26 ",N
7/21/2024 7:00, 882.82 ,N
7/21/2024 8:00, 886.20 ,N
7/21/2024 9:00," 1,103.57 ",N
7/21/2024 10:00," 1,112.40 ",N
7/21/2024 11:00," 1,166.93 ",N
7/21/2024 12:00, 990.01 ,N
7/21/2024 13:00," 1,284.04 ",N
7/21/2024 14:00," 1,002.39 ",N
7/21/2024 15:00," 1,384.92 ",N
7/21/2024 16:00," 1,471.91 ",N
7/21/2024 17:00," 1,181.09 ",N
7/21/2024 18:00," 1,185.21 ",N
7/21/2024 19:00," 1,040.17 ",N
7/21/2024 20:00," 1,251.52 ",N
7/21/2024 21:00," 1,156.90 ",N
7/21/2024 22:00," 1,042.93 ",O
7/21/2024 23:00," 1,049.84 ",O
7/22/2024 0:00, 880.62 ,O
7/22/2024 1:00, 931.04 ,O
7/22/2024 2:00, 782.54 ,O
7/22/2024 3:00, 743.18 ,O
7/22/2024 4:00, 860.59 ,N
7/22/2024 5:00, 848.85 ,N
7/22/2024 6:00, 506.27 ,N
7/22/2024 7:00, 90.02 ,N
7/22/2024 8:00, 76.99 ,N
7/22/2024 9:00, 90.85 ,N
7/22/2024 10:00, 77.38 ,P
7/22/2024 11:00, 103.29 ,P
7/22/2024 12:00, 71.57 ,N
7/22/2024 13:00, 75.75 ,N
7/22/2024 14:00, 91.68 ,N
7/22/2024 15:00, 85.34 ,N
7/22/2024 16:00, 76.20 ,N
7/22/2024 17:00, 81.84 ,P
7/22/2024 18:00, 78.05 ,P
7/22/2024 19:00, 82.88 ,P
7/22/2024 20:00, 75.28 ,N
7/22/2024 21:00, 79.43 ,N
7/22/2024 22:00, 75.98 ,O
7/22/2024 23:00, 78.74 ,O
7/23/2024 0:00, 74.59 ,O
7/23/2024 1:00, 80.81 ,O
7/23/2024 2:00, 74.59 ,O
7/23/2024 3:00, 77.36 ,O
7/23/2024 4:00, 71.83 ,N
7/23/2024 5:00, 79.43 ,N
7/23/2024 6:00, 66.31 ,N
7/23/2024 7:00, 72.92 ,N
7/23/2024 8:00, 154.28 ,N
7/23/2024 9:00, 105.35 ,N
7/23/2024 10:00, 130.55 ,P
7/23/2024 11:00, 202.73 ,P
7/23/2024 12:00, 354.69 ,N
7/23/2024 13:00, 688.60 ,N
7/23/2024 14:00, 987.82 ,N
7/23/2024 15:00," 1,032.54 ",N
7/23/2024 16:00," 1,329.40 ",N
7/23/2024 17:00," 1,196.14 ",P
7/23/2024 18:00," 1,400.71 ",P
7/23/2024 19:00, 823.30 ,P
7/23/2024 20:00," 1,177.62 ",N
7/23/2024 21:00," 1,352.36 ",N
7/23/2024 22:00," 1,335.09 ",O
7/23/2024 23:00," 1,360.65 ",O
7/24/2024 0:00," 1,288.13 ",O
7/24/2024 1:00," 1,518.81 ",O
7/24/2024 2:00," 1,469.78 ",O
7/24/2024 3:00," 1,038.10 ",O
7/24/2024 4:00," 1,302.63 ",N
7/24/2024 5:00," 1,125.81 ",N
7/24/2024 6:00," 1,215.60 ",N
7/24/2024 7:00," 1,164.56 ",N
7/24/2024 8:00," 1,265.20 ",N
7/24/2024 9:00," 1,521.98 ",N
7/24/2024 10:00," 1,459.99 ",P
7/24/2024 11:00," 1,450.67 ",P
7/24/2024 12:00," 1,401.74 ",N
7/24/2024 13:00," 1,375.40 ",N
7/24/2024 14:00," 1,381.83 ",N
7/24/2024 15:00," 1,788.72 ",N
7/24/2024 16:00," 1,525.36 ",N
7/24/2024 17:00," 1,702.66 ",P
7/24/2024 18:00," 1,469.78 ",P
7/24/2024 19:00," 1,623.80 ",P
7/24/2024 20:00," 1,571.31 ",N
7/24/2024 21:00," 1,333.02 ",N
7/24/2024 22:00," 1,336.47 ",O
7/24/2024 23:00," 1,509.14 ",O
7/25/2024 0:00," 1,440.77 ",O
7/25/2024 1:00," 1,415.90 ",O
7/25/2024 2:00," 1,212.84 ",O
7/25/2024 3:00," 1,147.92 ",O
7/25/2024 4:00," 1,229.42 ",N
7/25/2024 5:00, 988.37 ,N
7/25/2024 6:00," 1,297.80 ",N
7/25/2024 7:00," 1,047.82 ",N
7/25/2024 8:00," 1,384.77 ",N
7/25/2024 9:00," 1,349.77 ",N
7/25/2024 10:00," 1,301.21 ",P
7/25/2024 11:00," 1,364.70 ",P
7/25/2024 12:00," 1,493.15 ",N
7/25/2024 13:00," 1,284.50 ",N
7/25/2024 14:00," 1,168.20 ",N
7/25/2024 15:00," 1,479.66 ",N
7/25/2024 16:00," 1,510.84 ",N
7/25/2024 17:00," 1,394.18 ",P
7/25/2024 18:00," 1,384.13 ",P
7/25/2024 19:00," 1,029.12 ",P
7/25/2024 20:00," 1,141.70 ",N
7/25/2024 21:00," 1,211.46 ",N
7/25/2024 22:00," 1,361.34 ",O
7/25/2024 23:00," 1,071.25 ",O
7/26/2024 0:00," 1,274.31 ",O
7/26/2024 1:00, 875.79 ,O
7/26/2024 2:00," 1,036.72 ",O
7/26/2024 3:00, 911.70 ,O
7/26/2024 4:00," 1,306.08 ",N
7/26/2024 5:00," 1,031.19 ",N
7/26/2024 6:00," 1,167.95 ",N
7/26/2024 7:00," 1,102.07 ",N
7/26/2024 8:00," 1,017.12 ",N
7/26/2024 9:00," 1,192.68 ",N
7/26/2024 10:00," 1,048.54 ",P
7/26/2024 11:00," 1,037.47 ",P
7/26/2024 12:00," 1,077.83 ",N
7/26/2024 13:00," 1,076.30 ",N
7/26/2024 14:00, 852.64 ,N
7/26/2024 15:00, 422.95 ,N
7/26/2024 16:00, 167.48 ,N
7/26/2024 17:00, 147.33 ,P
7/26/2024 18:00, 102.22 ,P
7/26/2024 19:00, 109.82 ,P
7/26/2024 20:00, 87.03 ,N
7/26/2024 21:00, 81.50 ,N
7/26/2024 22:00, 81.50 ,O
7/26/2024 23:00, 85.64 ,O
7/27/2024 0:00, 80.12 ,O
7/27/2024 1:00, 78.74 ,O
7/27/2024 2:00, 73.90 ,O
7/27/2024 3:00, 80.81 ,O
7/27/2024 4:00, 77.36 ,N
7/27/2024 5:00, 80.81 ,N
7/27/2024 6:00, 70.45 ,N
7/27/2024 7:00, 82.07 ,N
7/27/2024 8:00, 531.20 ,N
7/27/2024 9:00," 1,284.55 ",N
7/27/2024 10:00," 1,356.11 ",P
7/27/2024 11:00," 1,186.71 ",P
7/27/2024 12:00," 1,505.98 ",N
7/27/2024 13:00," 1,112.08 ",N
7/27/2024 14:00," 1,330.28 ",N
7/27/2024 15:00," 1,190.56 ",N
7/27/2024 16:00," 1,041.94 ",N
7/27/2024 17:00," 1,168.67 ",P
7/27/2024 18:00," 1,443.53 ",P
7/27/2024 19:00," 1,038.10 ",P
7/27/2024 20:00," 1,286.74 ",N
7/27/2024 21:00, 712.79 ,N
7/27/2024 22:00," 1,145.84 ",O
7/27/2024 23:00," 1,181.76 ",O
7/28/2024 0:00, 911.70 ,O
7/28/2024 1:00," 1,009.09 ",O
7/28/2024 2:00, 973.86 ,O
7/28/2024 3:00, 848.16 ,O
7/28/2024 4:00, 780.47 ,N
7/28/2024 5:00, 770.80 ,N
7/28/2024 6:00, 969.03 ,N
7/28/2024 7:00, 708.54 ,N
7/28/2024 8:00," 1,101.83 ",N
7/28/2024 9:00, 952.12 ,N
7/28/2024 10:00," 1,203.65 ",N
7/28/2024 11:00," 1,159.54 ",N
7/28/2024 12:00, 964.41 ,N
7/28/2024 13:00," 1,140.25 ",N
7/28/2024 14:00, 833.86 ,N
7/28/2024 15:00," 1,036.99 ",N
7/28/2024 16:00," 1,019.83 ",N
7/28/2024 17:00, 933.73 ,N
7/28/2024 18:00, 870.26 ,N
7/28/2024 19:00," 1,061.58 ",N
7/28/2024 20:00, 730.05 ,N
7/28/2024 21:00," 1,020.83 ",N
7/28/2024 22:00, 954.53 ,O
7/28/2024 23:00, 756.99 ,O
7/29/2024 0:00, 995.28 ,O
7/29/2024 1:00, 975.94 ,O
7/29/2024 2:00, 974.55 ,O
7/29/2024 3:00, 919.30 ,O
7/29/2024 4:00," 1,018.07 ",N
7/29/2024 5:00, 664.44 ,N
7/29/2024 6:00, 891.67 ,N
7/29/2024 7:00, 882.84 ,N
7/29/2024 8:00," 1,164.67 ",N
7/29/2024 9:00," 1,275.96 ",N
7/29/2024 10:00," 1,281.65 ",P
7/29/2024 11:00," 1,165.21 ",P
7/29/2024 12:00," 1,262.29 ",N
7/29/2024 13:00," 1,118.17 ",N
7/29/2024 14:00," 1,150.15 ",N
7/29/2024 15:00," 1,238.56 ",N
7/29/2024 16:00, 954.51 ,N
7/29/2024 17:00," 1,051.40 ",P
7/29/2024 18:00, 866.13 ,P
7/29/2024 19:00," 1,031.88 ",P
7/29/2024 20:00, 910.32 ,N
7/29/2024 21:00," 1,085.76 ",N
7/29/2024 22:00," 1,110.62 ",O
7/29/2024 23:00, 991.13 ,O
7/30/2024 0:00," 1,030.50 ",O
7/30/2024 1:00, 809.48 ,O
7/30/2024 2:00," 1,055.37 ",O
7/30/2024 3:00, 926.90 ,O
7/30/2024 4:00, 813.63 ,N
7/30/2024 5:00, 907.56 ,N
7/30/2024 6:00, 821.22 ,N
7/30/2024 7:00, 962.44 ,N
7/30/2024 8:00," 1,008.27 ",N
7/30/2024 9:00," 1,436.77 ",N
7/30/2024 10:00," 1,155.71 ",P
7/30/2024 11:00," 1,137.17 ",P
7/30/2024 12:00," 1,170.21 ",N
7/30/2024 13:00," 1,059.33 ",N
7/30/2024 14:00," 1,086.22 ",N
7/30/2024 15:00," 1,050.35 ",N
7/30/2024 16:00," 1,100.02 ",N
7/30/2024 17:00, 961.45 ,P
7/30/2024 18:00," 1,004.25 ",P
7/30/2024 19:00, 918.61 ,P
7/30/2024 20:00," 1,251.52 ",N
7/30/2024 21:00," 1,076.09 ",N
7/30/2024 22:00," 1,287.43 ",O
7/30/2024 23:00," 1,154.13 ",O
7/31/2024 0:00," 1,704.54 ",O
7/31/2024 1:00," 1,118.03 ",O
7/31/2024 2:00," 1,386.59 ",O
7/31/2024 3:00," 1,257.49 ",O
7/31/2024 4:00," 1,113.25 ",N
7/31/2024 5:00," 1,508.51 ",N
7/31/2024 6:00," 1,345.15 ",N
7/31/2024 7:00," 1,347.85 ",N
7/31/2024 8:00," 1,439.81 ",N
7/31/2024 9:00," 1,331.55 ",N
7/31/2024 10:00," 1,361.53 ",P
7/31/2024 11:00," 1,417.91 ",P
7/31/2024 12:00," 1,620.58 ",N
7/31/2024 13:00," 1,546.26 ",N
7/31/2024 14:00," 1,367.60 ",N
7/31/2024 15:00," 1,582.15 ",N
7/31/2024 16:00," 1,603.49 ",N
7/31/2024 17:00," 1,628.27 ",P
7/31/2024 18:00," 1,753.16 ",P
7/31/2024 19:00," 1,494.17 ",P
7/31/2024 20:00," 1,494.17 ",N
7/31/2024 21:00," 1,460.70 ",N
7/31/2024 22:00," 1,675.86 ",O
7/31/2024 23:00," 1,392.16 ",O
8/1/2024 0:00," 1,467.07 ",O
8/1/2024 1:00," 1,345.15 ",O
8/1/2024 2:00," 1,282.19 ",O
8/1/2024 3:00," 1,174.61 ",O
8/1/2024 4:00," 1,106.88 ",N
8/1/2024 5:00," 1,184.97 ",N
8/1/2024 6:00," 1,051.89 ",N
8/1/2024 7:00," 1,003.14 ",N
8/1/2024 8:00," 1,520.48 ",N
8/1/2024 9:00," 1,744.64 ",N
8/1/2024 10:00," 1,595.17 ",P
8/1/2024 11:00," 1,462.40 ",P
8/1/2024 12:00," 1,607.69 ",N
8/1/2024 13:00," 1,637.09 ",N
8/1/2024 14:00," 1,664.43 ",N
8/1/2024 15:00," 1,619.28 ",N
8/1/2024 16:00," 1,609.67 ",N
8/1/2024 17:00," 1,842.54 ",P
8/1/2024 18:00," 1,522.06 ",P
8/1/2024 19:00," 1,333.19 ",P
8/1/2024 20:00," 1,353.12 ",N
8/1/2024 21:00," 1,412.88 ",N
8/1/2024 22:00," 1,341.96 ",O
8/1/2024 23:00," 1,469.46 ",O
8/2/2024 0:00," 1,242.35 ",O
8/2/2024 1:00," 1,430.41 ",O
8/2/2024 2:00," 1,263.86 ",O
8/2/2024 3:00," 1,263.86 ",O
8/2/2024 4:00," 1,340.37 ",N
8/2/2024 5:00," 1,114.05 ",N
8/2/2024 6:00," 1,307.69 ",N
8/2/2024 7:00," 1,075.85 ",N
8/2/2024 8:00," 1,014.01 ",N
8/2/2024 9:00," 1,160.60 ",N
8/2/2024 10:00," 1,335.69 ",P
8/2/2024 11:00," 1,416.19 ",P
8/2/2024 12:00," 1,072.53 ",N
8/2/2024 13:00," 1,228.63 ",N
8/2/2024 14:00, 962.43 ,N
8/2/2024 15:00," 1,200.71 ",N
8/2/2024 16:00," 1,232.72 ",N
8/2/2024 17:00, 856.28 ,P
8/2/2024 18:00," 1,170.63 ",P
8/2/2024 19:00," 1,184.97 ",P
8/2/2024 20:00," 1,341.16 ",N
8/2/2024 21:00," 1,157.08 ",N
8/2/2024 22:00," 1,082.17 ",O
8/2/2024 23:00, 136.27 ,O
8/3/2024 0:00, 105.99 ,O
8/3/2024 1:00, 87.66 ,O
8/3/2024 2:00, 91.64 ,O
8/3/2024 3:00, 87.66 ,O
8/3/2024 4:00, 91.64 ,N
8/3/2024 5:00, 84.47 ,N
8/3/2024 6:00, 82.08 ,N
8/3/2024 7:00, 81.05 ,N
8/3/2024 8:00, 801.83 ,N
8/3/2024 9:00, 967.42 ,N
8/3/2024 10:00," 1,373.22 ",P
8/3/2024 11:00," 1,296.80 ",P
8/3/2024 12:00," 1,405.71 ",N
8/3/2024 13:00," 1,424.88 ",N
8/3/2024 14:00," 1,143.22 ",N
8/3/2024 15:00," 1,188.53 ",N
8/3/2024 16:00," 1,249.32 ",N
8/3/2024 17:00," 1,404.29 ",P
8/3/2024 18:00," 1,160.27 ",P
8/3/2024 19:00," 1,162.66 ",P
8/3/2024 20:00," 1,369.85 ",N
8/3/2024 21:00," 1,357.10 ",N
8/3/2024 22:00," 1,209.68 ",O
8/3/2024 23:00, 945.91 ,O
8/4/2024 0:00," 1,825.67 ",O
8/4/2024 1:00," 1,777.86 ",O
8/4/2024 2:00," 1,880.66 ",O
8/4/2024 3:00," 2,020.91 ",O
8/4/2024 4:00," 2,148.41 ",N
8/4/2024 5:00," 2,121.32 ",N
8/4/2024 6:00," 1,969.11 ",N
8/4/2024 7:00," 1,123.16 ",N
8/4/2024 8:00," 1,632.03 ",N
8/4/2024 9:00," 1,933.31 ",N
8/4/2024 10:00," 2,180.04 ",N
8/4/2024 11:00," 2,017.77 ",N
8/4/2024 12:00," 1,936.12 ",N
8/4/2024 13:00," 2,326.18 ",N
8/4/2024 14:00," 2,160.31 ",N
8/4/2024 15:00," 1,965.94 ",N
8/4/2024 16:00," 2,270.93 ",N
8/4/2024 17:00," 1,602.91 ",N
8/4/2024 18:00," 2,148.42 ",N
8/4/2024 19:00," 2,164.35 ",N
8/4/2024 20:00," 1,992.22 ",N
8/4/2024 21:00," 1,660.72 ",N
8/4/2024 22:00," 2,342.85 ",O
8/4/2024 23:00," 2,067.13 ",O
8/5/2024 0:00," 1,512.49 ",O
8/5/2024 1:00," 1,488.59 ",O
8/5/2024 2:00," 1,255.10 ",O
8/5/2024 3:00," 1,229.60 ",O
8/5/2024 4:00," 1,267.05 ",N
8/5/2024 5:00," 1,408.90 ",N
8/5/2024 6:00," 1,368.26 ",N
8/5/2024 7:00, 992.74 ,N
8/5/2024 8:00," 1,172.26 ",N
8/5/2024 9:00," 1,292.83 ",N
8/5/2024 10:00," 1,352.56 ",P
8/5/2024 11:00," 1,429.47 ",P
8/5/2024 12:00," 1,429.45 ",N
8/5/2024 13:00," 1,083.65 ",N
8/5/2024 14:00," 1,206.68 ",N
8/5/2024 15:00," 1,435.00 ",N
8/5/2024 16:00," 1,270.93 ",N
8/5/2024 17:00," 1,239.35 ",P
8/5/2024 18:00, 795.29 ,P
8/5/2024 19:00," 1,205.69 ",P
8/5/2024 20:00," 1,452.73 ",N
8/5/2024 21:00," 1,126.80 ",N
8/5/2024 22:00," 1,046.31 ",O
8/5/2024 23:00, 945.91 ,O
8/6/2024 0:00," 1,189.75 ",O
8/6/2024 1:00," 1,080.58 ",O
8/6/2024 2:00," 1,216.85 ",O
8/6/2024 3:00," 1,073.41 ",O
8/6/2024 4:00," 1,196.13 ",N
8/6/2024 5:00," 1,135.57 ",N
8/6/2024 6:00," 1,033.56 ",N
8/6/2024 7:00, 863.52 ,N
8/6/2024 8:00," 1,062.68 ",N
8/6/2024 9:00," 1,360.74 ",N
8/6/2024 10:00," 1,568.49 ",P
8/6/2024 11:00," 1,509.86 ",P
8/6/2024 12:00," 1,563.93 ",N
8/6/2024 13:00," 1,577.85 ",N
8/6/2024 14:00," 1,437.99 ",N
8/6/2024 15:00," 1,849.94 ",N
8/6/2024 16:00," 2,043.37 ",N
8/6/2024 17:00," 1,857.41 ",P
8/6/2024 18:00," 1,680.64 ",P
8/6/2024 19:00," 1,432.01 ",P
8/6/2024 20:00," 1,791.40 ",N
8/6/2024 21:00," 1,433.60 ",N
8/6/2024 22:00," 1,313.27 ",O
8/6/2024 23:00," 1,328.41 ",O
8/7/2024 0:00," 1,421.65 ",O
8/7/2024 1:00," 1,459.10 ",O
8/7/2024 2:00," 1,105.28 ",O
8/7/2024 3:00," 1,154.69 ",O
8/7/2024 4:00," 1,428.02 ",N
8/7/2024 5:00," 1,184.97 ",N
8/7/2024 6:00," 1,434.40 ",N
8/7/2024 7:00," 1,038.44 ",N
8/7/2024 8:00," 1,255.51 ",N
8/7/2024 9:00," 1,522.35 ",N
8/7/2024 10:00," 1,627.70 ",P
8/7/2024 11:00," 1,740.97 ",P
8/7/2024 12:00," 1,456.14 ",N
8/7/2024 13:00," 1,415.66 ",N
8/7/2024 14:00," 1,574.23 ",N
8/7/2024 15:00," 1,456.67 ",N
8/7/2024 16:00," 1,710.56 ",N
8/7/2024 17:00," 1,605.29 ",P
8/7/2024 18:00," 1,610.07 ",P
8/7/2024 19:00," 1,475.04 ",P
8/7/2024 20:00," 1,838.42 ",N
8/7/2024 21:00," 1,491.77 ",N
8/7/2024 22:00," 1,526.04 ",O
8/7/2024 23:00," 1,497.35 ",O
8/8/2024 0:00," 1,734.03 ",O
8/8/2024 1:00," 1,447.95 ",O
8/8/2024 2:00," 1,251.11 ",O
8/8/2024 3:00," 1,269.44 ",O
8/8/2024 4:00," 1,431.21 ",N
8/8/2024 5:00," 1,506.92 ",N
8/8/2024 6:00," 1,356.30 ",N
8/8/2024 7:00," 1,302.39 ",N
8/8/2024 8:00," 1,113.06 ",N
8/8/2024 9:00," 1,552.27 ",N
8/8/2024 10:00," 1,629.22 ",P
8/8/2024 11:00," 1,607.96 ",P
8/8/2024 12:00," 1,593.66 ",N
8/8/2024 13:00," 1,528.35 ",N
8/8/2024 14:00," 1,862.03 ",N
8/8/2024 15:00," 1,724.68 ",N
8/8/2024 16:00," 1,844.88 ",N
8/8/2024 17:00," 1,817.68 ",P
8/8/2024 18:00," 1,765.96 ",P
8/8/2024 19:00," 1,718.89 ",P
8/8/2024 20:00," 1,542.78 ",N
8/8/2024 21:00," 1,653.54 ",N
8/8/2024 22:00," 1,906.95 ",O
8/8/2024 23:00," 1,835.23 ",O
8/9/2024 0:00," 1,701.36 ",O
8/9/2024 1:00," 1,351.52 ",O
8/9/2024 2:00," 1,069.42 ",O
8/9/2024 3:00," 1,283.79 ",O
8/9/2024 4:00," 1,391.37 ",N
8/9/2024 5:00," 1,366.66 ",N
8/9/2024 6:00," 1,409.70 ",N
8/9/2024 7:00," 1,126.68 ",N
8/9/2024 8:00," 1,236.83 ",N
8/9/2024 9:00, 853.22 ,N
8/9/2024 10:00," 1,279.10 ",P
8/9/2024 11:00," 1,487.59 ",P
8/9/2024 12:00," 1,377.65 ",N
8/9/2024 13:00," 1,389.68 ",N
8/9/2024 14:00," 1,142.55 ",N
8/9/2024 15:00," 1,250.11 ",N
8/9/2024 16:00," 1,587.43 ",N
8/9/2024 17:00," 1,534.05 ",P
8/9/2024 18:00," 1,588.21 ",P
8/9/2024 19:00," 1,595.37 ",P
8/9/2024 20:00," 1,622.46 ",N
8/9/2024 21:00," 1,469.46 ",N
8/9/2024 22:00," 1,749.17 ",O
8/9/2024 23:00," 1,341.96 ",O
8/10/2024 0:00," 1,458.31 ",O
8/10/2024 1:00," 1,478.23 ",O
8/10/2024 2:00," 1,371.44 ",O
8/10/2024 3:00," 1,293.35 ",O
8/10/2024 4:00," 1,466.27 ",N
8/10/2024 5:00," 1,534.81 ",N
8/10/2024 6:00," 1,117.24 ",N
8/10/2024 7:00," 1,320.57 ",N
8/10/2024 8:00," 1,426.24 ",N
8/10/2024 9:00," 1,743.70 ",N
8/10/2024 10:00," 1,773.45 ",P
8/10/2024 11:00," 1,551.07 ",P
8/10/2024 12:00," 1,468.15 ",N
8/10/2024 13:00," 1,368.20 ",N
8/10/2024 14:00," 1,425.39 ",N
8/10/2024 15:00," 1,789.56 ",N
8/10/2024 16:00," 1,671.82 ",N
8/10/2024 17:00," 1,623.32 ",P
8/10/2024 18:00," 1,399.34 ",P
8/10/2024 19:00," 1,383.40 ",P
8/10/2024 20:00," 1,339.57 ",N
8/10/2024 21:00," 1,674.26 ",N
8/10/2024 22:00," 1,441.57 ",O
8/10/2024 23:00," 1,500.54 ",O
8/11/2024 0:00," 1,355.51 ",O
8/11/2024 1:00," 1,402.52 ",O
8/11/2024 2:00," 1,098.91 ",O
8/11/2024 3:00," 1,362.68 ",O
8/11/2024 4:00," 1,237.57 ",N
8/11/2024 5:00," 1,263.86 ",N
8/11/2024 6:00," 1,380.21 ",N
8/11/2024 7:00," 1,386.27 ",N
8/11/2024 8:00," 1,418.58 ",N
8/11/2024 9:00," 1,606.50 ",N
8/11/2024 10:00," 1,395.57 ",N
8/11/2024 11:00," 1,749.14 ",N
8/11/2024 12:00," 1,070.15 ",N
8/11/2024 13:00," 1,155.30 ",N
8/11/2024 14:00," 1,561.87 ",N
8/11/2024 15:00," 1,337.32 ",N
8/11/2024 16:00," 1,556.08 ",N
8/11/2024 17:00," 1,554.34 ",N
8/11/2024 18:00, 914.84 ,N
8/11/2024 19:00," 1,265.46 ",N
8/11/2024 20:00," 1,199.32 ",N
8/11/2024 21:00," 1,364.27 ",N
8/11/2024 22:00," 1,340.37 ",O
8/11/2024 23:00," 1,275.02 ",O
8/12/2024 0:00," 2,321.34 ",O
8/12/2024 1:00," 2,049.60 ",O
8/12/2024 2:00," 2,418.56 ",O
8/12/2024 3:00," 2,200.21 ",O
8/12/2024 4:00," 1,996.21 ",N
8/12/2024 5:00," 2,369.95 ",N
8/12/2024 6:00," 2,032.86 ",N
8/12/2024 7:00," 1,717.08 ",N
8/12/2024 8:00," 1,818.20 ",N
8/12/2024 9:00," 2,087.65 ",N
8/12/2024 10:00," 2,288.37 ",P
8/12/2024 11:00," 2,277.56 ",P
8/12/2024 12:00," 2,252.50 ",N
8/12/2024 13:00," 2,381.08 ",N
8/12/2024 14:00," 2,172.95 ",N
8/12/2024 15:00," 1,845.84 ",N
8/12/2024 16:00," 2,378.56 ",N
8/12/2024 17:00," 2,247.48 ",P
8/12/2024 18:00," 2,405.01 ",P
8/12/2024 19:00," 1,889.42 ",P
8/12/2024 20:00," 2,380.31 ",N
8/12/2024 21:00," 2,206.58 ",N
8/12/2024 22:00," 2,286.27 ",O
8/12/2024 23:00," 1,948.39 ",O
8/13/2024 0:00," 1,804.95 ",O
8/13/2024 1:00," 1,843.20 ",O
8/13/2024 2:00," 1,243.94 ",O
8/13/2024 3:00," 1,298.13 ",O
8/13/2024 4:00," 1,563.49 ",N
8/13/2024 5:00," 1,161.07 ",N
8/13/2024 6:00," 1,122.82 ",N
8/13/2024 7:00, 842.08 ,N
8/13/2024 8:00," 1,173.78 ",N
8/13/2024 9:00," 1,566.01 ",N
8/13/2024 10:00," 1,402.96 ",P
8/13/2024 11:00," 1,433.30 ",P
8/13/2024 12:00," 1,510.42 ",N
8/13/2024 13:00," 1,372.24 ",N
8/13/2024 14:00," 1,544.91 ",N
8/13/2024 15:00," 1,537.53 ",N
8/13/2024 16:00," 1,196.47 ",N
8/13/2024 17:00," 1,288.07 ",P
8/13/2024 18:00," 1,408.11 ",P
8/13/2024 19:00," 1,260.68 ",P
8/13/2024 20:00," 1,176.21 ",N
8/13/2024 21:00," 1,688.61 ",N
8/13/2024 22:00," 1,341.16 ",O
8/13/2024 23:00," 1,206.49 ",O
8/14/2024 0:00," 1,402.52 ",O
8/14/2024 1:00," 1,134.77 ",O
8/14/2024 2:00," 1,440.77 ",O
8/14/2024 3:00," 1,137.96 ",O
8/14/2024 4:00, 876.58 ,N
8/14/2024 5:00," 1,141.14 ",N
8/14/2024 6:00, 939.53 ,N
8/14/2024 7:00," 1,269.48 ",N
8/14/2024 8:00," 1,423.88 ",N
8/14/2024 9:00," 1,541.50 ",N
8/14/2024 10:00," 1,400.26 ",P
8/14/2024 11:00," 1,426.28 ",P
8/14/2024 12:00," 1,362.24 ",N
8/14/2024 13:00," 1,667.28 ",N
8/14/2024 14:00," 1,636.45 ",N
8/14/2024 15:00," 1,895.06 ",N
8/14/2024 16:00," 1,891.88 ",N
8/14/2024 17:00," 1,615.27 ",P
8/14/2024 18:00," 1,799.38 ",P
8/14/2024 19:00," 1,355.51 ",P
8/14/2024 20:00," 1,471.85 ",N
8/14/2024 21:00," 1,823.28 ",N
8/14/2024 22:00," 1,494.96 ",O
8/14/2024 23:00," 1,516.48 ",O
8/15/2024 0:00," 1,078.99 ",O
8/15/2024 1:00," 1,199.32 ",O
8/15/2024 2:00," 1,483.01 ",O
8/15/2024 3:00," 1,071.81 ",O
8/15/2024 4:00," 1,069.42 ",N
8/15/2024 5:00, 908.45 ,N
8/15/2024 6:00, 961.05 ,N
8/15/2024 7:00," 1,232.08 ",N
8/15/2024 8:00, 898.59 ,N
8/15/2024 9:00," 1,637.58 ",N
8/15/2024 10:00," 1,399.46 ",P
8/15/2024 11:00," 1,253.08 ",P
8/15/2024 12:00," 1,139.54 ",N
8/15/2024 13:00," 1,059.78 ",N
8/15/2024 14:00," 1,558.94 ",N
8/15/2024 15:00," 1,523.57 ",N
8/15/2024 16:00," 1,542.74 ",N
8/15/2024 17:00, 951.08 ,P
8/15/2024 18:00, 976.12 ,P
8/15/2024 19:00," 1,243.94 ",P
8/15/2024 20:00," 1,221.63 ",N
8/15/2024 21:00," 1,326.82 ",N
8/15/2024 22:00," 1,231.99 ",O
8/15/2024 23:00," 1,280.60 ",O
8/16/2024 0:00," 1,526.84 ",O
8/16/2024 1:00," 1,339.57 ",O
8/16/2024 2:00," 1,200.11 ",O
8/16/2024 3:00," 1,116.44 ",O
8/16/2024 4:00," 1,081.38 ",N
8/16/2024 5:00," 1,066.24 ",N
8/16/2024 6:00," 1,336.38 ",N
8/16/2024 7:00, 911.69 ,N
8/16/2024 8:00," 1,039.50 ",N
8/16/2024 9:00," 1,131.38 ",N
8/16/2024 10:00," 1,048.21 ",P
8/16/2024 11:00," 1,006.98 ",P
8/16/2024 12:00, 904.38 ,N
8/16/2024 13:00," 1,037.64 ",N
8/16/2024 14:00," 1,025.97 ",N
8/16/2024 15:00," 1,029.47 ",N
8/16/2024 16:00," 1,371.02 ",N
8/16/2024 17:00," 1,163.90 ",P
8/16/2024 18:00," 1,193.74 ",P
8/16/2024 19:00," 1,105.28 ",P
8/16/2024 20:00," 1,094.13 ",N
8/16/2024 21:00," 1,174.61 ",N
8/16/2024 22:00," 1,165.05 ",O
8/16/2024 23:00, 495.66 ,O
8/17/2024 0:00, 368.16 ,O
8/17/2024 1:00, 341.07 ,O
8/17/2024 2:00, 376.93 ,O
8/17/2024 3:00, 385.69 ,O
8/17/2024 4:00, 367.37 ,N
8/17/2024 5:00, 324.33 ,N
8/17/2024 6:00, 333.90 ,N
8/17/2024 7:00, 280.19 ,N
8/17/2024 8:00, 809.24 ,N
8/17/2024 9:00," 1,188.39 ",N
8/17/2024 10:00, 993.51 ,P
8/17/2024 11:00," 1,233.79 ",P
8/17/2024 12:00," 1,154.00 ",N
8/17/2024 13:00," 1,230.06 ",N
8/17/2024 14:00," 1,043.03 ",N
8/17/2024 15:00," 1,276.68 ",N
8/17/2024 16:00," 1,051.06 ",N
8/17/2024 17:00," 1,040.03 ",P
8/17/2024 18:00," 1,084.09 ",P
8/17/2024 19:00, 894.91 ,P
8/17/2024 20:00, 269.35 ,N
8/17/2024 21:00, 90.85 ,N
8/17/2024 22:00, 94.03 ,O
8/17/2024 23:00, 90.85 ,O
8/18/2024 0:00, 95.63 ,O
8/18/2024 1:00, 87.66 ,O
8/18/2024 2:00, 94.03 ,O
8/18/2024 3:00, 85.27 ,O
8/18/2024 4:00, 94.83 ,N
8/18/2024 5:00, 87.66 ,N
8/18/2024 6:00, 93.24 ,N
8/18/2024 7:00, 76.78 ,N
8/18/2024 8:00, 83.07 ,N
8/18/2024 9:00, 78.59 ,N
8/18/2024 10:00, 85.69 ,N
8/18/2024 11:00, 80.16 ,N
8/18/2024 12:00, 88.27 ,N
8/18/2024 13:00, 80.45 ,N
8/18/2024 14:00, 94.99 ,N
8/18/2024 15:00, 84.23 ,N
8/18/2024 16:00, 89.74 ,N
8/18/2024 17:00, 80.46 ,N
8/18/2024 18:00, 96.43 ,N
8/18/2024 19:00, 86.06 ,N
8/18/2024 20:00, 93.24 ,N
8/18/2024 21:00, 86.86 ,N
8/18/2024 22:00, 92.44 ,O
8/18/2024 23:00, 86.86 ,O
8/19/2024 0:00, 93.24 ,O
8/19/2024 1:00, 87.66 ,O
8/19/2024 2:00, 92.44 ,O
8/19/2024 3:00, 86.86 ,O
8/19/2024 4:00, 93.24 ,N
8/19/2024 5:00, 82.88 ,N
8/19/2024 6:00, 84.47 ,N
8/19/2024 7:00, 79.49 ,N
8/19/2024 8:00, 83.72 ,N
8/19/2024 9:00, 80.19 ,N
8/19/2024 10:00, 80.87 ,P
8/19/2024 11:00, 79.77 ,P
8/19/2024 12:00, 81.20 ,N
8/19/2024 13:00, 74.36 ,N
8/19/2024 14:00, 87.96 ,N
8/19/2024 15:00, 78.76 ,N
8/19/2024 16:00, 84.00 ,N
8/19/2024 17:00, 78.93 ,P
8/19/2024 18:00, 94.84 ,P
8/19/2024 19:00, 89.25 ,P
8/19/2024 20:00, 93.24 ,N
8/19/2024 21:00, 86.86 ,N
8/19/2024 22:00, 96.42 ,O
8/19/2024 23:00, 86.86 ,O
8/20/2024 0:00, 93.24 ,O
8/20/2024 1:00, 88.45 ,O
8/20/2024 2:00, 86.86 ,O
8/20/2024 3:00, 86.86 ,O
8/20/2024 4:00, 93.24 ,N
8/20/2024 5:00, 83.67 ,N
8/20/2024 6:00, 86.86 ,N
8/20/2024 7:00, 75.72 ,N
8/20/2024 8:00, 84.18 ,N
8/20/2024 9:00, 72.49 ,N
8/20/2024 10:00, 80.79 ,P
8/20/2024 11:00, 74.87 ,P
8/20/2024 12:00, 86.28 ,N
8/20/2024 13:00, 78.11 ,N
8/20/2024 14:00, 78.55 ,N
8/20/2024 15:00, 79.34 ,N
8/20/2024 16:00, 88.31 ,N
8/20/2024 17:00, 82.34 ,P
8/20/2024 18:00, 97.26 ,P
8/20/2024 19:00, 88.45 ,P
8/20/2024 20:00, 94.03 ,N
8/20/2024 21:00, 86.86 ,N
8/20/2024 22:00, 90.85 ,O
8/20/2024 23:00, 84.47 ,O
8/21/2024 0:00, 93.24 ,O
8/21/2024 1:00, 81.28 ,O
8/21/2024 2:00, 92.44 ,O
8/21/2024 3:00, 79.69 ,O
8/21/2024 4:00, 90.05 ,N
8/21/2024 5:00, 79.69 ,N
8/21/2024 6:00, 86.06 ,N
8/21/2024 7:00, 75.16 ,N
8/21/2024 8:00, 85.13 ,N
8/21/2024 9:00, 74.16 ,N
8/21/2024 10:00, 80.27 ,P
8/21/2024 11:00, 72.99 ,P
8/21/2024 12:00, 82.33 ,N
8/21/2024 13:00, 74.67 ,N
8/21/2024 14:00, 86.45 ,N
8/21/2024 15:00, 80.94 ,N
8/21/2024 16:00, 86.75 ,N
8/21/2024 17:00, 79.35 ,P
8/21/2024 18:00, 96.44 ,P
8/21/2024 19:00, 87.66 ,P
8/21/2024 20:00, 90.85 ,N
8/21/2024 21:00, 86.06 ,N
8/21/2024 22:00, 92.44 ,O
8/21/2024 23:00, 87.66 ,O
8/22/2024 0:00, 94.03 ,O
8/22/2024 1:00, 86.86 ,O
8/22/2024 2:00, 93.24 ,O
8/22/2024 3:00, 79.69 ,O
8/22/2024 4:00, 88.45 ,N
8/22/2024 5:00, 86.06 ,N
8/22/2024 6:00, 88.45 ,N
8/22/2024 7:00, 78.97 ,N
8/22/2024 8:00, 84.41 ,N
8/22/2024 9:00, 75.32 ,N
8/22/2024 10:00, 86.32 ,P
8/22/2024 11:00, 74.61 ,P
8/22/2024 12:00, 87.30 ,N
8/22/2024 13:00, 82.32 ,N
8/22/2024 14:00, 88.98 ,N
8/22/2024 15:00, 81.12 ,N
8/22/2024 16:00, 82.93 ,N
8/22/2024 17:00, 82.61 ,P
8/22/2024 18:00, 95.63 ,P
8/22/2024 19:00, 90.85 ,P
8/22/2024 20:00, 93.24 ,N
8/22/2024 21:00, 88.45 ,N
8/22/2024 22:00, 97.22 ,O
8/22/2024 23:00, 90.05 ,O
8/23/2024 0:00, 92.44 ,O
8/23/2024 1:00, 86.06 ,O
8/23/2024 2:00, 90.85 ,O
8/23/2024 3:00, 86.86 ,O
8/23/2024 4:00, 92.44 ,N
8/23/2024 5:00, 85.27 ,N
8/23/2024 6:00, 76.50 ,N
8/23/2024 7:00, 82.45 ,N
8/23/2024 8:00, 644.23 ,N
8/23/2024 9:00, 550.78 ,N
8/23/2024 10:00, 872.97 ,P
8/23/2024 11:00, 946.15 ,P
8/23/2024 12:00," 1,239.53 ",N
8/23/2024 13:00," 1,165.30 ",N
8/23/2024 14:00," 1,376.37 ",N
8/23/2024 15:00, 885.91 ,N
8/23/2024 16:00," 1,355.66 ",N
8/23/2024 17:00," 1,090.90 ",P
8/23/2024 18:00," 1,122.63 ",P
8/23/2024 19:00," 1,206.49 ",P
8/23/2024 20:00," 1,114.05 ",N
8/23/2024 21:00," 1,332.40 ",N
8/23/2024 22:00," 1,107.67 ",O
8/23/2024 23:00, 162.57 ,O
8/24/2024 0:00, 108.38 ,O
8/24/2024 1:00, 94.03 ,O
8/24/2024 2:00, 105.19 ,O
8/24/2024 3:00, 101.20 ,O
8/24/2024 4:00, 105.19 ,N
8/24/2024 5:00, 94.83 ,N
8/24/2024 6:00, 86.86 ,N
8/24/2024 7:00, 82.08 ,N
8/24/2024 8:00, 832.27 ,N
8/24/2024 9:00," 1,035.63 ",N
8/24/2024 10:00, 888.06 ,P
8/24/2024 11:00," 1,347.16 ",P
8/24/2024 12:00," 1,336.45 ",N
8/24/2024 13:00," 1,189.81 ",N
8/24/2024 14:00," 1,475.61 ",N
8/24/2024 15:00," 1,639.93 ",N
8/24/2024 16:00," 1,706.82 ",N
8/24/2024 17:00," 1,428.52 ",P
8/24/2024 18:00," 1,533.52 ",P
8/24/2024 19:00," 1,655.14 ",P
8/24/2024 20:00," 1,609.71 ",N
8/24/2024 21:00," 1,722.08 ",N
8/24/2024 22:00," 1,463.88 ",O
8/24/2024 23:00," 1,754.75 ",O
8/25/2024 0:00," 1,349.13 ",O
8/25/2024 1:00," 1,326.02 ",O
8/25/2024 2:00," 1,411.29 ",O
8/25/2024 3:00," 1,294.15 ",O
8/25/2024 4:00," 1,482.21 ",N
8/25/2024 5:00," 1,483.01 ",N
8/25/2024 6:00," 1,287.77 ",N
8/25/2024 7:00," 1,284.49 ",N
8/25/2024 8:00," 1,520.79 ",N
8/25/2024 9:00," 1,079.76 ",N
8/25/2024 10:00," 1,397.46 ",N
8/25/2024 11:00," 1,300.25 ",N
8/25/2024 12:00," 1,512.01 ",N
8/25/2024 13:00," 1,330.68 ",N
8/25/2024 14:00," 1,355.57 ",N
8/25/2024 15:00," 1,598.39 ",N
8/25/2024 16:00," 1,495.96 ",N
8/25/2024 17:00," 1,298.73 ",N
8/25/2024 18:00," 1,402.26 ",N
8/25/2024 19:00," 1,392.16 ",N
8/25/2024 20:00," 1,202.50 ",N
8/25/2024 21:00," 1,352.32 ",N
8/25/2024 22:00," 1,295.74 ",O
8/25/2024 23:00," 1,243.94 ",O
8/26/2024 0:00," 1,173.82 ",O
8/26/2024 1:00," 1,220.83 ",O
8/26/2024 2:00," 1,220.04 ",O
8/26/2024 3:00, 899.69 ,O
8/26/2024 4:00," 1,117.24 ",N
8/26/2024 5:00," 1,305.30 ",N
8/26/2024 6:00," 1,147.52 ",N
8/26/2024 7:00, 929.54 ,N
8/26/2024 8:00," 1,210.97 ",N
8/26/2024 9:00," 1,135.03 ",N
8/26/2024 10:00," 1,545.11 ",P
8/26/2024 11:00," 1,332.95 ",P
8/26/2024 12:00," 1,136.40 ",N
8/26/2024 13:00," 1,310.15 ",N
8/26/2024 14:00," 1,355.74 ",N
8/26/2024 15:00," 1,265.60 ",N
8/26/2024 16:00," 1,372.35 ",N
8/26/2024 17:00," 1,424.64 ",P
8/26/2024 18:00," 1,131.48 ",P
8/26/2024 19:00," 1,318.85 ",P
8/26/2024 20:00," 1,212.07 ",N
8/26/2024 21:00," 1,363.48 ",N
8/26/2024 22:00," 1,298.93 ",O
8/26/2024 23:00, 502.04 ,O
8/27/2024 0:00, 307.60 ,O
8/27/2024 1:00, 222.33 ,O
8/27/2024 2:00, 304.41 ,O
8/27/2024 3:00, 233.49 ,O
8/27/2024 4:00, 283.69 ,N
8/27/2024 5:00, 279.71 ,N
8/27/2024 6:00, 278.11 ,N
8/27/2024 7:00, 207.08 ,N
8/27/2024 8:00," 1,378.03 ",N
8/27/2024 9:00," 1,300.45 ",N
8/27/2024 10:00," 1,608.76 ",P
8/27/2024 11:00," 1,772.08 ",P
8/27/2024 12:00," 1,617.94 ",N
8/27/2024 13:00," 1,533.02 ",N
8/27/2024 14:00," 1,780.74 ",N
8/27/2024 15:00," 1,349.04 ",N
8/27/2024 16:00," 1,613.94 ",N
8/27/2024 17:00," 1,295.93 ",P
8/27/2024 18:00," 1,388.65 ",P
8/27/2024 19:00," 1,267.05 ",P
8/27/2024 20:00," 1,465.48 ",N
8/27/2024 21:00," 1,438.38 ",N
8/27/2024 22:00," 1,352.32 ",O
8/27/2024 23:00, 574.56 ,O
8/28/2024 0:00, 496.46 ,O
8/28/2024 1:00, 496.46 ,O
8/28/2024 2:00, 502.04 ,O
8/28/2024 3:00, 419.96 ,O
8/28/2024 4:00, 483.71 ,N
8/28/2024 5:00, 465.38 ,N
8/28/2024 6:00, 470.16 ,N
8/28/2024 7:00, 384.02 ,N
8/28/2024 8:00," 1,040.75 ",N
8/28/2024 9:00," 1,686.07 ",N
8/28/2024 10:00," 1,865.86 ",P
8/28/2024 11:00," 1,807.69 ",P
8/28/2024 12:00," 1,599.52 ",N
8/28/2024 13:00," 1,650.48 ",N
8/28/2024 14:00," 1,952.34 ",N
8/28/2024 15:00," 1,917.64 ",N
8/28/2024 16:00," 1,638.40 ",N
8/28/2024 17:00," 1,789.84 ",P
8/28/2024 18:00," 1,557.92 ",P
8/28/2024 19:00," 1,417.66 ",P
8/28/2024 20:00," 1,755.54 ",N
8/28/2024 21:00," 1,519.67 ",N
8/28/2024 22:00," 1,699.76 ",O
8/28/2024 23:00, 524.35 ,O
8/29/2024 0:00, 475.74 ,O
8/29/2024 1:00, 485.30 ,O
8/29/2024 2:00, 448.65 ,O
8/29/2024 3:00, 408.80 ,O
8/29/2024 4:00, 496.46 ,N
8/29/2024 5:00, 478.93 ,N
8/29/2024 6:00, 400.83 ,N
8/29/2024 7:00, 182.87 ,N
8/29/2024 8:00," 1,356.14 ",N
8/29/2024 9:00," 1,493.07 ",N
8/29/2024 10:00," 1,601.83 ",P
8/29/2024 11:00," 1,394.36 ",P
8/29/2024 12:00," 1,717.30 ",N
8/29/2024 13:00," 1,250.38 ",N
8/29/2024 14:00," 1,121.12 ",N
8/29/2024 15:00," 1,607.78 ",N
8/29/2024 16:00," 1,448.20 ",N
8/29/2024 17:00," 1,364.78 ",P
8/29/2024 18:00," 1,446.52 ",P
8/29/2024 19:00," 1,027.99 ",P
8/29/2024 20:00," 1,208.08 ",N
8/29/2024 21:00," 1,391.37 ",N
8/29/2024 22:00, 960.25 ,O
8/29/2024 23:00," 1,379.41 ",O
8/30/2024 0:00," 1,115.64 ",O
8/30/2024 1:00," 1,562.70 ",O
8/30/2024 2:00," 1,405.71 ",O
8/30/2024 3:00," 1,476.63 ",O
8/30/2024 4:00," 1,177.80 ",N
8/30/2024 5:00," 1,127.60 ",N
8/30/2024 6:00," 1,133.18 ",N
8/30/2024 7:00, 181.30 ,N
8/30/2024 8:00, 479.28 ,N
8/30/2024 9:00, 453.91 ,N
8/30/2024 10:00, 496.80 ,P
8/30/2024 11:00, 414.37 ,P
8/30/2024 12:00, 318.77 ,N
8/30/2024 13:00, 334.36 ,N
8/30/2024 14:00, 406.44 ,N
8/30/2024 15:00, 328.21 ,N
8/30/2024 16:00, 412.00 ,N
8/30/2024 17:00, 284.01 ,P
8/30/2024 18:00, 303.35 ,P
8/30/2024 19:00, 260.58 ,P
8/30/2024 20:00, 203.21 ,N
8/30/2024 21:00, 329.91 ,N
8/30/2024 22:00, 295.65 ,O
8/30/2024 23:00, 301.22 ,O
8/31/2024 0:00, 332.04 ,O
8/31/2024 1:00, 303.41 ,O
8/31/2024 2:00, 303.41 ,O
8/31/2024 3:00, 323.04 ,O
8/31/2024 4:00, 232.26 ,N
8/31/2024 5:00, 282.15 ,N
8/31/2024 6:00, 262.52 ,N
8/31/2024 7:00, 251.63 ,N
8/31/2024 8:00, 470.58 ,N
8/31/2024 9:00," 1,198.97 ",N
8/31/2024 10:00," 1,601.23 ",P
8/31/2024 11:00," 1,241.29 ",P
8/31/2024 12:00," 1,602.04 ",N
8/31/2024 13:00," 1,542.95 ",N
8/31/2024 14:00," 1,640.67 ",N
8/31/2024 15:00," 1,242.74 ",N
8/31/2024 16:00," 1,329.29 ",N
8/31/2024 17:00," 1,176.70 ",P
8/31/2024 18:00," 1,489.14 ",P
8/31/2024 19:00," 1,527.71 ",P
8/31/2024 20:00," 1,849.11 ",N
8/31/2024 21:00," 1,687.18 ",N
8/31/2024 22:00," 1,236.56 ",O
8/31/2024 23:00," 1,050.91 ",O
9/1/2024 0:00," 1,364.96 ",O
9/1/2024 1:00," 1,355.14 ",O
9/1/2024 2:00," 1,388.68 ",O
9/1/2024 3:00," 1,544.06 ",O
9/1/2024 4:00," 1,248.01 ",N
9/1/2024 5:00," 1,493.36 ",N
9/1/2024 6:00," 1,527.71 ",N
9/1/2024 7:00," 1,240.96 ",N
9/1/2024 8:00," 1,314.00 ",N
9/1/2024 9:00," 1,895.82 ",N
9/1/2024 10:00," 1,738.39 ",N
9/1/2024 11:00," 1,628.67 ",N
9/1/2024 12:00," 1,331.85 ",N
9/1/2024 13:00," 1,502.91 ",N
9/1/2024 14:00," 1,067.95 ",N
9/1/2024 15:00," 1,186.96 ",N
9/1/2024 16:00," 1,466.00 ",N
9/1/2024 17:00," 1,552.96 ",N
9/1/2024 18:00," 1,503.17 ",N
9/1/2024 19:00," 1,143.33 ",N
9/1/2024 20:00," 1,723.99 ",N
9/1/2024 21:00," 1,668.37 ",N
9/1/2024 22:00," 1,373.14 ",O
9/1/2024 23:00," 1,233.29 ",O
9/2/2024 0:00," 1,690.45 ",O
9/2/2024 1:00," 1,819.67 ",O
9/2/2024 2:00," 1,252.92 ",O
9/2/2024 3:00," 1,363.32 ",O
9/2/2024 4:00," 1,499.08 ",N
9/2/2024 5:00," 1,406.67 ",N
9/2/2024 6:00," 1,239.01 ",N
9/2/2024 7:00," 1,144.36 ",N
9/2/2024 8:00," 1,160.51 ",N
9/2/2024 9:00," 1,535.58 ",N
9/2/2024 10:00," 1,778.92 ",P
9/2/2024 11:00," 1,434.31 ",P
9/2/2024 12:00," 1,226.94 ",N
9/2/2024 13:00," 1,067.32 ",N
9/2/2024 14:00," 1,327.12 ",N
9/2/2024 15:00," 1,593.77 ",N
9/2/2024 16:00," 1,265.79 ",N
9/2/2024 17:00," 1,411.08 ",P
9/2/2024 18:00, 906.12 ,P
9/2/2024 19:00," 1,138.42 ",P
9/2/2024 20:00," 1,154.78 ",N
9/2/2024 21:00," 1,472.91 ",N
9/2/2024 22:00," 1,362.50 ",O
9/2/2024 23:00, 141.48 ,O
9/3/2024 0:00, 99.78 ,O
9/3/2024 1:00, 96.50 ,O
9/3/2024 2:00, 105.50 ,O
9/3/2024 3:00, 94.87 ,O
9/3/2024 4:00, 100.59 ,N
9/3/2024 5:00, 91.60 ,N
9/3/2024 6:00, 86.69 ,N
9/3/2024 7:00, 88.36 ,N
9/3/2024 8:00, 674.85 ,N
9/3/2024 9:00," 1,069.37 ",N
9/3/2024 10:00," 1,034.03 ",P
9/3/2024 11:00," 1,101.89 ",P
9/3/2024 12:00," 1,309.44 ",N
9/3/2024 13:00," 1,334.59 ",N
9/3/2024 14:00," 1,249.93 ",N
9/3/2024 15:00," 1,409.44 ",N
9/3/2024 16:00," 1,475.04 ",N
9/3/2024 17:00," 1,347.08 ",P
9/3/2024 18:00," 1,438.56 ",P
9/3/2024 19:00," 1,652.83 ",P
9/3/2024 20:00," 1,743.61 ",N
9/3/2024 21:00," 1,660.19 ",N
9/3/2024 22:00," 1,413.21 ",O
9/3/2024 23:00, 139.85 ,O
9/4/2024 0:00, 107.14 ,O
9/4/2024 1:00, 98.96 ,O
9/4/2024 2:00, 102.23 ,O
9/4/2024 3:00, 100.59 ,O
9/4/2024 4:00, 103.86 ,N
9/4/2024 5:00, 97.32 ,N
9/4/2024 6:00, 94.87 ,N
9/4/2024 7:00, 87.89 ,N
9/4/2024 8:00, 953.40 ,N
9/4/2024 9:00," 1,414.25 ",N
9/4/2024 10:00," 1,289.22 ",P
9/4/2024 11:00," 1,489.78 ",P
9/4/2024 12:00," 1,378.11 ",N
9/4/2024 13:00," 1,448.92 ",N
9/4/2024 14:00," 1,588.62 ",N
9/4/2024 15:00," 1,511.51 ",N
9/4/2024 16:00," 1,311.43 ",N
9/4/2024 17:00," 1,754.85 ",P
9/4/2024 18:00," 1,257.34 ",P
9/4/2024 19:00, 847.27 ,P
9/4/2024 20:00," 1,282.36 ",N
9/4/2024 21:00," 1,299.53 ",N
9/4/2024 22:00," 1,363.32 ",O
9/4/2024 23:00," 1,331.43 ",O
9/5/2024 0:00," 1,392.76 ",O
9/5/2024 1:00, 954.41 ,O
9/5/2024 2:00," 1,391.95 ",O
9/5/2024 3:00," 1,367.41 ",O
9/5/2024 4:00," 1,018.20 ",N
9/5/2024 5:00," 1,299.53 ",N
9/5/2024 6:00," 1,066.45 ",N
9/5/2024 7:00, 879.73 ,N
9/5/2024 8:00," 1,118.79 ",N
9/5/2024 9:00," 1,147.80 ",N
9/5/2024 10:00," 1,167.75 ",P
9/5/2024 11:00," 1,009.85 ",P
9/5/2024 12:00," 1,123.49 ",N
9/5/2024 13:00," 1,352.78 ",N
9/5/2024 14:00," 1,227.35 ",N
9/5/2024 15:00," 1,201.42 ",N
9/5/2024 16:00," 1,209.59 ",N
9/5/2024 17:00," 1,315.12 ",P
9/5/2024 18:00," 1,232.41 ",P
9/5/2024 19:00," 1,067.27 ",P
9/5/2024 20:00," 1,498.26 ",N
9/5/2024 21:00," 1,077.90 ",N
9/5/2024 22:00," 1,290.54 ",O
9/5/2024 23:00, 956.86 ,O
9/6/2024 0:00," 1,195.67 ",O
9/6/2024 1:00," 1,304.44 ",O
9/6/2024 2:00," 1,028.83 ",O
9/6/2024 3:00," 1,461.46 ",O
9/6/2024 4:00," 1,392.76 ",N
9/6/2024 5:00," 1,118.79 ",N
9/6/2024 6:00," 1,271.73 ",N
9/6/2024 7:00, 186.08 ,N
9/6/2024 8:00, 155.68 ,N
9/6/2024 9:00, 185.20 ,N
9/6/2024 10:00, 174.41 ,P
9/6/2024 11:00, 189.55 ,P
9/6/2024 12:00, 199.82 ,N
9/6/2024 13:00, 201.45 ,N
9/6/2024 14:00, 132.42 ,N
9/6/2024 15:00, 181.76 ,N
9/6/2024 16:00, 119.96 ,N
9/6/2024 17:00, 101.47 ,P
9/6/2024 18:00, 112.60 ,P
9/6/2024 19:00, 110.41 ,P
9/6/2024 20:00, 102.23 ,N
9/6/2024 21:00, 93.23 ,N
9/6/2024 22:00, 102.23 ,O
9/6/2024 23:00, 95.69 ,O
9/7/2024 0:00, 100.59 ,O
9/7/2024 1:00, 92.41 ,O
9/7/2024 2:00, 98.96 ,O
9/7/2024 3:00, 93.23 ,O
9/7/2024 4:00, 98.96 ,N
9/7/2024 5:00, 91.60 ,N
9/7/2024 6:00, 94.87 ,N
9/7/2024 7:00, 88.67 ,N
9/7/2024 8:00, 877.38 ,N
9/7/2024 9:00," 1,234.05 ",N
9/7/2024 10:00," 1,673.43 ",P
9/7/2024 11:00," 1,423.68 ",P
9/7/2024 12:00," 1,772.26 ",N
9/7/2024 13:00," 1,493.87 ",N
9/7/2024 14:00," 1,557.65 ",N
9/7/2024 15:00," 1,584.97 ",N
9/7/2024 16:00," 1,772.48 ",N
9/7/2024 17:00," 1,755.70 ",P
9/7/2024 18:00," 1,611.08 ",P
9/7/2024 19:00," 1,745.25 ",P
9/7/2024 20:00," 1,431.20 ",N
9/7/2024 21:00," 1,315.89 ",N
9/7/2024 22:00," 1,081.17 ",O
9/7/2024 23:00," 1,571.05 ",O
9/8/2024 0:00," 1,019.83 ",O
9/8/2024 1:00," 1,302.80 ",O
9/8/2024 2:00," 1,215.30 ",O
9/8/2024 3:00," 1,135.97 ",O
9/8/2024 4:00," 1,096.71 ",N
9/8/2024 5:00," 1,092.62 ",N
9/8/2024 6:00," 1,315.89 ",N
9/8/2024 7:00," 1,094.92 ",N
9/8/2024 8:00," 1,387.20 ",N
9/8/2024 9:00," 1,405.66 ",N
9/8/2024 10:00," 1,365.25 ",N
9/8/2024 11:00," 1,221.37 ",N
9/8/2024 12:00," 1,267.10 ",N
9/8/2024 13:00," 1,528.10 ",N
9/8/2024 14:00," 1,700.61 ",N
9/8/2024 15:00," 1,411.04 ",N
9/8/2024 16:00," 1,480.83 ",N
9/8/2024 17:00," 1,727.64 ",N
9/8/2024 18:00," 1,863.84 ",N
9/8/2024 19:00, 874.26 ,N
9/8/2024 20:00," 1,106.52 ",N
9/8/2024 21:00," 1,191.58 ",N
9/8/2024 22:00," 1,427.93 ",O
9/8/2024 23:00, 771.21 ,O
9/9/2024 0:00, 615.83 ,O
9/9/2024 1:00, 593.74 ,O
9/9/2024 2:00, 716.42 ,O
9/9/2024 3:00, 741.77 ,O
9/9/2024 4:00, 516.87 ,N
9/9/2024 5:00, 739.32 ,N
9/9/2024 6:00, 691.88 ,N
9/9/2024 7:00, 788.80 ,N
9/9/2024 8:00, 672.97 ,N
9/9/2024 9:00, 848.48 ,N
9/9/2024 10:00, 583.86 ,P
9/9/2024 11:00, 720.59 ,P
9/9/2024 12:00, 820.51 ,N
9/9/2024 13:00, 864.17 ,N
9/9/2024 14:00, 828.46 ,N
9/9/2024 15:00, 969.77 ,N
9/9/2024 16:00, 882.85 ,N
9/9/2024 17:00, 889.70 ,P
9/9/2024 18:00, 815.38 ,P
9/9/2024 19:00, 857.09 ,P
9/9/2024 20:00, 776.12 ,N
9/9/2024 21:00, 704.97 ,N
9/9/2024 22:00, 563.48 ,O
9/9/2024 23:00, 704.97 ,O
9/10/2024 0:00," 1,049.28 ",O
9/10/2024 1:00," 1,127.79 ",O
9/10/2024 2:00, 815.38 ,O
9/10/2024 3:00, 836.64 ,O
9/10/2024 4:00, 796.57 ,N
9/10/2024 5:00, 758.13 ,N
9/10/2024 6:00, 855.45 ,N
9/10/2024 7:00, 639.76 ,N
9/10/2024 8:00, 302.70 ,N
9/10/2024 9:00, 287.43 ,N
9/10/2024 10:00, 226.12 ,P
9/10/2024 11:00, 306.27 ,P
9/10/2024 12:00, 908.05 ,N
9/10/2024 13:00," 1,146.58 ",N
9/10/2024 14:00, 858.27 ,N
9/10/2024 15:00," 1,394.37 ",N
9/10/2024 16:00," 1,415.35 ",N
9/10/2024 17:00," 1,274.83 ",P
9/10/2024 18:00," 1,217.71 ",P
9/10/2024 19:00," 1,113.88 ",P
9/10/2024 20:00," 1,204.66 ",N
9/10/2024 21:00," 1,071.36 ",N
9/10/2024 22:00," 1,266.82 ",O
9/10/2024 23:00," 1,126.97 ",O
9/11/2024 0:00," 1,026.38 ",O
9/11/2024 1:00, 914.33 ,O
9/11/2024 2:00, 758.13 ,O
9/11/2024 3:00, 830.10 ,O
9/11/2024 4:00, 926.60 ,N
9/11/2024 5:00," 1,324.07 ",N
9/11/2024 6:00," 1,107.34 ",N
9/11/2024 7:00, 949.59 ,N
9/11/2024 8:00," 1,070.48 ",N
9/11/2024 9:00," 1,490.99 ",N
9/11/2024 10:00," 1,371.78 ",P
9/11/2024 11:00," 1,488.12 ",P
9/11/2024 12:00," 1,658.56 ",N
9/11/2024 13:00," 1,466.11 ",N
9/11/2024 14:00," 1,663.65 ",N
9/11/2024 15:00," 1,239.84 ",N
9/11/2024 16:00," 1,491.34 ",N
9/11/2024 17:00," 1,536.62 ",P
9/11/2024 18:00," 1,553.09 ",P
9/11/2024 19:00," 1,250.46 ",P
9/11/2024 20:00," 1,401.76 ",N
9/11/2024 21:00," 1,464.73 ",N
9/11/2024 22:00," 1,255.37 ",O
9/11/2024 23:00," 1,278.27 ",O
9/12/2024 0:00," 1,221.84 ",O
9/12/2024 1:00," 1,106.52 ",O
9/12/2024 2:00," 1,113.07 ",O
9/12/2024 3:00," 1,459.83 ",O
9/12/2024 4:00, 963.40 ,N
9/12/2024 5:00, 978.94 ,N
9/12/2024 6:00," 1,391.95 ",N
9/12/2024 7:00," 1,243.55 ",N
9/12/2024 8:00," 1,089.84 ",N
9/12/2024 9:00," 1,125.34 ",N
9/12/2024 10:00," 1,443.07 ",P
9/12/2024 11:00," 1,395.48 ",P
9/12/2024 12:00," 1,267.40 ",N
9/12/2024 13:00," 1,171.69 ",N
9/12/2024 14:00," 1,207.44 ",N
9/12/2024 15:00," 1,296.14 ",N
9/12/2024 16:00," 1,213.93 ",N
9/12/2024 17:00," 1,030.88 ",P
9/12/2024 18:00," 1,441.02 ",P
9/12/2024 19:00, 967.49 ,P
9/12/2024 20:00," 1,176.04 ",N
9/12/2024 21:00," 1,427.11 ",N
9/12/2024 22:00," 1,197.30 ",O
9/12/2024 23:00," 1,134.33 ",O
9/13/2024 0:00," 1,411.57 ",O
9/13/2024 1:00," 1,233.29 ",O
9/13/2024 2:00," 1,411.57 ",O
9/13/2024 3:00," 1,032.92 ",O
9/13/2024 4:00, 981.40 ,N
9/13/2024 5:00," 1,022.29 ",N
9/13/2024 6:00," 1,038.64 ",N
9/13/2024 7:00, 236.25 ,N
9/13/2024 8:00, 185.40 ,N
9/13/2024 9:00, 160.39 ,N
9/13/2024 10:00, 207.23 ,P
9/13/2024 11:00, 198.15 ,P
9/13/2024 12:00, 199.04 ,N
9/13/2024 13:00, 150.53 ,N
9/13/2024 14:00, 152.69 ,N
9/13/2024 15:00, 170.77 ,N
9/13/2024 16:00, 138.48 ,N
9/13/2024 17:00, 137.64 ,P
9/13/2024 18:00, 108.47 ,P
9/13/2024 19:00, -  ,P
9/13/2024 20:00, -  ,N
9/13/2024 21:00, 87.51 ,N
9/13/2024 22:00, 89.14 ,O
9/13/2024 23:00, 92.41 ,O
9/14/2024 0:00, 86.69 ,O
9/14/2024 1:00, 89.14 ,O
9/14/2024 2:00, 82.60 ,O
9/14/2024 3:00, 88.33 ,O
9/14/2024 4:00, 83.42 ,N
9/14/2024 5:00, 88.33 ,N
9/14/2024 6:00, 70.33 ,N
9/14/2024 7:00, 96.54 ,N
9/14/2024 8:00, 784.71 ,N
9/14/2024 9:00," 1,340.72 ",N
9/14/2024 10:00," 1,486.72 ",P
9/14/2024 11:00," 1,306.73 ",P
9/14/2024 12:00," 1,510.78 ",N
9/14/2024 13:00," 1,642.31 ",N
9/14/2024 14:00," 1,547.99 ",N
9/14/2024 15:00," 1,693.55 ",N
9/14/2024 16:00," 1,585.41 ",N
9/14/2024 17:00," 1,638.60 ",P
9/14/2024 18:00," 1,627.73 ",P
9/14/2024 19:00," 1,555.51 ",P
9/14/2024 20:00," 1,476.18 ",N
9/14/2024 21:00," 1,661.83 ",N
9/14/2024 22:00," 1,613.58 ",O
9/14/2024 23:00," 1,260.28 ",O
9/15/2024 0:00," 1,171.95 ",O
9/15/2024 1:00," 1,521.16 ",O
9/15/2024 2:00," 1,377.23 ",O
9/15/2024 3:00," 1,270.91 ",O
9/15/2024 4:00," 1,565.33 ",N
9/15/2024 5:00," 1,360.87 ",N
9/15/2024 6:00," 1,170.31 ",N
9/15/2024 7:00," 1,033.40 ",N
9/15/2024 8:00," 1,230.75 ",N
9/15/2024 9:00," 1,537.05 ",N
9/15/2024 10:00," 1,548.90 ",N
9/15/2024 11:00," 1,590.85 ",N
9/15/2024 12:00," 1,238.06 ",N
9/15/2024 13:00," 1,441.53 ",N
9/15/2024 14:00," 1,346.87 ",N
9/15/2024 15:00," 1,554.02 ",N
9/15/2024 16:00," 1,638.72 ",N
9/15/2024 17:00," 1,543.65 ",N
9/15/2024 18:00," 1,296.42 ",N
9/15/2024 19:00," 1,246.37 ",N
9/15/2024 20:00," 1,571.87 ",N
9/15/2024 21:00," 1,827.85 ",N
9/15/2024 22:00," 1,962.79 ",O
9/15/2024 23:00," 1,447.56 ",O
9/16/2024 0:00," 1,347.78 ",O
9/16/2024 1:00," 1,417.30 ",O
9/16/2024 2:00," 1,479.45 ",O
9/16/2024 3:00," 1,595.59 ",O
9/16/2024 4:00," 1,610.31 ",N
9/16/2024 5:00," 1,157.23 ",N
9/16/2024 6:00," 1,109.80 ",N
9/16/2024 7:00, 994.42 ,N
9/16/2024 8:00," 1,025.00 ",N
9/16/2024 9:00," 1,252.25 ",N
9/16/2024 10:00," 1,666.18 ",P
9/16/2024 11:00," 1,295.90 ",P
9/16/2024 12:00," 1,418.65 ",N
9/16/2024 13:00," 1,542.20 ",N
9/16/2024 14:00," 1,525.46 ",N
9/16/2024 15:00," 1,140.37 ",N
9/16/2024 16:00," 1,753.28 ",N
9/16/2024 17:00," 1,615.89 ",P
9/16/2024 18:00," 1,178.49 ",P
9/16/2024 19:00," 1,647.93 ",P
9/16/2024 20:00," 1,432.02 ",N
9/16/2024 21:00," 1,643.02 ",N
9/16/2024 22:00," 1,400.12 ",O
9/16/2024 23:00," 1,198.12 ",O
9/17/2024 0:00," 1,325.70 ",O
9/17/2024 1:00," 1,425.48 ",O
9/17/2024 2:00," 1,218.57 ",O
9/17/2024 3:00," 1,399.31 ",O
9/17/2024 4:00," 1,315.07 ",N
9/17/2024 5:00, 733.59 ,N
9/17/2024 6:00, 983.03 ,N
9/17/2024 7:00, 877.88 ,N
9/17/2024 8:00, 945.25 ,N
9/17/2024 9:00," 1,289.43 ",N
9/17/2024 10:00, 942.17 ,P
9/17/2024 11:00," 1,192.42 ",P
9/17/2024 12:00," 1,457.51 ",N
9/17/2024 13:00," 1,298.38 ",N
9/17/2024 14:00," 1,441.27 ",N
9/17/2024 15:00," 1,536.81 ",N
9/17/2024 16:00," 1,458.45 ",N
9/17/2024 17:00," 1,564.83 ",P
9/17/2024 18:00," 1,103.65 ",P
9/17/2024 19:00," 1,320.80 ",P
9/17/2024 20:00," 1,423.84 ",N
9/17/2024 21:00," 1,526.89 ",N
9/17/2024 22:00," 1,557.97 ",O
9/17/2024 23:00," 1,416.48 ",O
9/18/2024 0:00," 1,565.33 ",O
9/18/2024 1:00," 1,530.98 ",O
9/18/2024 2:00," 1,518.71 ",O
9/18/2024 3:00," 1,445.11 ",O
9/18/2024 4:00," 1,521.98 ",N
9/18/2024 5:00," 1,328.16 ",N
9/18/2024 6:00," 1,128.61 ",N
9/18/2024 7:00," 1,388.34 ",N
9/18/2024 8:00," 1,708.91 ",N
9/18/2024 9:00," 1,431.40 ",N
9/18/2024 10:00," 1,533.16 ",P
9/18/2024 11:00," 1,365.57 ",P
9/18/2024 12:00," 1,628.75 ",N
9/18/2024 13:00," 1,656.80 ",N
9/18/2024 14:00," 1,559.56 ",N
9/18/2024 15:00," 1,548.59 ",N
9/18/2024 16:00," 1,862.92 ",N
9/18/2024 17:00," 1,641.66 ",P
9/18/2024 18:00," 1,998.01 ",P
9/18/2024 19:00," 1,726.44 ",P
9/18/2024 20:00," 1,521.98 ",N
9/18/2024 21:00," 1,737.89 ",N
9/18/2024 22:00," 1,565.33 ",O
9/18/2024 23:00," 1,698.63 ",O
9/19/2024 0:00, 692.70 ,O
9/19/2024 1:00, 512.78 ,O
9/19/2024 2:00, 606.01 ,O
9/19/2024 3:00, 754.86 ,O
9/19/2024 4:00, 802.29 ,N
9/19/2024 5:00, 671.44 ,N
9/19/2024 6:00, 609.28 ,N
9/19/2024 7:00, 469.19 ,N
9/19/2024 8:00, 557.66 ,N
9/19/2024 9:00, 672.01 ,N
9/19/2024 10:00, 802.24 ,P
9/19/2024 11:00, 773.49 ,P
9/19/2024 12:00, 936.01 ,N
9/19/2024 13:00, 851.94 ,N
9/19/2024 14:00, 657.25 ,N
9/19/2024 15:00, 682.65 ,N
9/19/2024 16:00, 686.53 ,N
9/19/2024 17:00, 776.40 ,P
9/19/2024 18:00, 785.15 ,P
9/19/2024 19:00, 546.31 ,P
9/19/2024 20:00, 724.60 ,N
9/19/2024 21:00, 823.55 ,N
9/19/2024 22:00, 729.50 ,O
9/19/2024 23:00, 745.04 ,O
9/20/2024 0:00," 1,741.98 ",O
9/20/2024 1:00," 1,703.54 ",O
9/20/2024 2:00," 1,585.77 ",O
9/20/2024 3:00," 1,660.19 ",O
9/20/2024 4:00," 1,616.03 ",N
9/20/2024 5:00," 1,492.54 ",N
9/20/2024 6:00," 1,496.63 ",N
9/20/2024 7:00, 112.72 ,N
9/20/2024 8:00, 91.69 ,N
9/20/2024 9:00, -  ,N
9/20/2024 10:00, -  ,P
9/20/2024 11:00, -  ,P
9/20/2024 12:00, -  ,N
9/20/2024 13:00, 89.77 ,N
9/20/2024 14:00, 73.03 ,N
9/20/2024 15:00, 78.32 ,N
9/20/2024 16:00, 73.06 ,N
9/20/2024 17:00, 85.28 ,P
9/20/2024 18:00, 79.36 ,P
9/20/2024 19:00, 88.33 ,P
9/20/2024 20:00, 80.97 ,N
9/20/2024 21:00, 88.33 ,N
9/20/2024 22:00, 80.97 ,O
9/20/2024 23:00, 85.87 ,O
9/21/2024 0:00, 76.88 ,O
9/21/2024 1:00, 83.42 ,O
9/21/2024 2:00, 77.69 ,O
9/21/2024 3:00, 81.78 ,O
9/21/2024 4:00, 78.51 ,N
9/21/2024 5:00, 83.42 ,N
9/21/2024 6:00, 68.70 ,N
9/21/2024 7:00, 80.82 ,N
9/21/2024 8:00, 556.71 ,N
9/21/2024 9:00," 1,538.64 ",N
9/21/2024 10:00," 1,710.51 ",P
9/21/2024 11:00," 1,592.09 ",P
9/21/2024 12:00," 1,586.69 ",N
9/21/2024 13:00," 1,637.16 ",N
9/21/2024 14:00," 1,737.09 ",N
9/21/2024 15:00," 1,235.98 ",N
9/21/2024 16:00," 1,637.98 ",N
9/21/2024 17:00," 1,283.77 ",P
9/21/2024 18:00," 1,342.52 ",P
9/21/2024 19:00," 1,375.59 ",P
9/21/2024 20:00," 1,208.75 ",N
9/21/2024 21:00," 1,334.70 ",N
9/21/2024 22:00," 1,426.30 ",O
9/21/2024 23:00," 1,445.92 ",O
9/22/2024 0:00," 1,568.60 ",O
9/22/2024 1:00," 1,526.89 ",O
9/22/2024 2:00," 1,723.17 ",O
9/22/2024 3:00," 1,466.37 ",O
9/22/2024 4:00," 1,491.72 ",N
9/22/2024 5:00," 1,755.88 ",N
9/22/2024 6:00," 1,216.93 ",N
9/22/2024 7:00," 1,615.26 ",N
9/22/2024 8:00," 1,535.51 ",N
9/22/2024 9:00," 1,473.94 ",N
9/22/2024 10:00," 1,908.69 ",N
9/22/2024 11:00," 2,013.46 ",N
9/22/2024 12:00," 2,035.74 ",N
9/22/2024 13:00," 1,841.98 ",N
9/22/2024 14:00," 1,628.79 ",N
9/22/2024 15:00," 1,389.47 ",N
9/22/2024 16:00," 1,931.96 ",N
9/22/2024 17:00," 1,367.83 ",N
9/22/2024 18:00," 1,384.06 ",N
9/22/2024 19:00," 1,184.22 ",N
9/22/2024 20:00," 1,696.18 ",N
9/22/2024 21:00," 1,602.95 ",N
9/22/2024 22:00," 1,638.93 ",O
9/22/2024 23:00," 1,551.42 ",O
9/23/2024 0:00," 1,701.09 ",O
9/23/2024 1:00," 1,653.65 ",O
9/23/2024 2:00," 1,684.73 ",O
9/23/2024 3:00," 1,203.03 ",O
9/23/2024 4:00," 1,548.97 ",N
9/23/2024 5:00," 1,546.52 ",N
9/23/2024 6:00," 1,351.05 ",N
9/23/2024 7:00," 1,371.21 ",N
9/23/2024 8:00," 1,665.98 ",N
9/23/2024 9:00," 1,480.48 ",N
9/23/2024 10:00," 1,901.19 ",P
9/23/2024 11:00," 1,801.95 ",P
9/23/2024 12:00," 1,608.82 ",N
9/23/2024 13:00," 1,764.52 ",N
9/23/2024 14:00," 1,869.67 ",N
9/23/2024 15:00," 1,735.39 ",N
9/23/2024 16:00," 1,870.36 ",N
9/23/2024 17:00," 1,742.41 ",P
9/23/2024 18:00," 1,712.77 ",P
9/23/2024 19:00," 1,736.25 ",P
9/23/2024 20:00," 1,571.87 ",N
9/23/2024 21:00," 1,566.14 ",N
9/23/2024 22:00," 1,353.51 ",O
9/23/2024 23:00, 390.92 ,O
9/24/2024 0:00, 403.19 ,O
9/24/2024 1:00, 386.83 ,O
9/24/2024 2:00, 365.57 ,O
9/24/2024 3:00, 375.38 ,O
9/24/2024 4:00, 388.47 ,N
9/24/2024 5:00, 406.46 ,N
9/24/2024 6:00, 362.30 ,N
9/24/2024 7:00, 452.84 ,N
9/24/2024 8:00," 1,718.38 ",N
9/24/2024 9:00," 1,870.18 ",N
9/24/2024 10:00," 1,892.52 ",P
9/24/2024 11:00," 1,967.74 ",P
9/24/2024 12:00," 1,715.35 ",N
9/24/2024 13:00," 1,757.04 ",N
9/24/2024 14:00," 1,950.11 ",N
9/24/2024 15:00," 1,726.15 ",N
9/24/2024 16:00," 2,137.61 ",N
9/24/2024 17:00," 1,644.14 ",P
9/24/2024 18:00," 1,812.78 ",P
9/24/2024 19:00," 1,637.30 ",P
9/24/2024 20:00," 1,228.38 ",N
9/24/2024 21:00," 1,411.57 ",N
9/24/2024 22:00," 1,350.24 ",O
9/24/2024 23:00, 369.66 ,O
9/25/2024 0:00, 112.86 ,O
9/25/2024 1:00, 119.40 ,O
9/25/2024 2:00, 113.68 ,O
9/25/2024 3:00, 116.13 ,O
9/25/2024 4:00, 112.86 ,N
9/25/2024 5:00, 116.95 ,N
9/25/2024 6:00, 100.59 ,N
9/25/2024 7:00, 225.14 ,N
9/25/2024 8:00," 1,240.02 ",N
9/25/2024 9:00," 1,266.42 ",N
9/25/2024 10:00," 1,701.82 ",P
9/25/2024 11:00," 1,591.62 ",P
9/25/2024 12:00," 1,439.87 ",N
9/25/2024 13:00," 1,622.97 ",N
9/25/2024 14:00," 1,764.85 ",N
9/25/2024 15:00," 1,749.62 ",N
9/25/2024 16:00," 1,578.75 ",N
9/25/2024 17:00," 1,433.92 ",P
9/25/2024 18:00," 1,471.96 ",P
9/25/2024 19:00," 1,491.72 ",P
9/25/2024 20:00," 1,544.06 ",N
9/25/2024 21:00," 1,414.85 ",N
9/25/2024 22:00," 1,431.20 ",O
9/25/2024 23:00, 482.52 ,O
9/26/2024 0:00, 426.09 ,O
9/26/2024 1:00, 399.10 ,O
9/26/2024 2:00, 440.81 ,O
9/26/2024 3:00, 390.10 ,O
9/26/2024 4:00, 392.56 ,N
9/26/2024 5:00, 495.60 ,N
9/26/2024 6:00, 433.45 ,N
9/26/2024 7:00, 442.79 ,N
9/26/2024 8:00," 1,681.48 ",N
9/26/2024 9:00," 1,826.73 ",N
9/26/2024 10:00," 1,832.14 ",P
9/26/2024 11:00," 1,642.50 ",P
9/26/2024 12:00," 1,936.46 ",N
9/26/2024 13:00," 1,870.01 ",N
9/26/2024 14:00," 1,945.94 ",N
9/26/2024 15:00," 1,509.53 ",N
9/26/2024 16:00," 1,570.00 ",N
9/26/2024 17:00," 1,518.91 ",P
9/26/2024 18:00," 1,387.32 ",P
9/26/2024 19:00," 1,625.03 ",P
9/26/2024 20:00," 1,559.60 ",N
9/26/2024 21:00," 1,286.45 ",N
9/26/2024 22:00," 1,165.41 ",O
9/26/2024 23:00," 1,319.16 ",O
9/27/2024 0:00," 1,503.17 ",O
9/27/2024 1:00, 924.97 ,O
9/27/2024 2:00," 1,193.21 ",O
9/27/2024 3:00," 1,166.23 ",O
9/27/2024 4:00," 1,228.38 ",N
9/27/2024 5:00," 1,238.19 ",N
9/27/2024 6:00," 1,037.01 ",N
9/27/2024 7:00, 344.92 ,N
9/27/2024 8:00, 280.40 ,N
9/27/2024 9:00, 270.33 ,N
9/27/2024 10:00, 287.65 ,P
9/27/2024 11:00, 303.93 ,P
9/27/2024 12:00, 295.44 ,N
9/27/2024 13:00, 282.41 ,N
9/27/2024 14:00, 273.05 ,N
9/27/2024 15:00, 209.16 ,N
9/27/2024 16:00, 292.73 ,N
9/27/2024 17:00, 235.05 ,P
9/27/2024 18:00, 209.70 ,P
9/27/2024 19:00, 305.87 ,P
9/27/2024 20:00, 293.60 ,N
9/27/2024 21:00, 298.51 ,N
9/27/2024 22:00, 235.54 ,O
9/27/2024 23:00, 168.47 ,O
9/28/2024 0:00, 199.55 ,O
9/28/2024 1:00, 243.71 ,O
9/28/2024 2:00, 191.37 ,O
9/28/2024 3:00, 152.12 ,O
9/28/2024 4:00, 135.76 ,N
9/28/2024 5:00, 197.10 ,N
9/28/2024 6:00, 122.67 ,N
9/28/2024 7:00, 195.72 ,N
9/28/2024 8:00, 885.47 ,N
9/28/2024 9:00," 1,487.95 ",N
9/28/2024 10:00," 1,782.32 ",P
9/28/2024 11:00," 1,685.38 ",P
9/28/2024 12:00," 1,718.29 ",N
9/28/2024 13:00," 1,671.89 ",N
9/28/2024 14:00," 1,697.55 ",N
9/28/2024 15:00," 1,755.85 ",N
9/28/2024 16:00," 1,623.55 ",N
9/28/2024 17:00," 1,905.10 ",P
9/28/2024 18:00," 1,574.86 ",P
9/28/2024 19:00," 1,257.82 ",P
9/28/2024 20:00," 1,468.00 ",N
9/28/2024 21:00," 1,599.68 ",N
9/28/2024 22:00," 1,683.91 ",O
9/28/2024 23:00," 1,453.28 ",O
9/29/2024 0:00," 1,407.49 ",O
9/29/2024 1:00," 1,535.88 ",O
9/29/2024 2:00," 1,660.19 ",O
9/29/2024 3:00," 1,321.61 ",O
9/29/2024 4:00," 1,273.36 ",N
9/29/2024 5:00," 1,310.16 ",N
9/29/2024 6:00," 1,068.09 ",N
9/29/2024 7:00," 1,296.33 ",N
9/29/2024 8:00," 1,701.57 ",N
9/29/2024 9:00," 1,384.21 ",N
9/29/2024 10:00," 1,713.28 ",N
9/29/2024 11:00," 1,435.64 ",N
9/29/2024 12:00," 1,436.82 ",N
9/29/2024 13:00," 1,416.21 ",N
9/29/2024 14:00," 1,458.11 ",N
9/29/2024 15:00," 1,580.73 ",N
9/29/2024 16:00," 1,546.27 ",N
9/29/2024 17:00," 1,753.49 ",N
9/29/2024 18:00," 1,580.48 ",N
9/29/2024 19:00," 1,247.19 ",N
9/29/2024 20:00," 1,584.95 ",N
9/29/2024 21:00," 1,818.04 ",N
9/29/2024 22:00," 1,714.17 ",O
9/29/2024 23:00," 1,513.80 ",O
9/30/2024 0:00," 1,295.93 ",O
9/30/2024 1:00," 1,429.57 ",O
9/30/2024 2:00," 1,403.15 ",O
9/30/2024 3:00, 223.76 ,O
9/30/2024 4:00, 344.18 ,N
9/30/2024 5:00, 855.41 ,N
9/30/2024 6:00," 1,351.14 ",N
9/30/2024 7:00," 1,327.75 ",N
9/30/2024 8:00," 1,082.84 ",N
9/30/2024 9:00, 962.51 ,N
9/30/2024 10:00," 1,672.86 ",P
9/30/2024 11:00," 1,223.39 ",P
9/30/2024 12:00, 988.92 ,N
9/30/2024 13:00, 879.01 ,N
9/30/2024 14:00," 1,120.16 ",N
9/30/2024 15:00," 1,590.81 ",N
9/30/2024 16:00," 1,557.54 ",N
9/30/2024 17:00," 1,465.67 ",P
9/30/2024 18:00, 966.14 ,P
9/30/2024 19:00," 1,198.04 ",P
9/30/2024 20:00," 1,423.35 ",N
9/30/2024 21:00," 1,421.02 ",N
9/30/2024 22:00," 1,225.23 ",O
9/30/2024 23:00," 1,382.17 ",O
10/1/2024 0:00," 1,511.92 ",O
10/1/2024 1:00," 1,197.26 ",O
10/1/2024 2:00," 1,518.91 ",O
10/1/2024 3:00," 1,238.44 ",O
10/1/2024 4:00," 1,274.96 ",N
10/1/2024 5:00," 1,134.33 ",N
10/1/2024 6:00," 1,236.11 ",N
10/1/2024 7:00, 895.82 ,N
10/1/2024 8:00," 1,078.19 ",N
10/1/2024 9:00," 1,521.98 ",N
10/1/2024 10:00," 1,177.49 ",P
10/1/2024 11:00," 1,060.14 ",P
10/1/2024 12:00, 943.53 ,N
10/1/2024 13:00," 1,025.03 ",N
10/1/2024 14:00, 930.07 ,N
10/1/2024 15:00, 968.80 ,N
10/1/2024 16:00," 1,132.68 ",N
10/1/2024 17:00," 1,010.94 ",P
10/1/2024 18:00," 1,250.79 ",P
10/1/2024 19:00," 1,191.82 ",P
10/1/2024 20:00," 1,114.13 ",N
10/1/2024 21:00," 1,338.66 ",N
10/1/2024 22:00," 1,141.32 ",O
10/1/2024 23:00, 156.16 ,O
10/2/2024 0:00, 101.78 ,O
10/2/2024 1:00, 103.33 ,O
10/2/2024 2:00, 99.45 ,O
10/2/2024 3:00, 104.89 ,O
10/2/2024 4:00, 98.67 ,N
10/2/2024 5:00, 101.00 ,N
10/2/2024 6:00, 84.28 ,N
10/2/2024 7:00, 99.54 ,N
10/2/2024 8:00," 1,023.34 ",N
10/2/2024 9:00," 1,312.30 ",N
10/2/2024 10:00, 985.12 ,P
10/2/2024 11:00," 1,098.08 ",P
10/2/2024 12:00," 1,289.34 ",N
10/2/2024 13:00," 1,274.67 ",N
10/2/2024 14:00," 1,148.42 ",N
10/2/2024 15:00," 1,234.05 ",N
10/2/2024 16:00," 1,363.29 ",N
10/2/2024 17:00," 1,689.67 ",P
10/2/2024 18:00," 1,542.97 ",P
10/2/2024 19:00," 1,457.54 ",P
10/2/2024 20:00," 1,491.72 ",N
10/2/2024 21:00," 1,543.78 ",N
10/2/2024 22:00," 1,860.77 ",O
10/2/2024 23:00, 186.47 ,O
10/3/2024 0:00, 104.11 ,O
10/3/2024 1:00, 112.66 ,O
10/3/2024 2:00, 107.22 ,O
10/3/2024 3:00, 107.22 ,O
10/3/2024 4:00, 104.89 ,N
10/3/2024 5:00, 107.22 ,N
10/3/2024 6:00, 100.25 ,N
10/3/2024 7:00, 123.12 ,N
10/3/2024 8:00, 971.14 ,N
10/3/2024 9:00," 1,916.02 ",N
10/3/2024 10:00," 1,454.10 ",P
10/3/2024 11:00," 1,405.63 ",P
10/3/2024 12:00," 1,449.38 ",N
10/3/2024 13:00," 1,617.96 ",N
10/3/2024 14:00," 1,296.67 ",N
10/3/2024 15:00," 1,542.13 ",N
10/3/2024 16:00," 1,368.50 ",N
10/3/2024 17:00," 1,900.38 ",P
10/3/2024 18:00," 1,656.32 ",P
10/3/2024 19:00," 1,599.72 ",P
10/3/2024 20:00," 1,535.23 ",N
10/3/2024 21:00," 1,731.80 ",N
10/3/2024 22:00," 1,424.13 ",O
10/3/2024 23:00," 1,595.05 ",O
10/4/2024 0:00," 1,460.64 ",O
10/4/2024 1:00," 1,355.76 ",O
10/4/2024 2:00," 1,222.12 ",O
10/4/2024 3:00," 1,309.92 ",O
10/4/2024 4:00," 1,102.48 ",N
10/4/2024 5:00," 1,162.30 ",N
10/4/2024 6:00," 1,174.14 ",N
10/4/2024 7:00, 224.01 ,N
10/4/2024 8:00, 279.85 ,N
10/4/2024 9:00, 322.65 ,N
10/4/2024 10:00, 279.46 ,P
10/4/2024 11:00, 226.32 ,P
10/4/2024 12:00, 249.96 ,N
10/4/2024 13:00, 247.44 ,N
10/4/2024 14:00, 268.36 ,N
10/4/2024 15:00, 198.79 ,N
10/4/2024 16:00, 292.67 ,N
10/4/2024 17:00, 221.63 ,P
10/4/2024 18:00, 210.07 ,P
10/4/2024 19:00, 235.41 ,P
10/4/2024 20:00, 195.01 ,N
10/4/2024 21:00, 287.47 ,N
10/4/2024 22:00, 260.27 ,O
10/4/2024 23:00, 282.81 ,O
10/5/2024 0:00, 230.75 ,O
10/5/2024 1:00, 185.69 ,O
10/5/2024 2:00, 236.19 ,O
10/5/2024 3:00, 198.12 ,O
10/5/2024 4:00, 229.20 ,N
10/5/2024 5:00, 285.14 ,N
10/5/2024 6:00, 164.71 ,N
10/5/2024 7:00, 199.39 ,N
10/5/2024 8:00," 1,165.98 ",N
10/5/2024 9:00," 1,779.25 ",N
10/5/2024 10:00," 1,668.84 ",P
10/5/2024 11:00," 1,306.77 ",P
10/5/2024 12:00," 1,367.41 ",N
10/5/2024 13:00," 1,211.36 ",N
10/5/2024 14:00," 1,187.05 ",N
10/5/2024 15:00," 1,289.33 ",N
10/5/2024 16:00," 1,473.59 ",N
10/5/2024 17:00," 1,450.77 ",P
10/5/2024 18:00," 1,377.55 ",P
10/5/2024 19:00," 1,000.70 ",P
10/5/2024 20:00," 1,480.07 ",N
10/5/2024 21:00," 1,346.43 ",N
10/5/2024 22:00," 1,285.83 ",O
10/5/2024 23:00," 1,184.83 ",O
10/6/2024 0:00," 1,309.92 ",O
10/6/2024 1:00," 1,500.27 ",O
10/6/2024 2:00," 1,316.91 ",O
10/6/2024 3:00," 1,187.94 ",O
10/6/2024 4:00, 966.51 ,N
10/6/2024 5:00," 1,231.45 ",N
10/6/2024 6:00," 1,040.40 ",N
10/6/2024 7:00," 1,049.41 ",N
10/6/2024 8:00," 1,392.05 ",N
10/6/2024 9:00," 1,491.90 ",N
10/6/2024 10:00," 1,479.70 ",N
10/6/2024 11:00," 1,376.70 ",N
10/6/2024 12:00," 1,804.43 ",N
10/6/2024 13:00," 1,768.61 ",N
10/6/2024 14:00," 1,995.84 ",N
10/6/2024 15:00," 1,636.77 ",N
10/6/2024 16:00," 1,880.17 ",N
10/6/2024 17:00," 1,605.27 ",N
10/6/2024 18:00," 1,176.81 ",N
10/6/2024 19:00," 1,179.39 ",N
10/6/2024 20:00," 1,017.79 ",N
10/6/2024 21:00," 1,282.72 ",N
10/6/2024 22:00," 1,643.22 ",O
10/6/2024 23:00," 1,414.80 ",O
10/7/2024 0:00," 1,612.92 ",O
10/7/2024 1:00," 1,513.48 ",O
10/7/2024 2:00," 1,312.25 ",O
10/7/2024 3:00, 926.89 ,O
10/7/2024 4:00," 1,116.46 ",N
10/7/2024 5:00, 923.00 ,N
10/7/2024 6:00, 974.57 ,N
10/7/2024 7:00," 1,109.31 ",N
10/7/2024 8:00," 1,453.14 ",N
10/7/2024 9:00," 1,636.43 ",N
10/7/2024 10:00," 1,700.66 ",P
10/7/2024 11:00," 1,576.45 ",P
10/7/2024 12:00," 1,782.23 ",N
10/7/2024 13:00," 1,708.37 ",N
10/7/2024 14:00," 1,688.87 ",N
10/7/2024 15:00," 1,513.65 ",N
10/7/2024 16:00," 1,543.70 ",N
10/7/2024 17:00," 1,589.40 ",P
10/7/2024 18:00," 1,404.39 ",P
10/7/2024 19:00," 1,464.53 ",P
10/7/2024 20:00," 1,266.41 ",N
10/7/2024 21:00," 1,237.66 ",N
10/7/2024 22:00," 1,469.19 ",O
10/7/2024 23:00," 1,402.37 ",O
10/8/2024 0:00," 1,487.84 ",O
10/8/2024 1:00," 1,173.95 ",O
10/8/2024 2:00," 1,220.57 ",O
10/8/2024 3:00," 1,091.60 ",O
10/8/2024 4:00," 1,039.54 ",N
10/8/2024 5:00," 1,033.33 ",N
10/8/2024 6:00," 1,125.23 ",N
10/8/2024 7:00," 1,299.05 ",N
10/8/2024 8:00," 1,556.24 ",N
10/8/2024 9:00," 1,612.08 ",N
10/8/2024 10:00, -  ,P
10/8/2024 11:00," 1,493.21 ",P
10/8/2024 12:00," 1,246.79 ",N
10/8/2024 13:00," 1,561.96 ",N
10/8/2024 14:00," 1,551.86 ",N
10/8/2024 15:00," 1,685.15 ",N
10/8/2024 16:00," 1,491.69 ",N
10/8/2024 17:00," 1,361.00 ",P
10/8/2024 18:00," 1,278.87 ",P
10/8/2024 19:00," 1,114.91 ",P
10/8/2024 20:00," 1,342.55 ",N
10/8/2024 21:00," 1,593.50 ",N
10/8/2024 22:00," 1,337.89 ",O
10/8/2024 23:00," 1,203.48 ",O
10/9/2024 0:00, 923.00 ,O
10/9/2024 1:00," 1,208.92 ",O
10/9/2024 2:00, 935.43 ,O
10/9/2024 3:00, 835.99 ,O
10/9/2024 4:00, 948.64 ,N
10/9/2024 5:00," 1,023.23 ",N
10/9/2024 6:00, 855.54 ,N
10/9/2024 7:00, 734.47 ,N
10/9/2024 8:00," 1,354.95 ",N
10/9/2024 9:00," 1,584.17 ",N
10/9/2024 10:00," 1,585.94 ",P
10/9/2024 11:00," 1,196.48 ",P
10/9/2024 12:00," 1,424.94 ",N
10/9/2024 13:00," 1,249.17 ",N
10/9/2024 14:00," 1,398.01 ",N
10/9/2024 15:00," 1,407.31 ",N
10/9/2024 16:00," 1,093.04 ",N
10/9/2024 17:00," 1,275.54 ",P
10/9/2024 18:00," 1,074.02 ",P
10/9/2024 19:00," 1,001.47 ",P
10/9/2024 20:00," 1,020.90 ",N
10/9/2024 21:00," 1,296.71 ",N
10/9/2024 22:00," 1,046.54 ",O
10/9/2024 23:00," 1,089.27 ",O
10/10/2024 0:00," 1,177.06 ",O
10/10/2024 1:00," 1,226.01 ",O
10/10/2024 2:00," 1,172.40 ",O
10/10/2024 3:00, 942.43 ,O
10/10/2024 4:00, 939.32 ,N
10/10/2024 5:00," 1,045.76 ",N
10/10/2024 6:00, 671.40 ,N
10/10/2024 7:00, 872.06 ,N
10/10/2024 8:00, 485.78 ,N
10/10/2024 9:00, 364.52 ,N
10/10/2024 10:00, 364.76 ,P
10/10/2024 11:00, 378.67 ,P
10/10/2024 12:00, 728.46 ,N
10/10/2024 13:00," 1,278.58 ",N
10/10/2024 14:00," 1,456.54 ",N
10/10/2024 15:00," 1,463.70 ",N
10/10/2024 16:00," 1,357.09 ",N
10/10/2024 17:00, 968.98 ,P
10/10/2024 18:00, 859.42 ,P
10/10/2024 19:00, 666.61 ,P
10/10/2024 20:00," 1,020.90 ",N
10/10/2024 21:00," 1,041.87 ",N
10/10/2024 22:00," 1,133.55 ",O
10/10/2024 23:00," 1,121.90 ",O
10/11/2024 0:00, 916.01 ,O
10/11/2024 1:00," 1,391.50 ",O
10/11/2024 2:00," 1,013.90 ",O
10/11/2024 3:00," 1,124.23 ",O
10/11/2024 4:00, 933.10 ,N
10/11/2024 5:00, 828.22 ,N
10/11/2024 6:00," 1,121.52 ",N
10/11/2024 7:00, 241.55 ,N
10/11/2024 8:00, 286.40 ,N
10/11/2024 9:00, 227.02 ,N
10/11/2024 10:00, 226.71 ,P
10/11/2024 11:00, 265.61 ,P
10/11/2024 12:00, 180.51 ,N
10/11/2024 13:00, 244.42 ,N
10/11/2024 14:00, 281.79 ,N
10/11/2024 15:00, 244.59 ,N
10/11/2024 16:00, 259.58 ,N
10/11/2024 17:00, 261.40 ,P
10/11/2024 18:00, 181.02 ,P
10/11/2024 19:00, 341.85 ,P
10/11/2024 20:00, 203.56 ,N
10/11/2024 21:00, 261.83 ,N
10/11/2024 22:00, 280.47 ,O
10/11/2024 23:00, 239.30 ,O
10/12/2024 0:00, 247.84 ,O
10/12/2024 1:00, 213.66 ,O
10/12/2024 2:00, 278.92 ,O
10/12/2024 3:00, 284.36 ,O
10/12/2024 4:00, 227.64 ,N
10/12/2024 5:00, 224.54 ,N
10/12/2024 6:00, 211.15 ,N
10/12/2024 7:00, 228.43 ,N
10/12/2024 8:00, 798.53 ,N
10/12/2024 9:00," 1,189.14 ",N
10/12/2024 10:00," 1,149.78 ",P
10/12/2024 11:00," 1,049.25 ",P
10/12/2024 12:00," 1,004.35 ",N
10/12/2024 13:00," 1,250.20 ",N
10/12/2024 14:00, 903.81 ,N
10/12/2024 15:00," 1,266.00 ",N
10/12/2024 16:00," 1,338.14 ",N
10/12/2024 17:00," 1,446.20 ",P
10/12/2024 18:00," 1,536.92 ",P
10/12/2024 19:00," 1,201.15 ",P
10/12/2024 20:00," 1,445.88 ",N
10/12/2024 21:00," 1,395.38 ",N
10/12/2024 22:00," 1,485.51 ",O
10/12/2024 23:00," 1,257.09 ",O
10/13/2024 0:00," 1,266.41 ",O
10/13/2024 1:00," 1,198.82 ",O
10/13/2024 2:00," 1,652.55 ",O
10/13/2024 3:00," 1,262.52 ",O
10/13/2024 4:00," 1,325.46 ",N
10/13/2024 5:00," 1,463.75 ",N
10/13/2024 6:00," 1,647.11 ",N
10/13/2024 7:00," 1,347.64 ",N
10/13/2024 8:00," 1,537.38 ",N
10/13/2024 9:00," 2,055.26 ",N
10/13/2024 10:00," 1,950.17 ",N
10/13/2024 11:00," 1,632.94 ",N
10/13/2024 12:00," 1,578.92 ",N
10/13/2024 13:00," 1,500.09 ",N
10/13/2024 14:00," 1,560.43 ",N
10/13/2024 15:00," 1,354.96 ",N
10/13/2024 16:00," 1,401.99 ",N
10/13/2024 17:00," 1,511.53 ",N
10/13/2024 18:00," 1,511.25 ",N
10/13/2024 19:00," 1,042.65 ",N
10/13/2024 20:00," 1,417.14 ",N
10/13/2024 21:00," 1,734.13 ",N
10/13/2024 22:00," 1,786.96 ",O
10/13/2024 23:00," 1,498.71 ",O
10/14/2024 0:00," 1,306.03 ",O
10/14/2024 1:00," 1,539.89 ",O
10/14/2024 2:00," 1,354.98 ",O
10/14/2024 3:00," 1,587.28 ",O
10/14/2024 4:00," 1,386.83 ",N
10/14/2024 5:00," 1,682.85 ",N
10/14/2024 6:00," 1,314.60 ",N
10/14/2024 7:00," 1,491.58 ",N
10/14/2024 8:00," 1,238.84 ",N
10/14/2024 9:00," 1,931.01 ",N
10/14/2024 10:00," 1,849.84 ",P
10/14/2024 11:00," 1,624.07 ",P
10/14/2024 12:00," 1,805.69 ",N
10/14/2024 13:00," 1,579.44 ",N
10/14/2024 14:00," 1,451.87 ",N
10/14/2024 15:00," 1,128.75 ",N
10/14/2024 16:00," 1,228.08 ",N
10/14/2024 17:00," 1,434.30 ",P
10/14/2024 18:00," 1,492.25 ",P
10/14/2024 19:00," 1,240.77 ",P
10/14/2024 20:00," 1,418.69 ",N
10/14/2024 21:00," 1,613.70 ",N
10/14/2024 22:00," 1,366.63 ",O
10/14/2024 23:00," 1,386.83 ",O
10/15/2024 0:00," 1,509.59 ",O
10/15/2024 1:00," 1,275.73 ",O
10/15/2024 2:00," 1,501.82 ",O
10/15/2024 3:00," 1,306.03 ",O
10/15/2024 4:00," 1,323.13 ",N
10/15/2024 5:00," 1,096.26 ",N
10/15/2024 6:00," 1,443.57 ",N
10/15/2024 7:00," 1,285.16 ",N
10/15/2024 8:00," 1,191.59 ",N
10/15/2024 9:00," 1,744.24 ",N
10/15/2024 10:00," 1,620.44 ",P
10/15/2024 11:00," 1,876.28 ",P
10/15/2024 12:00," 1,620.85 ",N
10/15/2024 13:00," 1,712.85 ",N
10/15/2024 14:00," 1,534.45 ",N
10/15/2024 15:00," 1,664.71 ",N
10/15/2024 16:00," 1,575.53 ",N
10/15/2024 17:00," 1,789.10 ",P
10/15/2024 18:00," 1,655.20 ",P
10/15/2024 19:00," 1,494.83 ",P
10/15/2024 20:00," 1,709.26 ",N
10/15/2024 21:00," 1,697.61 ",N
10/15/2024 22:00," 1,894.95 ",O
10/15/2024 23:00," 1,490.17 ",O
10/16/2024 0:00," 1,436.56 ",O
10/16/2024 1:00," 1,714.70 ",O
10/16/2024 2:00," 1,420.24 ",O
10/16/2024 3:00," 1,859.99 ",O
10/16/2024 4:00," 1,577.96 ",N
10/16/2024 5:00," 1,522.80 ",N
10/16/2024 6:00," 1,380.68 ",N
10/16/2024 7:00," 1,445.37 ",N
10/16/2024 8:00," 1,443.63 ",N
10/16/2024 9:00," 1,751.35 ",N
10/16/2024 10:00," 1,975.00 ",P
10/16/2024 11:00," 1,647.86 ",P
10/16/2024 12:00," 1,546.64 ",N
10/16/2024 13:00," 1,415.41 ",N
10/16/2024 14:00," 1,594.65 ",N
10/16/2024 15:00," 1,899.53 ",N
10/16/2024 16:00," 1,653.75 ",N
10/16/2024 17:00," 1,424.52 ",P
10/16/2024 18:00," 1,615.55 ",P
10/16/2024 19:00," 1,257.09 ",P
10/16/2024 20:00," 1,328.56 ",N
10/16/2024 21:00," 1,113.35 ",N
10/16/2024 22:00," 1,417.14 ",O
10/16/2024 23:00," 1,232.22 ",O
10/17/2024 0:00, 896.59 ,O
10/17/2024 1:00," 1,312.25 ",O
10/17/2024 2:00, 996.81 ,O
10/17/2024 3:00," 1,216.69 ",O
10/17/2024 4:00," 1,229.12 ",N
10/17/2024 5:00, 891.93 ,N
10/17/2024 6:00," 1,020.54 ",N
10/17/2024 7:00, 782.79 ,N
10/17/2024 8:00," 1,064.23 ",N
10/17/2024 9:00," 1,233.71 ",N
10/17/2024 10:00," 1,280.42 ",P
10/17/2024 11:00," 1,104.27 ",P
10/17/2024 12:00," 1,300.31 ",N
10/17/2024 13:00," 1,092.22 ",N
10/17/2024 14:00," 1,134.37 ",N
10/17/2024 15:00," 1,436.76 ",N
10/17/2024 16:00," 1,263.91 ",N
10/17/2024 17:00," 1,435.77 ",P
10/17/2024 18:00," 1,114.30 ",P
10/17/2024 19:00, 986.71 ,P
10/17/2024 20:00," 1,394.60 ",N
10/17/2024 21:00," 1,505.71 ",N
10/17/2024 22:00," 1,400.04 ",O
10/17/2024 23:00," 1,386.83 ",O
10/18/2024 0:00," 1,262.52 ",O
10/18/2024 1:00," 1,246.99 ",O
10/18/2024 2:00," 1,582.62 ",O
10/18/2024 3:00," 1,398.49 ",O
10/18/2024 4:00," 1,537.56 ",N
10/18/2024 5:00," 1,553.88 ",N
10/18/2024 6:00," 1,107.51 ",N
10/18/2024 7:00, 198.92 ,N
10/18/2024 8:00, 298.21 ,N
10/18/2024 9:00, 304.19 ,N
10/18/2024 10:00, 345.30 ,P
10/18/2024 11:00, 302.54 ,P
10/18/2024 12:00, 291.08 ,N
10/18/2024 13:00, 306.26 ,N
10/18/2024 14:00, 275.21 ,N
10/18/2024 15:00, 224.03 ,N
10/18/2024 16:00, 243.46 ,N
10/18/2024 17:00, 289.91 ,P
10/18/2024 18:00, 248.78 ,P
10/18/2024 19:00, 309.22 ,P
10/18/2024 20:00, 289.80 ,N
10/18/2024 21:00, 230.75 ,N
10/18/2024 22:00, 296.79 ,O
10/18/2024 23:00, 163.16 ,O
10/19/2024 0:00, 222.20 ,O
10/19/2024 1:00, 219.87 ,O
10/19/2024 2:00, 215.21 ,O
10/19/2024 3:00, 131.30 ,O
10/19/2024 4:00, 144.51 ,N
10/19/2024 5:00, 197.34 ,N
10/19/2024 6:00, 135.91 ,N
10/19/2024 7:00, 163.49 ,N
10/19/2024 8:00, 970.38 ,N
10/19/2024 9:00," 1,153.96 ",N
10/19/2024 10:00," 1,330.27 ",P
10/19/2024 11:00," 1,342.42 ",P
10/19/2024 12:00," 1,361.53 ",N
10/19/2024 13:00," 1,355.72 ",N
10/19/2024 14:00," 1,394.88 ",N
10/19/2024 15:00," 1,538.62 ",N
10/19/2024 16:00," 1,416.42 ",N
10/19/2024 17:00," 1,352.24 ",P
10/19/2024 18:00," 1,554.20 ",P
10/19/2024 19:00," 1,215.13 ",P
10/19/2024 20:00, 895.03 ,N
10/19/2024 21:00," 1,180.95 ",N
10/19/2024 22:00," 1,267.96 ",O
10/19/2024 23:00, 849.97 ,O
10/20/2024 0:00," 1,104.81 ",O
10/20/2024 1:00, 738.09 ,O
10/20/2024 2:00," 1,162.30 ",O
10/20/2024 3:00," 1,122.68 ",O
10/20/2024 4:00," 1,184.83 ",N
10/20/2024 5:00," 1,024.00 ",N
10/20/2024 6:00," 1,256.02 ",N
10/20/2024 7:00," 1,353.61 ",N
10/20/2024 8:00," 1,534.36 ",N
10/20/2024 9:00," 1,602.14 ",N
10/20/2024 10:00," 1,628.60 ",N
10/20/2024 11:00," 1,636.18 ",N
10/20/2024 12:00," 1,876.18 ",N
10/20/2024 13:00," 1,679.11 ",N
10/20/2024 14:00," 1,605.54 ",N
10/20/2024 15:00," 1,427.73 ",N
10/20/2024 16:00," 1,587.19 ",N
10/20/2024 17:00," 1,493.77 ",N
10/20/2024 18:00," 1,428.01 ",N
10/20/2024 19:00," 1,214.35 ",N
10/20/2024 20:00," 1,286.61 ",N
10/20/2024 21:00," 1,485.51 ",N
10/20/2024 22:00," 1,588.06 ",O
10/20/2024 23:00," 1,464.53 ",O
10/21/2024 0:00, 943.98 ,O
10/21/2024 1:00," 1,055.08 ",O
10/21/2024 2:00," 1,517.36 ",O
10/21/2024 3:00," 1,184.83 ",O
10/21/2024 4:00," 1,555.43 ",N
10/21/2024 5:00," 1,419.47 ",N
10/21/2024 6:00," 1,509.68 ",N
10/21/2024 7:00," 1,222.60 ",N
10/21/2024 8:00," 1,098.06 ",N
10/21/2024 9:00," 1,450.01 ",N
10/21/2024 10:00," 1,367.13 ",P
10/21/2024 11:00," 1,547.10 ",P
10/21/2024 12:00," 1,876.22 ",N
10/21/2024 13:00," 1,289.57 ",N
10/21/2024 14:00," 1,309.78 ",N
10/21/2024 15:00," 1,430.01 ",N
10/21/2024 16:00," 1,378.61 ",N
10/21/2024 17:00, 911.51 ,P
10/21/2024 18:00," 1,309.00 ",P
10/21/2024 19:00, 978.17 ,P
10/21/2024 20:00," 1,111.02 ",N
10/21/2024 21:00," 1,313.03 ",N
10/21/2024 22:00," 1,476.96 ",O
10/21/2024 23:00," 1,488.61 ",O
10/22/2024 0:00," 1,055.86 ",O
10/22/2024 1:00," 1,290.49 ",O
10/22/2024 2:00," 1,036.44 ",O
10/22/2024 3:00," 1,038.77 ",O
10/22/2024 4:00, 936.99 ,N
10/22/2024 5:00," 1,198.04 ",N
10/22/2024 6:00," 1,205.41 ",N
10/22/2024 7:00," 1,106.89 ",N
10/22/2024 8:00," 1,442.52 ",N
10/22/2024 9:00," 1,737.01 ",N
10/22/2024 10:00," 1,443.48 ",P
10/22/2024 11:00," 1,588.27 ",P
10/22/2024 12:00," 1,786.23 ",N
10/22/2024 13:00," 1,390.17 ",N
10/22/2024 14:00," 1,677.38 ",N
10/22/2024 15:00," 1,676.67 ",N
10/22/2024 16:00," 1,553.39 ",N
10/22/2024 17:00," 1,585.97 ",P
10/22/2024 18:00," 1,572.79 ",P
10/22/2024 19:00," 1,489.39 ",P
10/22/2024 20:00," 1,698.39 ",N
10/22/2024 21:00," 1,112.58 ",N
10/22/2024 22:00," 1,168.52 ",O
10/22/2024 23:00, 371.38 ,O
10/23/2024 0:00, 116.54 ,O
10/23/2024 1:00, 122.76 ,O
10/23/2024 2:00, 114.99 ,O
10/23/2024 3:00, 121.20 ,O
10/23/2024 4:00, 123.53 ,N
10/23/2024 5:00, 101.78 ,N
10/23/2024 6:00, 87.85 ,N
10/23/2024 7:00, 176.40 ,N
10/23/2024 8:00," 1,266.30 ",N
10/23/2024 9:00," 1,548.05 ",N
10/23/2024 10:00," 1,673.03 ",P
10/23/2024 11:00," 1,772.00 ",P
10/23/2024 12:00," 1,494.00 ",N
10/23/2024 13:00," 1,420.65 ",N
10/23/2024 14:00," 1,712.24 ",N
10/23/2024 15:00," 1,677.29 ",N
10/23/2024 16:00," 1,676.97 ",N
10/23/2024 17:00," 1,398.55 ",P
10/23/2024 18:00," 1,443.04 ",P
10/23/2024 19:00," 1,379.07 ",P
10/23/2024 20:00," 1,510.37 ",N
10/23/2024 21:00," 1,776.08 ",N
10/23/2024 22:00," 1,299.04 ",O
10/23/2024 23:00," 1,407.04 ",O
10/24/2024 0:00," 1,057.41 ",O
10/24/2024 1:00," 1,358.09 ",O
10/24/2024 2:00," 1,203.48 ",O
10/24/2024 3:00," 1,147.54 ",O
10/24/2024 4:00," 1,421.02 ",N
10/24/2024 5:00," 1,152.98 ",N
10/24/2024 6:00," 1,150.65 ",N
10/24/2024 7:00," 1,557.23 ",N
10/24/2024 8:00," 1,562.96 ",N
10/24/2024 9:00," 1,484.15 ",N
10/24/2024 10:00," 1,538.73 ",P
10/24/2024 11:00," 1,370.92 ",P
10/24/2024 12:00," 1,755.52 ",N
10/24/2024 13:00," 1,535.25 ",N
10/24/2024 14:00," 1,077.45 ",N
10/24/2024 15:00," 1,517.84 ",N
10/24/2024 16:00," 1,251.01 ",N
10/24/2024 17:00," 1,642.01 ",P
10/24/2024 18:00," 1,603.62 ",P
10/24/2024 19:00," 1,352.65 ",P
10/24/2024 20:00," 1,404.70 ",N
10/24/2024 21:00," 1,233.78 ",N
10/24/2024 22:00," 1,466.08 ",O
10/24/2024 23:00," 1,573.30 ",O
10/25/2024 0:00," 1,475.41 ",O
10/25/2024 1:00," 1,317.69 ",O
10/25/2024 2:00," 1,793.95 ",O
10/25/2024 3:00," 1,639.34 ",O
10/25/2024 4:00," 1,427.24 ",N
10/25/2024 5:00," 1,366.63 ",N
10/25/2024 6:00," 1,260.98 ",N
10/25/2024 7:00, 331.61 ,N
10/25/2024 8:00, 268.46 ,N
10/25/2024 9:00, 276.05 ,N
10/25/2024 10:00, 261.25 ,P
10/25/2024 11:00, 324.23 ,P
10/25/2024 12:00, 205.86 ,N
10/25/2024 13:00, 205.16 ,N
10/25/2024 14:00, 333.75 ,N
10/25/2024 15:00, 381.83 ,N
10/25/2024 16:00, 308.02 ,N
10/25/2024 17:00, 338.77 ,P
10/25/2024 18:00, 273.57 ,P
10/25/2024 19:00, 258.72 ,P
10/25/2024 20:00, 300.68 ,N
10/25/2024 21:00, 283.58 ,N
10/25/2024 22:00, 236.19 ,O
10/25/2024 23:00, 135.19 ,O
10/26/2024 0:00, 138.29 ,O
10/26/2024 1:00, 120.43 ,O
10/26/2024 2:00, 114.99 ,O
10/26/2024 3:00, 111.88 ,O
10/26/2024 4:00, 98.67 ,N
10/26/2024 5:00, 96.34 ,N
10/26/2024 6:00, 79.44 ,N
10/26/2024 7:00, 86.91 ,N
10/26/2024 8:00, 86.55 ,N
10/26/2024 9:00, 85.54 ,N
10/26/2024 10:00, 82.01 ,P
10/26/2024 11:00, 89.47 ,P
10/26/2024 12:00, 85.72 ,N
10/26/2024 13:00, 90.04 ,N
10/26/2024 14:00, 84.30 ,N
10/26/2024 15:00, 95.41 ,N
10/26/2024 16:00, 85.64 ,N
10/26/2024 17:00, 92.16 ,P
10/26/2024 18:00, 99.13 ,P
10/26/2024 19:00, 101.78 ,P
10/26/2024 20:00, 100.23 ,N
10/26/2024 21:00, 107.99 ,N
10/26/2024 22:00, 98.67 ,O
10/26/2024 23:00, 104.11 ,O
10/27/2024 0:00, 94.01 ,O
10/27/2024 1:00, 100.23 ,O
10/27/2024 2:00, 97.12 ,O
10/27/2024 3:00, 98.67 ,O
10/27/2024 4:00, 93.23 ,N
10/27/2024 5:00, 98.67 ,N
10/27/2024 6:00, 88.03 ,N
10/27/2024 7:00, 138.27 ,N
10/27/2024 8:00, 851.53 ,N
10/27/2024 9:00," 1,151.94 ",N
10/27/2024 10:00," 1,368.57 ",N
10/27/2024 11:00," 1,597.64 ",N
10/27/2024 12:00," 1,506.78 ",N
10/27/2024 13:00," 1,412.90 ",N
10/27/2024 14:00," 1,414.71 ",N
10/27/2024 15:00," 1,584.36 ",N
10/27/2024 16:00," 1,584.52 ",N
10/27/2024 17:00," 1,715.02 ",N
10/27/2024 18:00," 1,680.96 ",N
10/27/2024 19:00," 1,793.17 ",N
10/27/2024 20:00," 1,675.86 ",N
10/27/2024 21:00," 1,509.59 ",N
10/27/2024 22:00," 1,940.79 ",O
10/27/2024 23:00," 1,651.77 ",O
10/28/2024 0:00," 1,884.85 ",O
10/28/2024 1:00," 1,574.85 ",O
10/28/2024 2:00," 1,236.11 ",O
10/28/2024 3:00," 1,240.77 ",O
10/28/2024 4:00," 1,692.17 ",N
10/28/2024 5:00," 1,647.11 ",N
10/28/2024 6:00," 1,061.52 ",N
10/28/2024 7:00," 1,120.12 ",N
10/28/2024 8:00," 1,674.46 ",N
10/28/2024 9:00," 2,076.62 ",N
10/28/2024 10:00," 1,845.27 ",P
10/28/2024 11:00," 2,071.70 ",P
10/28/2024 12:00," 1,651.02 ",N
10/28/2024 13:00," 1,496.27 ",N
10/28/2024 14:00," 1,315.49 ",N
10/28/2024 15:00," 1,605.16 ",N
10/28/2024 16:00," 1,758.83 ",N
10/28/2024 17:00," 1,473.31 ",P
10/28/2024 18:00," 1,812.50 ",P
10/28/2024 19:00," 1,695.28 ",P
10/28/2024 20:00," 1,998.29 ",N
10/28/2024 21:00," 1,626.91 ",N
10/28/2024 22:00," 1,615.25 ",O
10/28/2024 23:00," 1,388.39 ",O
10/29/2024 0:00," 1,436.56 ",O
10/29/2024 1:00," 1,567.08 ",O
10/29/2024 2:00, 991.37 ,O
10/29/2024 3:00," 1,218.24 ",O
10/29/2024 4:00," 1,230.67 ",N
10/29/2024 5:00," 1,351.87 ",N
10/29/2024 6:00," 1,256.23 ",N
10/29/2024 7:00, 631.52 ,N
10/29/2024 8:00," 1,426.36 ",N
10/29/2024 9:00," 1,434.29 ",N
10/29/2024 10:00," 1,329.05 ",P
10/29/2024 11:00," 1,071.61 ",P
10/29/2024 12:00," 1,688.54 ",N
10/29/2024 13:00," 1,314.63 ",N
10/29/2024 14:00," 1,623.58 ",N
10/29/2024 15:00," 1,596.32 ",N
10/29/2024 16:00," 1,509.34 ",N
10/29/2024 17:00," 1,577.55 ",P
10/29/2024 18:00," 1,551.36 ",P
10/29/2024 19:00," 1,267.96 ",P
10/29/2024 20:00," 1,587.28 ",N
10/29/2024 21:00," 1,797.83 ",N
10/29/2024 22:00," 1,567.08 ",O
10/29/2024 23:00," 1,323.90 ",O
10/30/2024 0:00," 1,209.69 ",O
10/30/2024 1:00," 1,199.59 ",O
10/30/2024 2:00," 1,285.83 ",O
10/30/2024 3:00," 1,353.43 ",O
10/30/2024 4:00," 1,157.64 ",N
10/30/2024 5:00," 1,076.06 ",N
10/30/2024 6:00," 1,040.57 ",N
10/30/2024 7:00, 680.19 ,N
10/30/2024 8:00," 1,145.72 ",N
10/30/2024 9:00," 1,580.93 ",N
10/30/2024 10:00," 1,460.94 ",P
10/30/2024 11:00," 1,561.31 ",P
10/30/2024 12:00," 1,658.87 ",N
10/30/2024 13:00," 1,697.24 ",N
10/30/2024 14:00," 1,609.04 ",N
10/30/2024 15:00," 1,884.72 ",N
10/30/2024 16:00," 1,429.34 ",N
10/30/2024 17:00," 1,778.59 ",P
10/30/2024 18:00," 1,691.52 ",P
10/30/2024 19:00," 1,294.38 ",P
10/30/2024 20:00," 1,858.44 ",N
10/30/2024 21:00," 1,860.77 ",N
10/30/2024 22:00," 1,745.78 ",O
10/30/2024 23:00," 1,270.29 ",O
10/31/2024 0:00, 979.20 ,O
10/31/2024 1:00," 1,126.40 ",O
10/31/2024 2:00, 942.40 ,O
10/31/2024 3:00," 1,153.60 ",O
10/31/2024 4:00, 813.60 ,N
10/31/2024 5:00, 752.80 ,N
10/31/2024 6:00, 972.17 ,N
10/31/2024 7:00, 714.13 ,N
10/31/2024 8:00, 999.30 ,N
10/31/2024 9:00," 1,215.46 ",N
10/31/2024 10:00," 1,450.76 ",P
10/31/2024 11:00," 1,203.09 ",P
10/31/2024 12:00," 1,458.61 ",N
10/31/2024 13:00," 1,394.27 ",N
10/31/2024 14:00," 1,158.39 ",N
10/31/2024 15:00," 1,214.19 ",N
10/31/2024 16:00," 1,159.96 ",N
10/31/2024 17:00," 1,375.52 ",P
10/31/2024 18:00," 1,310.40 ",P
10/31/2024 19:00," 1,376.00 ",P
10/31/2024 20:00," 1,444.00 ",N
10/31/2024 21:00, 890.40 ,N
10/31/2024 22:00," 1,152.00 ",O
10/31/2024 23:00," 1,338.40 ",O
11/1/2024 0:00," 1,149.60 ",O
11/1/2024 1:00," 1,115.20 ",O
11/1/2024 2:00, 995.20 ,O
11/1/2024 3:00," 1,403.20 ",O
11/1/2024 4:00, 927.20 ,N
11/1/2024 5:00, 899.20 ,N
11/1/2024 6:00, 729.60 ,N
11/1/2024 7:00," 1,140.58 ",N
11/1/2024 8:00," 1,125.24 ",N
11/1/2024 9:00," 1,053.17 ",N
11/1/2024 10:00," 1,214.89 ",P
11/1/2024 11:00," 1,367.31 ",P
11/1/2024 12:00," 1,412.70 ",N
11/1/2024 13:00, 992.15 ,N
11/1/2024 14:00, 979.15 ,N
11/1/2024 15:00," 1,263.48 ",N
11/1/2024 16:00," 1,350.18 ",N
11/1/2024 17:00," 1,374.74 ",P
11/1/2024 18:00," 1,219.20 ",P
11/1/2024 19:00," 1,216.00 ",P
11/1/2024 20:00," 1,084.80 ",N
11/1/2024 21:00," 1,232.00 ",N
11/1/2024 22:00, 838.40 ,O
11/1/2024 23:00, 932.00 ,O
11/2/2024 0:00," 34,836.75 ",O
11/2/2024 1:00," 38,161.52 ",O
11/2/2024 2:00," 38,723.80 ",O
11/2/2024 3:00," 41,779.65 ",O
11/2/2024 4:00," 38,699.35 ",N
11/2/2024 5:00," 36,059.09 ",N
11/2/2024 6:00," 37,762.37 ",N
11/2/2024 7:00," 28,493.25 ",N
11/2/2024 8:00," 37,457.88 ",N
11/2/2024 9:00," 36,168.92 ",N
11/2/2024 10:00," 35,685.51 ",P
11/2/2024 11:00," 35,114.86 ",P
11/2/2024 12:00," 32,439.86 ",N
11/2/2024 13:00," 36,885.24 ",N
11/2/2024 14:00," 37,567.86 ",N
11/2/2024 15:00," 37,268.26 ",N
11/2/2024 16:00," 25,985.19 ",N
11/2/2024 17:00," 31,474.21 ",P
11/2/2024 18:00," 36,156.88 ",P
11/2/2024 19:00," 39,554.99 ",P
11/2/2024 20:00," 31,218.62 ",N
11/2/2024 21:00," 36,401.35 ",N
11/2/2024 22:00," 35,936.86 ",O
11/2/2024 23:00," 5,304.96 ",O
11/3/2024 0:00, 85.60 ,O
11/3/2024 1:00, 91.20 ,O
11/3/2024 2:00, 84.00 ,O
11/3/2024 3:00, 87.20 ,O
11/3/2024 4:00, 81.60 ,N
11/3/2024 5:00, 85.60 ,N
11/3/2024 6:00, 65.49 ,N
11/3/2024 7:00, 93.28 ,N
11/3/2024 8:00, 618.41 ,N
11/3/2024 9:00, 770.84 ,N
11/3/2024 10:00," 1,352.59 ",N
11/3/2024 11:00," 1,093.26 ",N
11/3/2024 12:00," 1,179.26 ",N
11/3/2024 13:00," 1,555.28 ",N
11/3/2024 14:00," 1,278.07 ",N
11/3/2024 15:00," 1,480.79 ",N
11/3/2024 16:00," 1,756.93 ",N
11/3/2024 17:00," 1,617.66 ",N
11/3/2024 18:00," 1,474.40 ",N
11/3/2024 19:00," 1,431.20 ",N
11/3/2024 20:00," 1,365.60 ",N
11/3/2024 21:00," 1,100.80 ",N
11/3/2024 22:00," 1,292.80 ",O
11/3/2024 23:00," 1,215.20 ",O
11/4/2024 0:00, 949.60 ,O
11/4/2024 1:00," 1,412.80 ",O
11/4/2024 2:00," 1,319.20 ",O
11/4/2024 3:00," 1,212.80 ",O
11/4/2024 4:00," 1,012.00 ",N
11/4/2024 5:00," 1,101.60 ",N
11/4/2024 6:00," 1,240.21 ",N
11/4/2024 7:00, 972.84 ,N
11/4/2024 8:00," 1,091.28 ",N
11/4/2024 9:00," 1,317.25 ",N
11/4/2024 10:00," 1,461.01 ",P
11/4/2024 11:00," 1,485.36 ",P
11/4/2024 12:00," 1,859.34 ",N
11/4/2024 13:00," 1,111.60 ",N
11/4/2024 14:00," 1,623.43 ",N
11/4/2024 15:00," 1,529.71 ",N
11/4/2024 16:00," 1,351.59 ",N
11/4/2024 17:00," 1,119.86 ",P
11/4/2024 18:00, 915.20 ,P
11/4/2024 19:00," 1,072.80 ",P
11/4/2024 20:00," 1,204.00 ",N
11/4/2024 21:00, 921.60 ,N
11/4/2024 22:00," 1,499.20 ",O
11/4/2024 23:00," 1,340.00 ",O
11/5/2024 0:00," 1,268.00 ",O
11/5/2024 1:00," 1,223.20 ",O
11/5/2024 2:00," 1,244.80 ",O
11/5/2024 3:00," 1,196.00 ",O
11/5/2024 4:00, 920.00 ,N
11/5/2024 5:00," 1,409.60 ",N
11/5/2024 6:00," 1,301.17 ",N
11/5/2024 7:00, 900.70 ,N
11/5/2024 8:00," 1,025.23 ",N
11/5/2024 9:00," 1,161.73 ",N
11/5/2024 10:00," 1,161.09 ",P
11/5/2024 11:00," 1,382.41 ",P
11/5/2024 12:00," 1,308.31 ",N
11/5/2024 13:00," 1,078.05 ",N
11/5/2024 14:00," 1,313.36 ",N
11/5/2024 15:00," 1,419.02 ",N
11/5/2024 16:00," 1,209.14 ",N
11/5/2024 17:00," 1,214.13 ",P
11/5/2024 18:00," 1,495.20 ",P
11/5/2024 19:00," 1,044.80 ",P
11/5/2024 20:00," 1,540.80 ",N
11/5/2024 21:00," 1,288.00 ",N
11/5/2024 22:00," 1,128.80 ",O
11/5/2024 23:00," 1,216.00 ",O
11/6/2024 0:00, 784.80 ,O
11/6/2024 1:00," 1,167.20 ",O
11/6/2024 2:00," 1,024.00 ",O
11/6/2024 3:00," 1,230.40 ",O
11/6/2024 4:00," 1,207.20 ",N
11/6/2024 5:00, 961.60 ,N
11/6/2024 6:00," 1,106.75 ",N
11/6/2024 7:00, 981.30 ,N
11/6/2024 8:00," 1,087.12 ",N
11/6/2024 9:00," 1,162.09 ",N
11/6/2024 10:00," 1,710.03 ",P
11/6/2024 11:00," 1,447.55 ",P
11/6/2024 12:00," 1,355.19 ",N
11/6/2024 13:00," 1,224.54 ",N
11/6/2024 14:00," 1,436.00 ",N
11/6/2024 15:00," 1,576.82 ",N
11/6/2024 16:00," 1,545.34 ",N
11/6/2024 17:00," 1,644.76 ",P
11/6/2024 18:00," 1,521.60 ",P
11/6/2024 19:00," 1,470.40 ",P
11/6/2024 20:00," 1,567.20 ",N
11/6/2024 21:00," 1,155.20 ",N
11/6/2024 22:00," 1,411.20 ",O
11/6/2024 23:00," 1,588.80 ",O
11/7/2024 0:00," 1,478.40 ",O
11/7/2024 1:00," 1,609.60 ",O
11/7/2024 2:00," 1,016.00 ",O
11/7/2024 3:00," 1,200.00 ",O
11/7/2024 4:00," 1,240.00 ",N
11/7/2024 5:00," 1,102.40 ",N
11/7/2024 6:00," 1,127.49 ",N
11/7/2024 7:00," 1,108.43 ",N
11/7/2024 8:00," 1,506.88 ",N
11/7/2024 9:00," 1,545.10 ",N
11/7/2024 10:00," 1,717.54 ",P
11/7/2024 11:00," 1,743.34 ",P
11/7/2024 12:00," 1,659.29 ",N
11/7/2024 13:00," 1,711.85 ",N
11/7/2024 14:00," 1,778.71 ",N
11/7/2024 15:00," 1,671.96 ",N
11/7/2024 16:00," 1,740.40 ",N
11/7/2024 17:00," 1,561.82 ",P
11/7/2024 18:00," 1,636.00 ",P
11/7/2024 19:00," 1,423.20 ",P
11/7/2024 20:00," 1,198.40 ",N
11/7/2024 21:00," 1,556.80 ",N
11/7/2024 22:00," 1,191.20 ",O
11/7/2024 23:00," 1,529.60 ",O
11/8/2024 0:00," 1,598.40 ",O
11/8/2024 1:00," 1,415.20 ",O
11/8/2024 2:00," 1,582.40 ",O
11/8/2024 3:00," 1,364.80 ",O
11/8/2024 4:00," 1,329.60 ",N
11/8/2024 5:00," 1,695.20 ",N
11/8/2024 6:00," 1,435.98 ",N
11/8/2024 7:00," 1,870.08 ",N
11/8/2024 8:00," 1,222.75 ",N
11/8/2024 9:00," 1,723.89 ",N
11/8/2024 10:00," 1,512.12 ",P
11/8/2024 11:00," 1,701.59 ",P
11/8/2024 12:00," 1,506.38 ",N
11/8/2024 13:00," 1,400.99 ",N
11/8/2024 14:00," 1,718.67 ",N
11/8/2024 15:00," 1,537.61 ",N
11/8/2024 16:00," 1,343.34 ",N
11/8/2024 17:00," 1,522.83 ",P
11/8/2024 18:00," 1,356.80 ",P
11/8/2024 19:00," 1,599.20 ",P
11/8/2024 20:00," 1,412.80 ",N
11/8/2024 21:00," 1,264.80 ",N
11/8/2024 22:00," 1,524.00 ",O
11/8/2024 23:00, 828.80 ,O
11/9/2024 0:00," 1,140.00 ",O
11/9/2024 1:00," 1,248.80 ",O
11/9/2024 2:00," 1,267.20 ",O
11/9/2024 3:00," 1,367.20 ",O
11/9/2024 4:00," 1,266.40 ",N
11/9/2024 5:00," 1,180.00 ",N
11/9/2024 6:00," 1,235.74 ",N
11/9/2024 7:00, 932.42 ,N
11/9/2024 8:00," 1,225.77 ",N
11/9/2024 9:00," 1,183.59 ",N
11/9/2024 10:00," 1,167.78 ",P
11/9/2024 11:00," 1,149.10 ",P
11/9/2024 12:00," 1,061.56 ",N
11/9/2024 13:00," 1,207.04 ",N
11/9/2024 14:00," 1,229.37 ",N
11/9/2024 15:00," 1,219.57 ",N
11/9/2024 16:00, 850.34 ,N
11/9/2024 17:00," 1,029.96 ",P
11/9/2024 18:00," 1,183.20 ",P
11/9/2024 19:00," 1,294.40 ",P
11/9/2024 20:00," 1,021.60 ",N
11/9/2024 21:00," 1,191.20 ",N
11/9/2024 22:00," 1,176.00 ",O
11/9/2024 23:00, 173.60 ,O
11/10/2024 0:00, 89.60 ,O
11/10/2024 1:00, 171.20 ,O
11/10/2024 2:00, 109.60 ,O
11/10/2024 3:00, 114.40 ,O
11/10/2024 4:00, 85.60 ,N
11/10/2024 5:00, 88.80 ,N
11/10/2024 6:00, 85.75 ,N
11/10/2024 7:00, 209.93 ,N
11/10/2024 8:00, 856.95 ,N
11/10/2024 9:00," 1,343.99 ",N
11/10/2024 10:00," 1,233.61 ",N
11/10/2024 11:00," 1,009.94 ",N
11/10/2024 12:00," 1,251.76 ",N
11/10/2024 13:00," 1,114.08 ",N
11/10/2024 14:00," 1,131.03 ",N
11/10/2024 15:00," 1,306.04 ",N
11/10/2024 16:00," 1,317.89 ",N
11/10/2024 17:00," 1,482.15 ",N
11/10/2024 18:00," 1,344.80 ",N
11/10/2024 19:00," 1,447.20 ",N
11/10/2024 20:00," 1,483.20 ",N
11/10/2024 21:00," 1,075.20 ",N
11/10/2024 22:00," 1,232.80 ",O
11/10/2024 23:00," 1,115.20 ",O
11/11/2024 0:00," 1,131.20 ",O
11/11/2024 1:00," 1,402.40 ",O
11/11/2024 2:00, 878.40 ,O
11/11/2024 3:00, 985.60 ,O
11/11/2024 4:00," 1,147.20 ",N
11/11/2024 5:00," 1,303.20 ",N
11/11/2024 6:00," 1,182.37 ",N
11/11/2024 7:00," 1,335.81 ",N
11/11/2024 8:00," 1,230.58 ",N
11/11/2024 9:00," 1,363.82 ",N
11/11/2024 10:00," 1,384.07 ",P
11/11/2024 11:00," 1,456.25 ",P
11/11/2024 12:00," 1,474.15 ",N
11/11/2024 13:00," 1,408.80 ",N
11/11/2024 14:00," 1,416.22 ",N
11/11/2024 15:00," 1,598.24 ",N
11/11/2024 16:00," 1,617.78 ",N
11/11/2024 17:00," 1,347.53 ",P
11/11/2024 18:00," 1,315.20 ",P
11/11/2024 19:00," 1,236.80 ",P
11/11/2024 20:00," 1,147.20 ",N
11/11/2024 21:00," 1,199.20 ",N
11/11/2024 22:00," 1,183.20 ",O
11/11/2024 23:00," 1,420.00 ",O
11/12/2024 0:00," 1,430.40 ",O
11/12/2024 1:00," 1,165.60 ",O
11/12/2024 2:00," 1,365.60 ",O
11/12/2024 3:00, 876.80 ,O
11/12/2024 4:00, 816.00 ,N
11/12/2024 5:00, 768.00 ,N
11/12/2024 6:00," 1,244.50 ",N
11/12/2024 7:00," 1,277.60 ",N
11/12/2024 8:00," 1,546.55 ",N
11/12/2024 9:00," 1,572.21 ",N
11/12/2024 10:00," 1,429.63 ",P
11/12/2024 11:00," 1,773.52 ",P
11/12/2024 12:00," 1,456.59 ",N
11/12/2024 13:00," 1,568.38 ",N
11/12/2024 14:00," 1,614.35 ",N
11/12/2024 15:00," 1,835.77 ",N
11/12/2024 16:00," 1,488.29 ",N
11/12/2024 17:00," 1,561.28 ",P
11/12/2024 18:00," 1,532.00 ",P
11/12/2024 19:00," 1,440.80 ",P
11/12/2024 20:00," 1,496.80 ",N
11/12/2024 21:00, 967.20 ,N
11/12/2024 22:00," 1,389.60 ",O
11/12/2024 23:00, 994.40 ,O
11/13/2024 0:00," 1,131.20 ",O
11/13/2024 1:00," 1,332.80 ",O
11/13/2024 2:00," 1,132.80 ",O
11/13/2024 3:00," 1,163.20 ",O
11/13/2024 4:00," 1,312.80 ",N
11/13/2024 5:00," 1,239.20 ",N
11/13/2024 6:00," 1,053.27 ",N
11/13/2024 7:00," 1,323.52 ",N
11/13/2024 8:00," 1,381.94 ",N
11/13/2024 9:00," 1,401.68 ",N
11/13/2024 10:00," 1,376.53 ",P
11/13/2024 11:00," 1,661.11 ",P
11/13/2024 12:00," 1,751.02 ",N
11/13/2024 13:00," 1,832.52 ",N
11/13/2024 14:00," 1,589.62 ",N
11/13/2024 15:00," 1,620.88 ",N
11/13/2024 16:00," 1,347.91 ",N
11/13/2024 17:00," 1,547.42 ",P
11/13/2024 18:00," 1,665.60 ",P
11/13/2024 19:00," 1,189.60 ",P
11/13/2024 20:00, 890.40 ,N
11/13/2024 21:00, 993.60 ,N
11/13/2024 22:00," 1,250.40 ",O
11/13/2024 23:00," 1,127.20 ",O
11/14/2024 0:00," 1,052.00 ",O
11/14/2024 1:00," 1,386.40 ",O
11/14/2024 2:00," 1,046.40 ",O
11/14/2024 3:00," 1,260.00 ",O
11/14/2024 4:00," 1,321.60 ",N
11/14/2024 5:00, 721.60 ,N
11/14/2024 6:00, 904.06 ,N
11/14/2024 7:00, 979.12 ,N
11/14/2024 8:00," 1,105.28 ",N
11/14/2024 9:00," 1,633.54 ",N
11/14/2024 10:00," 1,559.03 ",P
11/14/2024 11:00," 1,491.99 ",P
11/14/2024 12:00," 1,664.03 ",N
11/14/2024 13:00," 1,509.42 ",N
11/14/2024 14:00," 1,181.19 ",N
11/14/2024 15:00," 1,646.17 ",N
11/14/2024 16:00," 1,321.61 ",N
11/14/2024 17:00," 1,456.40 ",P
11/14/2024 18:00," 1,341.60 ",P
11/14/2024 19:00," 1,266.40 ",P
11/14/2024 20:00," 1,124.80 ",N
11/14/2024 21:00," 1,446.40 ",N
11/14/2024 22:00," 1,150.40 ",O
11/14/2024 23:00," 1,467.20 ",O
11/15/2024 0:00," 1,057.60 ",O
11/15/2024 1:00," 1,108.00 ",O
11/15/2024 2:00," 1,446.40 ",O
11/15/2024 3:00," 1,334.40 ",O
11/15/2024 4:00, 826.40 ,N
11/15/2024 5:00," 1,045.60 ",N
11/15/2024 6:00, 960.75 ,N
11/15/2024 7:00, 891.27 ,N
11/15/2024 8:00," 1,021.02 ",N
11/15/2024 9:00," 1,278.02 ",N
11/15/2024 10:00," 1,410.68 ",P
11/15/2024 11:00," 1,375.32 ",P
11/15/2024 12:00," 1,500.06 ",N
11/15/2024 13:00," 1,347.20 ",N
11/15/2024 14:00," 1,165.37 ",N
11/15/2024 15:00," 1,265.57 ",N
11/15/2024 16:00," 1,012.20 ",N
11/15/2024 17:00," 1,011.62 ",P
11/15/2024 18:00, 971.20 ,P
11/15/2024 19:00," 1,312.00 ",P
11/15/2024 20:00," 1,095.20 ",N
11/15/2024 21:00," 1,071.20 ",N
11/15/2024 22:00," 1,172.00 ",O
11/15/2024 23:00," 1,040.00 ",O
11/16/2024 0:00," 1,044.00 ",O
11/16/2024 1:00," 1,136.80 ",O
11/16/2024 2:00," 1,080.80 ",O
11/16/2024 3:00," 1,034.40 ",O
11/16/2024 4:00," 1,055.20 ",N
11/16/2024 5:00," 1,076.00 ",N
11/16/2024 6:00, 886.19 ,N
11/16/2024 7:00, 293.46 ,N
11/16/2024 8:00, 141.38 ,N
11/16/2024 9:00, 225.96 ,N
11/16/2024 10:00, 173.99 ,P
11/16/2024 11:00, 186.91 ,P
11/16/2024 12:00, 144.11 ,N
11/16/2024 13:00, 135.51 ,N
11/16/2024 14:00, 194.58 ,N
11/16/2024 15:00, 215.29 ,N
11/16/2024 16:00, 184.12 ,N
11/16/2024 17:00, 203.03 ,P
11/16/2024 18:00, 140.00 ,P
11/16/2024 19:00, 197.60 ,P
11/16/2024 20:00, 199.20 ,N
11/16/2024 21:00, 108.80 ,N
11/16/2024 22:00, 98.40 ,O
11/16/2024 23:00, 102.40 ,O
11/17/2024 0:00, 92.80 ,O
11/17/2024 1:00, 99.20 ,O
11/17/2024 2:00, 94.40 ,O
11/17/2024 3:00, 98.40 ,O
11/17/2024 4:00, 92.80 ,N
11/17/2024 5:00, 93.60 ,N
11/17/2024 6:00, 80.49 ,N
11/17/2024 7:00, 100.98 ,N
11/17/2024 8:00, 679.25 ,N
11/17/2024 9:00," 1,271.68 ",N
11/17/2024 10:00," 1,286.43 ",N
11/17/2024 11:00," 1,324.93 ",N
11/17/2024 12:00," 1,133.19 ",N
11/17/2024 13:00," 1,217.42 ",N
11/17/2024 14:00," 1,214.92 ",N
11/17/2024 15:00," 1,286.66 ",N
11/17/2024 16:00," 1,421.99 ",N
11/17/2024 17:00," 1,335.97 ",N
11/17/2024 18:00," 1,252.80 ",N
11/17/2024 19:00," 1,186.40 ",N
11/17/2024 20:00," 1,470.40 ",N
11/17/2024 21:00," 1,188.80 ",N
11/17/2024 22:00, 779.20 ,O
11/17/2024 23:00," 1,133.60 ",O
11/18/2024 0:00, 877.60 ,O
11/18/2024 1:00, 888.00 ,O
11/18/2024 2:00, 992.00 ,O
11/18/2024 3:00," 1,028.00 ",O
11/18/2024 4:00," 1,020.00 ",N
11/18/2024 5:00, 988.80 ,N
11/18/2024 6:00," 1,027.13 ",N
11/18/2024 7:00, 958.73 ,N
11/18/2024 8:00," 1,015.72 ",N
11/18/2024 9:00," 1,081.25 ",N
11/18/2024 10:00," 1,456.65 ",P
11/18/2024 11:00," 1,355.63 ",P
11/18/2024 12:00," 1,091.51 ",N
11/18/2024 13:00," 1,198.06 ",N
11/18/2024 14:00," 1,592.28 ",N
11/18/2024 15:00," 1,106.46 ",N
11/18/2024 16:00," 1,246.39 ",N
11/18/2024 17:00," 1,322.50 ",P
11/18/2024 18:00," 1,121.60 ",P
11/18/2024 19:00," 1,195.20 ",P
11/18/2024 20:00," 1,380.00 ",N
11/18/2024 21:00," 1,388.00 ",N
11/18/2024 22:00," 1,431.20 ",O
11/18/2024 23:00," 1,104.00 ",O
11/19/2024 0:00," 1,285.60 ",O
11/19/2024 1:00," 1,016.00 ",O
11/19/2024 2:00," 1,193.60 ",O
11/19/2024 3:00," 1,489.60 ",O
11/19/2024 4:00," 1,088.80 ",N
11/19/2024 5:00," 1,126.40 ",N
11/19/2024 6:00, 799.09 ,N
11/19/2024 7:00, 933.70 ,N
11/19/2024 8:00," 1,028.87 ",N
11/19/2024 9:00," 1,429.18 ",N
11/19/2024 10:00," 1,309.36 ",P
11/19/2024 11:00," 1,273.22 ",P
11/19/2024 12:00," 1,283.76 ",N
11/19/2024 13:00," 1,017.05 ",N
11/19/2024 14:00," 1,569.86 ",N
11/19/2024 15:00," 1,212.91 ",N
11/19/2024 16:00," 1,407.81 ",N
11/19/2024 17:00," 1,339.19 ",P
11/19/2024 18:00," 1,444.00 ",P
11/19/2024 19:00," 1,498.40 ",P
11/19/2024 20:00," 1,683.20 ",N
11/19/2024 21:00," 1,572.00 ",N
11/19/2024 22:00," 1,266.40 ",O
11/19/2024 23:00," 1,252.80 ",O
11/20/2024 0:00," 1,118.40 ",O
11/20/2024 1:00," 1,283.20 ",O
11/20/2024 2:00," 1,369.60 ",O
11/20/2024 3:00," 1,394.40 ",O
11/20/2024 4:00," 1,285.60 ",N
11/20/2024 5:00," 1,056.00 ",N
11/20/2024 6:00," 1,040.32 ",N
11/20/2024 7:00, 869.63 ,N
11/20/2024 8:00," 1,098.23 ",N
11/20/2024 9:00," 1,314.62 ",N
11/20/2024 10:00," 1,099.18 ",P
11/20/2024 11:00," 1,346.22 ",P
11/20/2024 12:00," 1,404.83 ",N
11/20/2024 13:00," 1,166.20 ",N
11/20/2024 14:00," 1,431.16 ",N
11/20/2024 15:00," 1,408.69 ",N
11/20/2024 16:00," 1,490.44 ",N
11/20/2024 17:00," 1,393.93 ",P
11/20/2024 18:00," 1,680.80 ",P
11/20/2024 19:00," 1,324.80 ",P
11/20/2024 20:00," 1,534.40 ",N
11/20/2024 21:00," 1,571.20 ",N
11/20/2024 22:00," 1,176.80 ",O
11/20/2024 23:00," 1,416.80 ",O
11/21/2024 0:00," 1,240.00 ",O
11/21/2024 1:00," 1,348.80 ",O
11/21/2024 2:00," 1,515.20 ",O
11/21/2024 3:00," 1,366.40 ",O
11/21/2024 4:00," 1,381.60 ",N
11/21/2024 5:00," 1,362.40 ",N
11/21/2024 6:00, 679.44 ,N
11/21/2024 7:00," 1,137.38 ",N
11/21/2024 8:00, 882.65 ,N
11/21/2024 9:00, 432.66 ,N
11/21/2024 10:00, 389.33 ,P
11/21/2024 11:00, 396.46 ,P
11/21/2024 12:00, 851.22 ,N
11/21/2024 13:00," 1,358.28 ",N
11/21/2024 14:00," 1,653.14 ",N
11/21/2024 15:00," 1,480.78 ",N
11/21/2024 16:00," 1,522.43 ",N
11/21/2024 17:00," 1,682.40 ",P
11/21/2024 18:00," 1,758.40 ",P
11/21/2024 19:00," 1,597.60 ",P
11/21/2024 20:00," 1,777.60 ",N
11/21/2024 21:00," 1,849.60 ",N
11/21/2024 22:00," 1,356.00 ",O
11/21/2024 23:00," 1,280.80 ",O
11/22/2024 0:00," 1,248.80 ",O
11/22/2024 1:00," 1,583.20 ",O
11/22/2024 2:00," 1,660.00 ",O
11/22/2024 3:00, 981.60 ,O
11/22/2024 4:00," 1,345.60 ",N
11/22/2024 5:00," 1,347.20 ",N
11/22/2024 6:00," 1,080.96 ",N
11/22/2024 7:00," 1,190.48 ",N
11/22/2024 8:00," 1,061.09 ",N
11/22/2024 9:00," 1,659.71 ",N
11/22/2024 10:00," 1,735.04 ",P
11/22/2024 11:00," 1,837.29 ",P
11/22/2024 12:00," 1,536.80 ",N
11/22/2024 13:00," 1,437.91 ",N
11/22/2024 14:00," 1,704.97 ",N
11/22/2024 15:00," 1,445.75 ",N
11/22/2024 16:00," 1,513.32 ",N
11/22/2024 17:00," 1,805.70 ",P
11/22/2024 18:00," 1,423.20 ",P
11/22/2024 19:00," 1,600.00 ",P
11/22/2024 20:00," 1,737.60 ",N
11/22/2024 21:00," 1,408.00 ",N
11/22/2024 22:00," 1,577.60 ",O
11/22/2024 23:00," 1,420.80 ",O
11/23/2024 0:00," 1,040.00 ",O
11/23/2024 1:00," 1,061.60 ",O
11/23/2024 2:00, 848.00 ,O
11/23/2024 3:00," 1,101.60 ",O
11/23/2024 4:00, 727.20 ,N
11/23/2024 5:00, 904.00 ,N
11/23/2024 6:00, 917.90 ,N
11/23/2024 7:00, 910.90 ,N
11/23/2024 8:00, 920.17 ,N
11/23/2024 9:00," 1,061.39 ",N
11/23/2024 10:00," 1,019.09 ",P
11/23/2024 11:00, 991.07 ,P
11/23/2024 12:00," 1,143.28 ",N
11/23/2024 13:00," 1,101.73 ",N
11/23/2024 14:00," 1,117.13 ",N
11/23/2024 15:00, 520.63 ,N
11/23/2024 16:00, 192.30 ,N
11/23/2024 17:00, 257.19 ,P
11/23/2024 18:00, 150.40 ,P
11/23/2024 19:00, 158.40 ,P
11/23/2024 20:00, 125.60 ,N
11/23/2024 21:00, 120.00 ,N
11/23/2024 22:00, 115.20 ,O
11/23/2024 23:00, 116.00 ,O
11/24/2024 0:00, 107.20 ,O
11/24/2024 1:00, 117.60 ,O
11/24/2024 2:00, 96.80 ,O
11/24/2024 3:00, 103.20 ,O
11/24/2024 4:00, 96.80 ,N
11/24/2024 5:00, 101.60 ,N
11/24/2024 6:00, 87.68 ,N
11/24/2024 7:00, 158.37 ,N
11/24/2024 8:00, 720.38 ,N
11/24/2024 9:00, 958.61 ,N
11/24/2024 10:00," 1,110.71 ",N
11/24/2024 11:00," 1,168.12 ",N
11/24/2024 12:00," 1,171.33 ",N
11/24/2024 13:00," 1,171.35 ",N
11/24/2024 14:00," 1,266.47 ",N
11/24/2024 15:00," 1,231.43 ",N
11/24/2024 16:00," 1,227.90 ",N
11/24/2024 17:00," 1,118.58 ",N
11/24/2024 18:00," 1,358.40 ",N
11/24/2024 19:00," 1,066.40 ",N
11/24/2024 20:00," 1,076.00 ",N
11/24/2024 21:00," 1,006.40 ",N
11/24/2024 22:00," 1,079.20 ",O
11/24/2024 23:00," 1,528.00 ",O
11/25/2024 0:00," 1,220.80 ",O
11/25/2024 1:00, 923.20 ,O
11/25/2024 2:00," 1,218.40 ",O
11/25/2024 3:00," 1,200.80 ",O
11/25/2024 4:00, 896.00 ,N
11/25/2024 5:00," 1,284.00 ",N
11/25/2024 6:00," 1,092.49 ",N
11/25/2024 7:00," 1,306.16 ",N
11/25/2024 8:00," 1,409.71 ",N
11/25/2024 9:00, 984.96 ,N
11/25/2024 10:00," 1,372.33 ",P
11/25/2024 11:00," 1,453.63 ",P
11/25/2024 12:00," 1,182.82 ",N
11/25/2024 13:00," 1,278.41 ",N
11/25/2024 14:00," 1,248.00 ",N
11/25/2024 15:00," 1,086.35 ",N
11/25/2024 16:00," 1,467.39 ",N
11/25/2024 17:00," 1,410.49 ",P
11/25/2024 18:00," 1,142.40 ",P
11/25/2024 19:00, 984.80 ,P
11/25/2024 20:00," 1,211.20 ",N
11/25/2024 21:00," 1,125.60 ",N
11/25/2024 22:00," 1,388.80 ",O
11/25/2024 23:00, 985.60 ,O
11/26/2024 0:00," 1,293.60 ",O
11/26/2024 1:00," 1,131.20 ",O
11/26/2024 2:00," 1,264.80 ",O
11/26/2024 3:00, 774.40 ,O
11/26/2024 4:00," 1,108.80 ",N
11/26/2024 5:00, 734.40 ,N
11/26/2024 6:00, 812.64 ,N
11/26/2024 7:00," 1,161.25 ",N
11/26/2024 8:00," 1,243.41 ",N
11/26/2024 9:00," 1,326.78 ",N
11/26/2024 10:00," 1,621.14 ",P
11/26/2024 11:00," 1,251.31 ",P
11/26/2024 12:00," 1,349.22 ",N
11/26/2024 13:00," 1,331.27 ",N
11/26/2024 14:00," 1,282.74 ",N
11/26/2024 15:00," 1,437.17 ",N
11/26/2024 16:00," 1,620.09 ",N
11/26/2024 17:00," 1,488.65 ",P
11/26/2024 18:00," 1,304.80 ",P
11/26/2024 19:00," 1,217.60 ",P
11/26/2024 20:00," 1,169.60 ",N
11/26/2024 21:00," 1,280.00 ",N
11/26/2024 22:00," 1,238.40 ",O
11/26/2024 23:00," 1,456.00 ",O
11/27/2024 0:00," 1,352.00 ",O
11/27/2024 1:00," 1,226.40 ",O
11/27/2024 2:00," 1,184.00 ",O
11/27/2024 3:00," 1,292.00 ",O
11/27/2024 4:00," 1,500.00 ",N
11/27/2024 5:00," 1,428.80 ",N
11/27/2024 6:00," 1,297.34 ",N
11/27/2024 7:00," 1,310.03 ",N
11/27/2024 8:00, 994.13 ,N
11/27/2024 9:00," 1,147.17 ",N
11/27/2024 10:00," 1,266.56 ",P
11/27/2024 11:00," 1,524.50 ",P
11/27/2024 12:00," 1,553.98 ",N
11/27/2024 13:00," 1,388.91 ",N
11/27/2024 14:00," 1,652.72 ",N
11/27/2024 15:00," 1,570.27 ",N
11/27/2024 16:00," 1,459.66 ",N
11/27/2024 17:00," 1,449.58 ",P
11/27/2024 18:00," 1,372.80 ",P
11/27/2024 19:00," 1,579.20 ",P
11/27/2024 20:00," 1,569.60 ",N
11/27/2024 21:00," 1,548.80 ",N
11/27/2024 22:00," 1,433.60 ",O
11/27/2024 23:00," 1,310.40 ",O
11/28/2024 0:00," 1,088.00 ",O
11/28/2024 1:00," 1,392.00 ",O
11/28/2024 2:00," 1,436.80 ",O
11/28/2024 3:00," 1,538.40 ",O
11/28/2024 4:00," 1,468.00 ",N
11/28/2024 5:00," 1,324.00 ",N
11/28/2024 6:00, 916.00 ,N
11/28/2024 7:00," 1,538.83 ",N
11/28/2024 8:00," 1,337.06 ",N
11/28/2024 9:00," 1,341.15 ",N
11/28/2024 10:00," 1,403.20 ",P
11/28/2024 11:00," 1,495.02 ",P
11/28/2024 12:00," 1,415.79 ",N
11/28/2024 13:00," 1,603.04 ",N
11/28/2024 14:00," 1,305.48 ",N
11/28/2024 15:00," 1,797.50 ",N
11/28/2024 16:00," 1,690.40 ",N
11/28/2024 17:00," 1,741.50 ",P
11/28/2024 18:00," 1,718.40 ",P
11/28/2024 19:00," 1,222.40 ",P
11/28/2024 20:00," 1,288.00 ",N
11/28/2024 21:00," 1,320.80 ",N
11/28/2024 22:00," 1,376.00 ",O
11/28/2024 23:00," 1,328.80 ",O
11/29/2024 0:00," 1,398.40 ",O
11/29/2024 1:00," 1,504.00 ",O
11/29/2024 2:00," 1,284.00 ",O
11/29/2024 3:00," 1,360.80 ",O
11/29/2024 4:00," 1,429.60 ",N
11/29/2024 5:00," 1,222.40 ",N
11/29/2024 6:00," 1,190.56 ",N
11/29/2024 7:00," 1,232.15 ",N
11/29/2024 8:00," 1,245.95 ",N
11/29/2024 9:00," 1,352.38 ",N
11/29/2024 10:00," 1,036.35 ",P
11/29/2024 11:00," 1,453.97 ",P
11/29/2024 12:00," 1,380.77 ",N
11/29/2024 13:00," 1,648.16 ",N
11/29/2024 14:00," 1,281.29 ",N
11/29/2024 15:00," 1,404.32 ",N
11/29/2024 16:00," 1,308.23 ",N
11/29/2024 17:00," 1,254.29 ",P
11/29/2024 18:00," 1,336.00 ",P
11/29/2024 19:00, 854.40 ,P
11/29/2024 20:00," 1,313.60 ",N
11/29/2024 21:00," 1,232.00 ",N
11/29/2024 22:00," 1,172.80 ",O
11/29/2024 23:00," 1,341.60 ",O
11/30/2024 0:00," 1,092.00 ",O
11/30/2024 1:00," 1,248.00 ",O
11/30/2024 2:00," 1,142.40 ",O
11/30/2024 3:00," 1,088.80 ",O
11/30/2024 4:00, 978.40 ,N
11/30/2024 5:00," 1,040.80 ",N
11/30/2024 6:00, 858.40 ,N
11/30/2024 7:00," 1,146.18 ",N
11/30/2024 8:00," 1,191.90 ",N
11/30/2024 9:00," 1,166.90 ",N
11/30/2024 10:00," 1,126.27 ",P
11/30/2024 11:00," 1,448.14 ",P
11/30/2024 12:00, 920.54 ,N
11/30/2024 13:00, 997.39 ,N
11/30/2024 14:00, 860.71 ,N
11/30/2024 15:00, 234.95 ,N
11/30/2024 16:00, 183.06 ,N
11/30/2024 17:00, 137.55 ,P
11/30/2024 18:00, 148.00 ,P
11/30/2024 19:00, 100.80 ,P
11/30/2024 20:00, 96.00 ,N
11/30/2024 21:00, 102.40 ,N
11/30/2024 22:00, 91.20 ,O
11/30/2024 23:00, 100.00 ,O
12/1/2024 0:00, 89.60 ,O
12/1/2024 1:00, 96.00 ,O
12/1/2024 2:00, 89.60 ,O
12/1/2024 3:00, 89.60 ,O
12/1/2024 4:00, 91.20 ,N
12/1/2024 5:00, 92.00 ,N
12/1/2024 6:00, 72.80 ,N
12/1/2024 7:00, 89.61 ,N
12/1/2024 8:00, 636.20 ,N
12/1/2024 9:00," 1,258.65 ",N
12/1/2024 10:00," 1,251.36 ",N
12/1/2024 11:00," 1,077.29 ",N
12/1/2024 12:00," 1,356.35 ",N
12/1/2024 13:00," 1,104.06 ",N
12/1/2024 14:00," 1,125.99 ",N
12/1/2024 15:00," 1,050.11 ",N
12/1/2024 16:00, 951.41 ,N
12/1/2024 17:00," 1,136.61 ",N
12/1/2024 18:00," 1,047.20 ",N
12/1/2024 19:00," 1,128.80 ",N
12/1/2024 20:00, 778.40 ,N
12/1/2024 21:00," 1,089.60 ",N
12/1/2024 22:00, 952.80 ,O
12/1/2024 23:00, 999.20 ,O
12/2/2024 0:00, 960.00 ,O
12/2/2024 1:00," 1,305.60 ",O
12/2/2024 2:00," 1,168.80 ",O
12/2/2024 3:00," 1,358.40 ",O
12/2/2024 4:00," 1,282.40 ",N
12/2/2024 5:00," 1,162.40 ",N
12/2/2024 6:00," 1,039.20 ",N
12/2/2024 7:00," 1,081.05 ",N
12/2/2024 8:00, 811.98 ,N
12/2/2024 9:00," 1,146.67 ",N
12/2/2024 10:00," 1,380.39 ",P
12/2/2024 11:00," 1,173.82 ",P
12/2/2024 12:00," 1,141.59 ",N
12/2/2024 13:00," 1,217.12 ",N
12/2/2024 14:00," 1,621.67 ",N
12/2/2024 15:00, 617.58 ,N
12/2/2024 16:00," 1,446.57 ",N
12/2/2024 17:00," 1,314.23 ",P
12/2/2024 18:00," 1,122.40 ",P
12/2/2024 19:00, 976.80 ,P
12/2/2024 20:00," 1,206.40 ",N
12/2/2024 21:00," 1,304.00 ",N
12/2/2024 22:00," 1,134.40 ",O
12/2/2024 23:00, 949.60 ,O
12/3/2024 0:00," 1,222.40 ",O
12/3/2024 1:00, 851.20 ,O
12/3/2024 2:00," 1,256.80 ",O
12/3/2024 3:00," 1,092.80 ",O
12/3/2024 4:00," 1,028.80 ",N
12/3/2024 5:00," 1,088.80 ",N
12/3/2024 6:00," 1,353.60 ",N
12/3/2024 7:00, 697.26 ,N
12/3/2024 8:00, 894.81 ,N
12/3/2024 9:00," 1,264.73 ",N
12/3/2024 10:00," 1,241.91 ",P
12/3/2024 11:00," 1,308.59 ",P
12/3/2024 12:00," 1,086.62 ",N
12/3/2024 13:00," 1,312.46 ",N
12/3/2024 14:00," 1,471.83 ",N
12/3/2024 15:00," 1,659.08 ",N
12/3/2024 16:00," 1,382.14 ",N
12/3/2024 17:00," 1,357.74 ",P
12/3/2024 18:00," 1,292.00 ",P
12/3/2024 19:00," 1,217.60 ",P
12/3/2024 20:00," 1,288.00 ",N
12/3/2024 21:00," 1,356.00 ",N
12/3/2024 22:00, 968.80 ,O
12/3/2024 23:00," 1,264.00 ",O
12/4/2024 0:00," 1,316.80 ",O
12/4/2024 1:00," 1,169.60 ",O
12/4/2024 2:00," 1,160.80 ",O
12/4/2024 3:00," 1,196.00 ",O
12/4/2024 4:00, 840.00 ,N
12/4/2024 5:00," 1,152.80 ",N
12/4/2024 6:00, 706.40 ,N
12/4/2024 7:00, 959.44 ,N
12/4/2024 8:00, 900.08 ,N
12/4/2024 9:00," 1,146.42 ",N
12/4/2024 10:00," 1,422.59 ",P
12/4/2024 11:00," 1,547.46 ",P
12/4/2024 12:00," 1,494.73 ",N
12/4/2024 13:00," 1,257.70 ",N
12/4/2024 14:00," 1,228.07 ",N
12/4/2024 15:00," 1,769.15 ",N
12/4/2024 16:00," 1,953.37 ",N
12/4/2024 17:00," 1,544.71 ",P
12/4/2024 18:00," 1,589.60 ",P
12/4/2024 19:00," 1,320.00 ",P
12/4/2024 20:00," 1,744.00 ",N
12/4/2024 21:00," 1,516.80 ",N
12/4/2024 22:00," 1,599.20 ",O
12/4/2024 23:00," 1,542.40 ",O
12/5/2024 0:00," 1,434.40 ",O
12/5/2024 1:00," 1,324.00 ",O
12/5/2024 2:00," 1,325.60 ",O
12/5/2024 3:00," 1,516.80 ",O
12/5/2024 4:00," 1,291.20 ",N
12/5/2024 5:00," 1,542.40 ",N
12/5/2024 6:00," 1,000.80 ",N
12/5/2024 7:00, 828.43 ,N
12/5/2024 8:00," 1,062.17 ",N
12/5/2024 9:00," 1,354.15 ",N
12/5/2024 10:00," 1,544.60 ",P
12/5/2024 11:00," 1,620.77 ",P
12/5/2024 12:00, 936.45 ,N
12/5/2024 13:00," 1,379.59 ",N
12/5/2024 14:00," 1,282.75 ",N
12/5/2024 15:00," 1,281.05 ",N
12/5/2024 16:00," 1,015.74 ",N
12/5/2024 17:00," 1,172.04 ",P
12/5/2024 18:00," 1,207.20 ",P
12/5/2024 19:00," 1,226.40 ",P
12/5/2024 20:00," 1,287.20 ",N
12/5/2024 21:00," 1,448.80 ",N
12/5/2024 22:00," 1,248.80 ",O
12/5/2024 23:00," 1,272.80 ",O
12/6/2024 0:00," 1,412.00 ",O
12/6/2024 1:00," 1,366.40 ",O
12/6/2024 2:00," 1,345.60 ",O
12/6/2024 3:00," 1,445.60 ",O
12/6/2024 4:00," 1,436.00 ",N
12/6/2024 5:00," 1,366.40 ",N
12/6/2024 6:00," 1,041.60 ",N
12/6/2024 7:00," 1,319.13 ",N
12/6/2024 8:00, 889.01 ,N
12/6/2024 9:00," 1,469.34 ",N
12/6/2024 10:00," 1,714.76 ",P
12/6/2024 11:00," 1,647.54 ",P
12/6/2024 12:00," 1,465.73 ",N
12/6/2024 13:00," 1,506.16 ",N
12/6/2024 14:00," 1,621.22 ",N
12/6/2024 15:00," 1,662.85 ",N
12/6/2024 16:00," 1,580.40 ",N
12/6/2024 17:00," 1,155.73 ",P
12/6/2024 18:00," 1,545.60 ",P
12/6/2024 19:00," 1,300.00 ",P
12/6/2024 20:00," 1,517.60 ",N
12/6/2024 21:00," 1,541.60 ",N
12/6/2024 22:00," 1,264.80 ",O
12/6/2024 23:00," 1,515.20 ",O
12/7/2024 0:00," 1,142.40 ",O
12/7/2024 1:00," 1,111.20 ",O
12/7/2024 2:00," 1,584.80 ",O
12/7/2024 3:00," 1,384.00 ",O
12/7/2024 4:00," 1,290.40 ",N
12/7/2024 5:00," 1,424.00 ",N
12/7/2024 6:00," 1,168.80 ",N
12/7/2024 7:00," 1,085.64 ",N
12/7/2024 8:00," 1,060.78 ",N
12/7/2024 9:00," 1,138.27 ",N
12/7/2024 10:00," 1,033.83 ",P
12/7/2024 11:00," 1,090.43 ",P
12/7/2024 12:00," 1,135.24 ",N
12/7/2024 13:00," 1,171.85 ",N
12/7/2024 14:00," 1,104.48 ",N
12/7/2024 15:00, 224.46 ,N
12/7/2024 16:00, 183.44 ,N
12/7/2024 17:00, 160.06 ,P
12/7/2024 18:00, 206.40 ,P
12/7/2024 19:00, 149.60 ,P
12/7/2024 20:00, 116.00 ,N
12/7/2024 21:00, 109.60 ,N
12/7/2024 22:00, 99.20 ,O
12/7/2024 23:00, 108.80 ,O
12/8/2024 0:00, 100.80 ,O
12/8/2024 1:00, 109.60 ,O
12/8/2024 2:00, 100.00 ,O
12/8/2024 3:00, 104.00 ,O
12/8/2024 4:00, 93.60 ,N
12/8/2024 5:00, 101.60 ,N
12/8/2024 6:00, 93.60 ,N
12/8/2024 7:00, 100.01 ,N
12/8/2024 8:00, 218.57 ,N
12/8/2024 9:00, 955.56 ,N
12/8/2024 10:00," 1,162.17 ",N
12/8/2024 11:00," 1,591.08 ",N
12/8/2024 12:00," 1,379.82 ",N
12/8/2024 13:00," 1,610.81 ",N
12/8/2024 14:00," 1,808.05 ",N
12/8/2024 15:00," 2,055.56 ",N
12/8/2024 16:00," 1,608.96 ",N
12/8/2024 17:00," 1,527.33 ",N
12/8/2024 18:00," 1,779.20 ",N
12/8/2024 19:00," 1,836.80 ",N
12/8/2024 20:00," 1,579.20 ",N
12/8/2024 21:00," 1,553.60 ",N
12/8/2024 22:00," 1,396.00 ",O
12/8/2024 23:00," 1,387.20 ",O
12/9/2024 0:00," 1,321.60 ",O
12/9/2024 1:00," 1,526.40 ",O
12/9/2024 2:00," 1,572.00 ",O
12/9/2024 3:00," 1,433.60 ",O
12/9/2024 4:00," 1,316.00 ",N
12/9/2024 5:00," 1,384.80 ",N
12/9/2024 6:00," 1,184.80 ",N
12/9/2024 7:00," 1,308.64 ",N
12/9/2024 8:00," 1,418.79 ",N
12/9/2024 9:00," 1,582.28 ",N
12/9/2024 10:00," 1,549.68 ",P
12/9/2024 11:00," 1,523.62 ",P
12/9/2024 12:00," 1,514.18 ",N
12/9/2024 13:00," 1,331.15 ",N
12/9/2024 14:00," 1,245.74 ",N
12/9/2024 15:00," 1,236.83 ",N
12/9/2024 16:00," 1,300.33 ",N
12/9/2024 17:00," 1,367.21 ",P
12/9/2024 18:00," 1,213.60 ",P
12/9/2024 19:00," 1,144.80 ",P
12/9/2024 20:00," 1,432.00 ",N
12/9/2024 21:00," 1,488.80 ",N
12/9/2024 22:00," 1,432.80 ",O
12/9/2024 23:00," 1,107.20 ",O
12/10/2024 0:00," 1,325.60 ",O
12/10/2024 1:00," 1,274.40 ",O
12/10/2024 2:00," 1,459.20 ",O
12/10/2024 3:00," 1,384.80 ",O
12/10/2024 4:00," 1,256.00 ",N
12/10/2024 5:00," 1,425.60 ",N
12/10/2024 6:00, 991.20 ,N
12/10/2024 7:00, 982.40 ,N
12/10/2024 8:00," 1,106.57 ",N
12/10/2024 9:00," 1,162.38 ",N
12/10/2024 10:00, 957.50 ,P
12/10/2024 11:00," 1,301.61 ",P
12/10/2024 12:00," 1,278.00 ",N
12/10/2024 13:00," 1,638.09 ",N
12/10/2024 14:00," 1,340.07 ",N
12/10/2024 15:00," 1,262.20 ",N
12/10/2024 16:00," 1,317.57 ",N
12/10/2024 17:00," 1,073.54 ",P
12/10/2024 18:00, 968.00 ,P
12/10/2024 19:00," 1,704.80 ",P
12/10/2024 20:00," 1,280.00 ",N
12/10/2024 21:00, 953.60 ,N
12/10/2024 22:00," 1,074.40 ",O
12/10/2024 23:00," 1,128.00 ",O
12/11/2024 0:00," 1,326.40 ",O
12/11/2024 1:00," 1,213.60 ",O
12/11/2024 2:00, 932.00 ,O
12/11/2024 3:00," 1,318.40 ",O
12/11/2024 4:00," 1,150.40 ",N
12/11/2024 5:00," 1,121.60 ",N
12/11/2024 6:00," 1,252.80 ",N
12/11/2024 7:00," 1,217.41 ",N
12/11/2024 8:00," 1,302.10 ",N
12/11/2024 9:00," 1,274.01 ",N
12/11/2024 10:00," 1,359.02 ",P
12/11/2024 11:00," 1,360.94 ",P
12/11/2024 12:00," 1,309.39 ",N
12/11/2024 13:00," 1,346.76 ",N
12/11/2024 14:00," 1,666.96 ",N
12/11/2024 15:00," 1,629.51 ",N
12/11/2024 16:00," 1,510.97 ",N
12/11/2024 17:00," 1,715.06 ",P
12/11/2024 18:00," 1,569.60 ",P
12/11/2024 19:00," 1,138.40 ",P
12/11/2024 20:00," 1,421.60 ",N
12/11/2024 21:00," 1,424.80 ",N
12/11/2024 22:00," 1,243.20 ",O
12/11/2024 23:00," 1,226.40 ",O
12/12/2024 0:00, 871.20 ,O
12/12/2024 1:00," 1,341.60 ",O
12/12/2024 2:00," 1,340.00 ",O
12/12/2024 3:00," 1,356.00 ",O
12/12/2024 4:00," 1,612.00 ",N
12/12/2024 5:00," 1,690.40 ",N
12/12/2024 6:00," 1,544.80 ",N
12/12/2024 7:00," 1,215.15 ",N
12/12/2024 8:00," 1,492.13 ",N
12/12/2024 9:00," 1,882.66 ",N
12/12/2024 10:00," 1,450.77 ",P
12/12/2024 11:00," 1,737.05 ",P
12/12/2024 12:00," 1,360.51 ",N
12/12/2024 13:00," 1,346.55 ",N
12/12/2024 14:00," 1,602.58 ",N
12/12/2024 15:00," 1,371.93 ",N
12/12/2024 16:00," 1,617.23 ",N
12/12/2024 17:00," 1,416.26 ",P
12/12/2024 18:00," 1,540.80 ",P
12/12/2024 19:00," 1,249.60 ",P
12/12/2024 20:00," 1,344.00 ",N
12/12/2024 21:00," 1,529.60 ",N
12/12/2024 22:00," 1,204.00 ",O
12/12/2024 23:00," 1,254.40 ",O
12/13/2024 0:00," 1,176.80 ",O
12/13/2024 1:00," 1,458.40 ",O
12/13/2024 2:00," 1,106.40 ",O
12/13/2024 3:00," 1,453.60 ",O
12/13/2024 4:00," 1,477.60 ",N
12/13/2024 5:00," 1,080.00 ",N
12/13/2024 6:00," 1,225.60 ",N
12/13/2024 7:00, 918.67 ,N
12/13/2024 8:00," 1,374.39 ",N
12/13/2024 9:00," 1,560.35 ",N
12/13/2024 10:00," 1,797.14 ",P
12/13/2024 11:00," 1,185.15 ",P
12/13/2024 12:00," 1,448.41 ",N
12/13/2024 13:00," 1,481.71 ",N
12/13/2024 14:00, 915.48 ,N
12/13/2024 15:00," 1,225.41 ",N
12/13/2024 16:00," 1,517.16 ",N
12/13/2024 17:00," 1,563.60 ",P
12/13/2024 18:00," 1,392.00 ",P
12/13/2024 19:00," 1,641.60 ",P
12/13/2024 20:00," 1,546.40 ",N
12/13/2024 21:00," 1,494.40 ",N
12/13/2024 22:00," 1,361.60 ",O
12/13/2024 23:00," 1,280.80 ",O
12/14/2024 0:00," 1,408.00 ",O
12/14/2024 1:00," 1,036.80 ",O
12/14/2024 2:00," 1,119.20 ",O
12/14/2024 3:00," 1,168.00 ",O
12/14/2024 4:00," 1,204.80 ",N
12/14/2024 5:00," 1,127.20 ",N
12/14/2024 6:00," 1,190.40 ",N
12/14/2024 7:00, 210.34 ,N
12/14/2024 8:00, 101.18 ,N
12/14/2024 9:00, -  ,N
12/14/2024 10:00, -  ,P
12/14/2024 11:00, -  ,P
12/14/2024 12:00, -  ,N
12/14/2024 13:00, -  ,N
12/14/2024 14:00, -  ,N
12/14/2024 15:00, -  ,N
12/14/2024 16:00, -  ,N
12/14/2024 17:00, -  ,P
12/14/2024 18:00, -  ,P
12/14/2024 19:00, -  ,P
12/14/2024 20:00, 137.60 ,N
12/14/2024 21:00, 224.00 ,N
12/14/2024 22:00, 279.20 ,O
12/14/2024 23:00, 275.20 ,O
12/15/2024 0:00, 272.00 ,O
12/15/2024 1:00, 291.20 ,O
12/15/2024 2:00, 199.20 ,O
12/15/2024 3:00, 207.20 ,O
12/15/2024 4:00, 285.60 ,N
12/15/2024 5:00, 264.00 ,N
12/15/2024 6:00, 318.40 ,N
12/15/2024 7:00, 138.49 ,N
12/15/2024 8:00, 740.54 ,N
12/15/2024 9:00," 1,328.62 ",N
12/15/2024 10:00," 1,321.97 ",N
12/15/2024 11:00," 1,360.73 ",N
12/15/2024 12:00," 1,345.15 ",N
12/15/2024 13:00," 1,049.67 ",N
12/15/2024 14:00, 978.52 ,N
12/15/2024 15:00," 1,113.71 ",N
12/15/2024 16:00," 1,271.93 ",N
12/15/2024 17:00," 1,081.97 ",N
12/15/2024 18:00," 1,176.80 ",N
12/15/2024 19:00, 942.40 ,N
12/15/2024 20:00, 892.80 ,N
12/15/2024 21:00, 998.40 ,N
12/15/2024 22:00," 1,292.00 ",O
12/15/2024 23:00," 1,080.80 ",O
12/16/2024 0:00," 1,272.80 ",O
12/16/2024 1:00," 1,246.40 ",O
12/16/2024 2:00," 1,290.40 ",O
12/16/2024 3:00, 856.00 ,O
12/16/2024 4:00," 1,009.60 ",N
12/16/2024 5:00," 1,304.80 ",N
12/16/2024 6:00," 1,032.80 ",N
12/16/2024 7:00," 1,361.03 ",N
12/16/2024 8:00," 1,132.01 ",N
12/16/2024 9:00," 1,598.97 ",N
12/16/2024 10:00," 1,537.18 ",P
12/16/2024 11:00," 1,425.85 ",P
12/16/2024 12:00," 1,392.66 ",N
12/16/2024 13:00," 1,295.78 ",N
12/16/2024 14:00," 1,618.78 ",N
12/16/2024 15:00," 1,607.40 ",N
12/16/2024 16:00," 1,627.26 ",N
12/16/2024 17:00," 1,365.12 ",P
12/16/2024 18:00," 1,428.00 ",P
12/16/2024 19:00," 1,173.60 ",P
12/16/2024 20:00," 1,508.00 ",N
12/16/2024 21:00," 1,451.20 ",N
12/16/2024 22:00," 1,724.00 ",O
12/16/2024 23:00," 1,598.40 ",O
12/17/2024 0:00," 1,463.20 ",O
12/17/2024 1:00," 1,581.60 ",O
12/17/2024 2:00," 1,542.40 ",O
12/17/2024 3:00," 1,321.60 ",O
12/17/2024 4:00," 1,266.40 ",N
12/17/2024 5:00," 1,100.00 ",N
12/17/2024 6:00," 1,120.00 ",N
12/17/2024 7:00, 977.25 ,N
12/17/2024 8:00," 1,164.46 ",N
12/17/2024 9:00," 1,811.11 ",N
12/17/2024 10:00," 1,589.09 ",P
12/17/2024 11:00," 1,463.66 ",P
12/17/2024 12:00," 1,438.00 ",N
12/17/2024 13:00," 1,439.02 ",N
12/17/2024 14:00," 1,791.19 ",N
12/17/2024 15:00," 1,612.22 ",N
12/17/2024 16:00," 1,277.06 ",N
12/17/2024 17:00," 1,399.92 ",P
12/17/2024 18:00," 1,373.60 ",P
12/17/2024 19:00," 1,170.40 ",P
12/17/2024 20:00," 1,194.40 ",N
12/17/2024 21:00," 1,397.60 ",N
12/17/2024 22:00," 1,476.00 ",O
12/17/2024 23:00," 1,419.20 ",O
12/18/2024 0:00," 1,497.60 ",O
12/18/2024 1:00," 1,310.40 ",O
12/18/2024 2:00," 1,341.60 ",O
12/18/2024 3:00," 1,416.00 ",O
12/18/2024 4:00, 957.60 ,N
12/18/2024 5:00," 1,168.00 ",N
12/18/2024 6:00," 1,116.80 ",N
12/18/2024 7:00," 1,100.11 ",N
12/18/2024 8:00," 1,505.13 ",N
12/18/2024 9:00," 1,372.62 ",N
12/18/2024 10:00," 1,730.81 ",P
12/18/2024 11:00," 1,451.75 ",P
12/18/2024 12:00," 1,419.61 ",N
12/18/2024 13:00," 1,566.86 ",N
12/18/2024 14:00," 1,497.73 ",N
12/18/2024 15:00," 1,156.84 ",N
12/18/2024 16:00," 1,305.36 ",N
12/18/2024 17:00," 1,419.83 ",P
12/18/2024 18:00," 1,196.00 ",P
12/18/2024 19:00," 1,183.20 ",P
12/18/2024 20:00," 1,408.80 ",N
12/18/2024 21:00," 1,412.00 ",N
12/18/2024 22:00," 1,347.20 ",O
12/18/2024 23:00," 1,276.00 ",O
12/19/2024 0:00," 1,184.00 ",O
12/19/2024 1:00," 1,453.60 ",O
12/19/2024 2:00," 1,312.80 ",O
12/19/2024 3:00," 1,127.20 ",O
12/19/2024 4:00," 1,457.60 ",N
12/19/2024 5:00," 1,394.40 ",N
12/19/2024 6:00," 1,288.80 ",N
12/19/2024 7:00," 1,161.10 ",N
12/19/2024 8:00, 829.11 ,N
12/19/2024 9:00," 1,028.64 ",N
12/19/2024 10:00," 1,605.52 ",P
12/19/2024 11:00," 1,388.83 ",P
12/19/2024 12:00," 1,422.42 ",N
12/19/2024 13:00," 1,624.99 ",N
12/19/2024 14:00," 1,558.05 ",N
12/19/2024 15:00," 1,796.17 ",N
12/19/2024 16:00," 1,733.95 ",N
12/19/2024 17:00," 1,379.82 ",P
12/19/2024 18:00," 1,425.60 ",P
12/19/2024 19:00," 1,449.60 ",P
12/19/2024 20:00," 1,551.20 ",N
12/19/2024 21:00," 1,432.80 ",N
12/19/2024 22:00," 1,576.80 ",O
12/19/2024 23:00," 1,746.40 ",O
12/20/2024 0:00, 704.00 ,O
12/20/2024 1:00, 883.20 ,O
12/20/2024 2:00," 1,075.20 ",O
12/20/2024 3:00, 876.80 ,O
12/20/2024 4:00, 927.20 ,N
12/20/2024 5:00, 720.80 ,N
12/20/2024 6:00, 638.40 ,N
12/20/2024 7:00, 622.72 ,N
12/20/2024 8:00, 603.32 ,N
12/20/2024 9:00," 1,098.46 ",N
12/20/2024 10:00, 979.05 ,P
12/20/2024 11:00, 716.92 ,P
12/20/2024 12:00, 680.17 ,N
12/20/2024 13:00, 780.33 ,N
12/20/2024 14:00, 882.58 ,N
12/20/2024 15:00, 842.75 ,N
12/20/2024 16:00, 490.41 ,N
12/20/2024 17:00, 678.56 ,P
12/20/2024 18:00, 853.60 ,P
12/20/2024 19:00, 705.60 ,P
12/20/2024 20:00, 828.80 ,N
12/20/2024 21:00, 820.00 ,N
12/20/2024 22:00, 755.20 ,O
12/20/2024 23:00, 697.60 ,O
12/21/2024 0:00," 1,381.60 ",O
12/21/2024 1:00," 1,472.00 ",O
12/21/2024 2:00," 1,526.40 ",O
12/21/2024 3:00," 1,505.60 ",O
12/21/2024 4:00," 1,336.80 ",N
12/21/2024 5:00," 1,504.00 ",N
12/21/2024 6:00," 1,156.80 ",N
12/21/2024 7:00, 151.28 ,N
12/21/2024 8:00, 203.77 ,N
12/21/2024 9:00, 271.41 ,N
12/21/2024 10:00, 225.68 ,P
12/21/2024 11:00, 210.89 ,P
12/21/2024 12:00, 235.76 ,N
12/21/2024 13:00, 236.03 ,N
12/21/2024 14:00, 258.89 ,N
12/21/2024 15:00, 263.91 ,N
12/21/2024 16:00, 505.29 ,N
12/21/2024 17:00, 457.79 ,P
12/21/2024 18:00, 296.00 ,P
12/21/2024 19:00, 264.80 ,P
12/21/2024 20:00, 239.20 ,N
12/21/2024 21:00, 282.40 ,N
12/21/2024 22:00, 237.60 ,O
12/21/2024 23:00, 223.20 ,O
12/22/2024 0:00, 259.20 ,O
12/22/2024 1:00, 218.40 ,O
12/22/2024 2:00, 200.00 ,O
12/22/2024 3:00, 210.40 ,O
12/22/2024 4:00, 123.20 ,N
12/22/2024 5:00, 180.00 ,N
12/22/2024 6:00, 153.60 ,N
12/22/2024 7:00, 243.99 ,N
12/22/2024 8:00, 437.88 ,N
12/22/2024 9:00, 969.51 ,N
12/22/2024 10:00," 1,470.64 ",N
12/22/2024 11:00," 1,520.34 ",N
12/22/2024 12:00," 1,436.09 ",N
12/22/2024 13:00," 1,653.25 ",N
12/22/2024 14:00," 1,597.99 ",N
12/22/2024 15:00," 1,630.98 ",N
12/22/2024 16:00," 1,716.67 ",N
12/22/2024 17:00," 1,572.74 ",N
12/22/2024 18:00," 1,589.60 ",N
12/22/2024 19:00," 1,557.60 ",N
12/22/2024 20:00," 1,602.40 ",N
12/22/2024 21:00," 1,444.00 ",N
12/22/2024 22:00," 1,375.20 ",O
12/22/2024 23:00," 1,093.60 ",O
12/23/2024 0:00," 1,228.00 ",O
12/23/2024 1:00," 1,288.00 ",O
12/23/2024 2:00," 1,141.60 ",O
12/23/2024 3:00," 1,294.40 ",O
12/23/2024 4:00," 1,065.60 ",N
12/23/2024 5:00, 829.60 ,N
12/23/2024 6:00," 1,029.60 ",N
12/23/2024 7:00, 822.31 ,N
12/23/2024 8:00, 592.19 ,N
12/23/2024 9:00, 240.54 ,N
12/23/2024 10:00, 160.73 ,P
12/23/2024 11:00, 234.46 ,P
12/23/2024 12:00, 799.11 ,N
12/23/2024 13:00," 1,280.09 ",N
12/23/2024 14:00," 1,234.24 ",N
12/23/2024 15:00," 1,396.75 ",N
12/23/2024 16:00," 1,167.43 ",N
12/23/2024 17:00," 1,508.66 ",P
12/23/2024 18:00," 1,127.20 ",P
12/23/2024 19:00," 1,019.20 ",P
12/23/2024 20:00," 1,018.40 ",N
12/23/2024 21:00," 1,072.00 ",N
12/23/2024 22:00," 1,246.40 ",O
12/23/2024 23:00," 1,248.00 ",O
12/24/2024 0:00," 1,350.40 ",O
12/24/2024 1:00," 1,180.80 ",O
12/24/2024 2:00," 1,263.20 ",O
12/24/2024 3:00, 924.00 ,O
12/24/2024 4:00," 1,158.40 ",N
12/24/2024 5:00, 944.80 ,N
12/24/2024 6:00," 1,162.40 ",N
12/24/2024 7:00," 1,102.33 ",N
12/24/2024 8:00," 1,299.19 ",N
12/24/2024 9:00," 1,255.15 ",N
12/24/2024 10:00," 1,741.65 ",P
12/24/2024 11:00," 1,714.98 ",P
12/24/2024 12:00," 1,914.01 ",N
12/24/2024 13:00," 1,870.71 ",N
12/24/2024 14:00," 1,783.81 ",N
12/24/2024 15:00," 2,019.64 ",N
12/24/2024 16:00," 1,410.31 ",N
12/24/2024 17:00," 1,651.09 ",P
12/24/2024 18:00," 1,632.00 ",P
12/24/2024 19:00," 1,364.80 ",P
12/24/2024 20:00," 1,691.20 ",N
12/24/2024 21:00," 1,349.60 ",N
12/24/2024 22:00," 1,433.60 ",O
12/24/2024 23:00," 1,556.00 ",O
12/25/2024 0:00," 1,457.60 ",O
12/25/2024 1:00," 1,494.40 ",O
12/25/2024 2:00," 1,759.20 ",O
12/25/2024 3:00," 1,729.60 ",O
12/25/2024 4:00," 1,414.40 ",N
12/25/2024 5:00," 1,408.80 ",N
12/25/2024 6:00," 1,471.20 ",N
12/25/2024 7:00," 1,645.75 ",N
12/25/2024 8:00," 1,196.19 ",N
12/25/2024 9:00," 1,139.33 ",N
12/25/2024 10:00," 1,201.10 ",P
12/25/2024 11:00," 1,464.69 ",P
12/25/2024 12:00," 1,491.29 ",N
12/25/2024 13:00," 1,221.94 ",N
12/25/2024 14:00," 1,440.76 ",N
12/25/2024 15:00," 1,143.13 ",N
12/25/2024 16:00," 1,279.82 ",N
12/25/2024 17:00," 1,197.79 ",P
12/25/2024 18:00, 973.60 ,P
12/25/2024 19:00," 1,392.00 ",P
12/25/2024 20:00, 827.20 ,N
12/25/2024 21:00," 1,307.20 ",N
12/25/2024 22:00, 978.40 ,O
12/25/2024 23:00," 1,164.80 ",O
12/26/2024 0:00," 1,192.00 ",O
12/26/2024 1:00," 1,257.60 ",O
12/26/2024 2:00," 1,376.80 ",O
12/26/2024 3:00," 1,199.20 ",O
12/26/2024 4:00," 1,092.80 ",N
12/26/2024 5:00," 1,172.80 ",N
12/26/2024 6:00," 1,270.40 ",N
12/26/2024 7:00," 1,082.23 ",N
12/26/2024 8:00," 1,267.43 ",N
12/26/2024 9:00," 1,460.39 ",N
12/26/2024 10:00," 1,254.56 ",P
12/26/2024 11:00," 1,447.71 ",P
12/26/2024 12:00," 1,292.07 ",N
12/26/2024 13:00," 1,332.41 ",N
12/26/2024 14:00," 1,699.68 ",N
12/26/2024 15:00," 1,738.90 ",N
12/26/2024 16:00," 1,656.80 ",N
12/26/2024 17:00," 1,844.46 ",P
12/26/2024 18:00," 1,589.60 ",P
12/26/2024 19:00," 1,539.20 ",P
12/26/2024 20:00," 1,721.60 ",N
12/26/2024 21:00," 1,580.00 ",N
12/26/2024 22:00," 1,633.60 ",O
12/26/2024 23:00," 1,402.40 ",O
12/27/2024 0:00," 1,166.40 ",O
12/27/2024 1:00, 950.40 ,O
12/27/2024 2:00," 1,228.80 ",O
12/27/2024 3:00," 1,433.60 ",O
12/27/2024 4:00," 1,112.80 ",N
12/27/2024 5:00," 1,390.40 ",N
12/27/2024 6:00," 1,300.00 ",N
12/27/2024 7:00," 1,239.89 ",N
12/27/2024 8:00," 1,372.87 ",N
12/27/2024 9:00," 1,438.05 ",N
12/27/2024 10:00," 1,474.88 ",P
12/27/2024 11:00," 1,655.25 ",P
12/27/2024 12:00," 1,465.83 ",N
12/27/2024 13:00," 1,372.88 ",N
12/27/2024 14:00," 1,501.38 ",N
12/27/2024 15:00," 1,727.81 ",N
12/27/2024 16:00," 1,880.42 ",N
12/27/2024 17:00," 1,581.08 ",P
12/27/2024 18:00," 1,718.40 ",P
12/27/2024 19:00," 1,398.40 ",P
12/27/2024 20:00," 1,615.20 ",N
12/27/2024 21:00," 1,388.00 ",N
12/27/2024 22:00," 1,260.00 ",O
12/27/2024 23:00," 1,138.40 ",O
12/28/2024 0:00," 1,516.00 ",O
12/28/2024 1:00," 1,427.20 ",O
12/28/2024 2:00," 1,350.40 ",O
12/28/2024 3:00," 1,424.80 ",O
12/28/2024 4:00," 1,365.60 ",N
12/28/2024 5:00," 1,286.40 ",N
12/28/2024 6:00," 1,076.80 ",N
12/28/2024 7:00, 900.70 ,N
12/28/2024 8:00," 1,097.20 ",N
12/28/2024 9:00," 1,366.66 ",N
12/28/2024 10:00," 1,227.29 ",P
12/28/2024 11:00," 1,383.57 ",P
12/28/2024 12:00," 1,468.26 ",N
12/28/2024 13:00," 1,027.48 ",N
12/28/2024 14:00," 1,438.06 ",N
12/28/2024 15:00, 621.67 ,N
12/28/2024 16:00, 592.39 ,N
12/28/2024 17:00, 255.34 ,P
12/28/2024 18:00, 254.40 ,P
12/28/2024 19:00, 272.00 ,P
12/28/2024 20:00, 180.00 ,N
12/28/2024 21:00, 245.60 ,N
12/28/2024 22:00, 105.60 ,O
12/28/2024 23:00, 99.20 ,O
12/29/2024 0:00, 91.20 ,O
12/29/2024 1:00, 98.40 ,O
12/29/2024 2:00, 89.60 ,O
12/29/2024 3:00, 95.20 ,O
12/29/2024 4:00, 91.20 ,N
12/29/2024 5:00, 96.80 ,N
12/29/2024 6:00, 77.60 ,N
12/29/2024 7:00, 94.05 ,N
12/29/2024 8:00, 825.92 ,N
12/29/2024 9:00," 1,285.58 ",N
12/29/2024 10:00," 1,403.54 ",N
12/29/2024 11:00," 1,280.11 ",N
12/29/2024 12:00," 1,122.52 ",N
12/29/2024 13:00," 1,380.96 ",N
12/29/2024 14:00," 1,395.62 ",N
12/29/2024 15:00," 1,382.82 ",N
12/29/2024 16:00," 1,035.20 ",N
12/29/2024 17:00," 1,041.06 ",N
12/29/2024 18:00," 1,022.40 ",N
12/29/2024 19:00," 1,182.40 ",N
12/29/2024 20:00," 1,686.40 ",N
12/29/2024 21:00, 897.60 ,N
12/29/2024 22:00," 1,217.60 ",O
12/29/2024 23:00," 1,290.40 ",O
12/30/2024 0:00," 1,120.00 ",O
12/30/2024 1:00," 1,036.80 ",O
12/30/2024 2:00," 1,090.40 ",O
12/30/2024 3:00," 1,088.00 ",O
12/30/2024 4:00," 1,287.20 ",N
12/30/2024 5:00," 1,304.80 ",N
12/30/2024 6:00," 1,274.40 ",N
12/30/2024 7:00," 1,022.55 ",N
12/30/2024 8:00," 1,026.46 ",N
12/30/2024 9:00," 1,278.24 ",N
12/30/2024 10:00," 1,288.46 ",P
12/30/2024 11:00," 1,351.62 ",P
12/30/2024 12:00," 1,146.70 ",N
12/30/2024 13:00," 1,487.27 ",N
12/30/2024 14:00," 1,161.04 ",N
12/30/2024 15:00," 1,604.11 ",N
12/30/2024 16:00," 1,704.87 ",N
12/30/2024 17:00," 1,368.02 ",P
12/30/2024 18:00," 1,372.80 ",P
12/30/2024 19:00," 1,204.80 ",P
12/30/2024 20:00," 1,449.60 ",N
12/30/2024 21:00," 1,340.00 ",N
12/30/2024 22:00," 1,208.00 ",O
12/30/2024 23:00," 1,216.00 ",O
